step,junction_id,active_vehicles,avg_speed_kmh,avg_waiting_time_s,max_waiting_time_s,queue_length_m,halting_vehicles,previous_queue_m,queue_delta,signal_phase,time_of_day_s,future_queue_5min_m,will_congest_5min,run_id
6.0,J2,4,44.97,0.0,0.0,0.0,0,0.0,0.0,0,6.0,30.0,0,0
6.0,J3,4,44.97,0.0,0.0,0.0,0,0.0,0.0,0,6.0,7.5,0,0
6.0,J1,4,44.97,0.0,0.0,0.0,0,0.0,0.0,0,6.0,45.0,1,0
7.0,J2,4,43.39,0.0,0.0,0.0,0,0.0,0.0,0,7.0,30.0,0,0
7.0,J3,4,43.39,0.0,0.0,0.0,0,0.0,0.0,0,7.0,7.5,0,0
7.0,J1,4,43.39,0.0,0.0,0.0,0,0.0,0.0,0,7.0,45.0,1,0
8.0,J2,5,45.07,0.0,0.0,0.0,0,0.0,0.0,0,8.0,30.0,0,0
8.0,J3,5,45.07,0.0,0.0,0.0,0,0.0,0.0,0,8.0,7.5,0,0
8.0,J1,5,45.07,0.0,0.0,0.0,0,0.0,0.0,0,8.0,45.0,1,0
9.0,J2,5,44.31,0.0,0.0,0.0,0,0.0,0.0,0,9.0,30.0,0,0
9.0,J3,5,44.31,0.0,0.0,0.0,0,0.0,0.0,0,9.0,7.5,0,0
9.0,J1,5,44.31,0.0,0.0,0.0,0,0.0,0.0,0,9.0,45.0,1,0
10.0,J2,5,43.14,0.0,0.0,0.0,0,0.0,0.0,0,10.0,30.0,0,0
10.0,J3,5,43.14,0.0,0.0,0.0,0,0.0,0.0,0,10.0,7.5,0,0
10.0,J1,5,43.14,0.0,0.0,0.0,0,0.0,0.0,0,10.0,45.0,1,0
11.0,J2,7,45.35,0.0,0.0,0.0,0,0.0,0.0,0,11.0,30.0,0,0
11.0,J3,7,45.35,0.0,0.0,0.0,0,0.0,0.0,0,11.0,7.5,0,0
11.0,J1,7,45.35,0.0,0.0,0.0,0,0.0,0.0,0,11.0,45.0,1,0
12.0,J2,8,46.77,0.0,0.0,0.0,0,0.0,0.0,0,12.0,30.0,0,0
12.0,J3,8,46.77,0.0,0.0,0.0,0,0.0,0.0,0,12.0,7.5,0,0
12.0,J1,8,46.77,0.0,0.0,0.0,0,0.0,0.0,0,12.0,45.0,1,0
13.0,J2,8,45.01,0.0,0.0,0.0,0,0.0,0.0,0,13.0,30.0,0,0
13.0,J3,8,45.01,0.0,0.0,0.0,0,0.0,0.0,0,13.0,7.5,0,0
13.0,J1,8,45.01,0.0,0.0,0.0,0,0.0,0.0,0,13.0,45.0,1,0
14.0,J2,9,45.04,0.0,0.0,0.0,0,0.0,0.0,0,14.0,30.0,0,0
14.0,J3,9,45.04,0.0,0.0,0.0,0,0.0,0.0,0,14.0,7.5,0,0
14.0,J1,9,45.04,0.0,0.0,0.0,0,0.0,0.0,0,14.0,45.0,1,0
15.0,J2,9,44.82,0.0,0.0,0.0,0,0.0,0.0,0,15.0,37.5,1,0
15.0,J3,9,44.82,0.0,0.0,0.0,0,0.0,0.0,0,15.0,7.5,0,0
15.0,J1,9,44.82,0.0,0.0,0.0,0,0.0,0.0,0,15.0,45.0,1,0
16.0,J2,9,45.05,0.0,0.0,0.0,0,0.0,0.0,0,16.0,15.0,0,0
16.0,J3,9,45.05,0.0,0.0,0.0,0,0.0,0.0,0,16.0,7.5,0,0
16.0,J1,9,45.05,0.0,0.0,0.0,0,0.0,0.0,0,16.0,30.0,0,0
17.0,J2,10,44.77,0.0,0.0,0.0,0,0.0,0.0,0,17.0,0.0,0,0
17.0,J3,10,44.77,0.0,0.0,0.0,0,0.0,0.0,0,17.0,7.5,0,0
17.0,J1,10,44.77,0.0,0.0,0.0,0,0.0,0.0,0,17.0,30.0,0,0
18.0,J2,11,43.54,0.0,0.0,0.0,0,0.0,0.0,0,18.0,15.0,0,0
18.0,J3,11,43.54,0.0,0.0,0.0,0,0.0,0.0,0,18.0,7.5,0,0
18.0,J1,11,43.54,0.0,0.0,0.0,0,0.0,0.0,0,18.0,37.5,1,0
19.0,J2,11,43.13,0.0,0.0,0.0,0,0.0,0.0,0,19.0,22.5,0,0
19.0,J3,11,43.13,0.0,0.0,0.0,0,0.0,0.0,0,19.0,7.5,0,0
19.0,J1,11,43.13,0.0,0.0,0.0,0,0.0,0.0,0,19.0,37.5,1,0
20.0,J2,12,44.1,0.0,0.0,0.0,0,0.0,0.0,0,20.0,30.0,0,0
20.0,J3,12,44.1,0.0,0.0,0.0,0,0.0,0.0,0,20.0,7.5,0,0
20.0,J1,12,44.1,0.0,0.0,0.0,0,0.0,0.0,0,20.0,37.5,1,0
21.0,J2,12,43.92,0.0,0.0,0.0,0,0.0,0.0,0,21.0,30.0,0,0
21.0,J3,12,43.92,0.0,0.0,0.0,0,0.0,0.0,0,21.0,15.0,0,0
21.0,J1,12,43.92,0.0,0.0,0.0,0,0.0,0.0,0,21.0,37.5,1,0
22.0,J2,12,43.97,0.0,0.0,0.0,0,0.0,0.0,0,22.0,37.5,1,0
22.0,J3,12,43.97,0.0,0.0,0.0,0,0.0,0.0,0,22.0,22.5,0,0
22.0,J1,12,43.97,0.0,0.0,0.0,0,0.0,0.0,0,22.0,37.5,1,0
23.0,J2,12,43.95,0.0,0.0,0.0,0,0.0,0.0,0,23.0,45.0,1,0
23.0,J3,12,43.95,0.0,0.0,0.0,0,0.0,0.0,0,23.0,22.5,0,0
23.0,J1,12,43.95,0.0,0.0,0.0,0,0.0,0.0,0,23.0,37.5,1,0
24.0,J2,13,43.4,0.0,0.0,0.0,0,0.0,0.0,0,24.0,45.0,1,0
24.0,J3,13,43.4,0.0,0.0,0.0,0,0.0,0.0,0,24.0,22.5,0,0
24.0,J1,13,43.4,0.0,0.0,0.0,0,0.0,0.0,0,24.0,37.5,1,0
25.0,J2,13,42.95,0.0,0.0,0.0,0,0.0,0.0,0,25.0,52.5,1,0
25.0,J3,13,42.95,0.0,0.0,0.0,0,0.0,0.0,0,25.0,30.0,0,0
25.0,J1,13,42.95,0.0,0.0,0.0,0,0.0,0.0,0,25.0,37.5,1,0
26.0,J2,13,43.17,0.0,0.0,0.0,0,0.0,0.0,0,26.0,52.5,1,0
26.0,J3,13,43.17,0.0,0.0,0.0,0,0.0,0.0,0,26.0,30.0,0,0
26.0,J1,13,43.17,0.0,0.0,0.0,0,0.0,0.0,0,26.0,37.5,1,0
27.0,J2,13,43.52,0.0,0.0,0.0,0,0.0,0.0,0,27.0,52.5,1,0
27.0,J3,13,43.52,0.0,0.0,0.0,0,0.0,0.0,0,27.0,30.0,0,0
27.0,J1,13,43.52,0.0,0.0,0.0,0,0.0,0.0,0,27.0,37.5,1,0
28.0,J2,13,42.9,0.0,0.0,0.0,0,0.0,0.0,0,28.0,52.5,1,0
28.0,J3,13,42.9,0.0,0.0,0.0,0,0.0,0.0,0,28.0,30.0,0,0
28.0,J1,13,42.9,0.0,0.0,0.0,0,0.0,0.0,0,28.0,45.0,1,0
29.0,J2,13,42.97,0.0,0.0,0.0,0,0.0,0.0,0,29.0,52.5,1,0
29.0,J3,13,42.97,0.0,0.0,0.0,0,0.0,0.0,0,29.0,30.0,0,0
29.0,J1,13,42.97,0.0,0.0,0.0,0,0.0,0.0,0,29.0,45.0,1,0
30.0,J2,13,43.33,0.0,0.0,0.0,0,0.0,0.0,0,30.0,52.5,1,0
30.0,J3,13,43.33,0.0,0.0,0.0,0,0.0,0.0,0,30.0,30.0,0,0
30.0,J1,13,43.33,0.0,0.0,0.0,0,0.0,0.0,0,30.0,45.0,1,0
31.0,J2,13,43.4,0.0,0.0,0.0,0,0.0,0.0,0,31.0,60.0,1,0
31.0,J3,13,43.4,0.0,0.0,0.0,0,0.0,0.0,0,31.0,30.0,0,0
31.0,J1,13,43.4,0.0,0.0,0.0,0,0.0,0.0,0,31.0,45.0,1,0
32.0,J2,15,44.3,0.0,0.0,0.0,0,0.0,0.0,0,32.0,60.0,1,0
32.0,J3,15,44.3,0.0,0.0,0.0,0,0.0,0.0,0,32.0,30.0,0,0
32.0,J1,15,44.3,0.0,0.0,0.0,0,0.0,0.0,0,32.0,45.0,1,0
33.0,J2,16,44.29,0.0,0.0,0.0,0,0.0,0.0,0,33.0,60.0,1,0
33.0,J3,16,44.29,0.0,0.0,0.0,0,0.0,0.0,0,33.0,30.0,0,0
33.0,J1,16,44.29,0.0,0.0,0.0,0,0.0,0.0,0,33.0,52.5,1,0
34.0,J2,16,43.98,0.0,0.0,0.0,0,0.0,0.0,0,34.0,60.0,1,0
34.0,J3,16,43.98,0.0,0.0,0.0,0,0.0,0.0,0,34.0,30.0,0,0
34.0,J1,16,43.98,0.0,0.0,0.0,0,0.0,0.0,0,34.0,52.5,1,0
35.0,J2,16,43.55,0.0,0.0,0.0,0,0.0,0.0,0,35.0,60.0,1,0
35.0,J3,16,43.55,0.0,0.0,0.0,0,0.0,0.0,0,35.0,30.0,0,0
35.0,J1,16,43.55,0.0,0.0,0.0,0,0.0,0.0,0,35.0,52.5,1,0
36.0,J2,16,44.04,0.0,0.0,0.0,0,0.0,0.0,0,36.0,67.5,1,0
36.0,J3,16,44.04,0.0,0.0,0.0,0,0.0,0.0,0,36.0,30.0,0,0
36.0,J1,16,44.04,0.0,0.0,0.0,0,0.0,0.0,0,36.0,52.5,1,0
37.0,J2,16,44.16,0.0,0.0,0.0,0,0.0,0.0,0,37.0,67.5,1,0
37.0,J3,16,44.16,0.0,0.0,0.0,0,0.0,0.0,0,37.0,30.0,0,0
37.0,J1,16,44.16,0.0,0.0,0.0,0,0.0,0.0,0,37.0,52.5,1,0
38.0,J2,17,43.66,0.0,0.0,0.0,0,0.0,0.0,0,38.0,67.5,1,0
38.0,J3,17,43.66,0.0,0.0,0.0,0,0.0,0.0,0,38.0,30.0,0,0
38.0,J1,17,43.66,0.0,0.0,0.0,0,0.0,0.0,0,38.0,60.0,1,0
39.0,J2,18,42.89,0.0,0.0,0.0,0,0.0,0.0,0,39.0,67.5,1,0
39.0,J3,18,42.89,0.0,0.0,0.0,0,0.0,0.0,0,39.0,30.0,0,0
39.0,J1,18,42.89,0.0,0.0,0.0,0,0.0,0.0,0,39.0,60.0,1,0
40.0,J2,20,42.76,0.0,0.0,0.0,0,0.0,0.0,0,40.0,67.5,1,0
40.0,J3,20,42.76,0.0,0.0,0.0,0,0.0,0.0,0,40.0,30.0,0,0
40.0,J1,20,42.76,0.0,0.0,0.0,0,0.0,0.0,0,40.0,67.5,1,0
41.0,J2,21,41.67,0.0,0.0,0.0,0,0.0,0.0,0,41.0,67.5,1,0
41.0,J3,21,41.67,0.0,0.0,0.0,0,0.0,0.0,0,41.0,45.0,1,0
41.0,J1,21,41.67,0.0,0.0,0.0,0,0.0,0.0,0,41.0,67.5,1,0
42.0,J2,22,42.04,0.0,0.0,0.0,0,0.0,0.0,0,42.0,67.5,1,0
42.0,J3,22,42.04,0.0,0.0,0.0,0,0.0,0.0,0,42.0,45.0,1,0
42.0,J1,22,42.04,0.0,0.0,0.0,0,0.0,0.0,0,42.0,67.5,1,0
43.0,J2,24,41.73,0.04,1.0,7.5,1,0.0,7.5,1,43.0,67.5,1,0
43.0,J3,24,41.73,0.04,1.0,0.0,0,0.0,0.0,1,43.0,45.0,1,0
43.0,J1,24,41.73,0.04,1.0,0.0,0,0.0,0.0,1,43.0,67.5,1,0
44.0,J2,24,41.65,0.08,2.0,7.5,1,0.0,7.5,1,44.0,67.5,1,0
44.0,J3,24,41.65,0.08,2.0,0.0,0,0.0,0.0,1,44.0,45.0,1,0
44.0,J1,24,41.65,0.08,2.0,0.0,0,0.0,0.0,1,44.0,67.5,1,0
45.0,J2,25,42.0,0.12,3.0,7.5,1,0.0,7.5,1,45.0,67.5,1,0
45.0,J3,25,42.0,0.12,3.0,0.0,0,0.0,0.0,1,45.0,45.0,1,0
45.0,J1,25,42.0,0.12,3.0,0.0,0,0.0,0.0,1,45.0,67.5,1,0
46.0,J2,26,42.11,0.0,0.0,0.0,0,0.0,0.0,2,46.0,67.5,1,0
46.0,J3,26,42.11,0.0,0.0,0.0,0,0.0,0.0,2,46.0,45.0,1,0
46.0,J1,26,42.11,0.0,0.0,0.0,0,0.0,0.0,2,46.0,67.5,1,0
47.0,J2,27,42.36,0.0,0.0,0.0,0,0.0,0.0,2,47.0,67.5,1,0
47.0,J3,27,42.36,0.0,0.0,0.0,0,0.0,0.0,2,47.0,45.0,1,0
47.0,J1,27,42.36,0.0,0.0,0.0,0,0.0,0.0,2,47.0,67.5,1,0
48.0,J2,27,41.34,0.0,0.0,0.0,0,7.5,-7.5,2,48.0,67.5,1,0
48.0,J3,27,41.34,0.0,0.0,0.0,0,0.0,0.0,2,48.0,45.0,1,0
48.0,J1,27,41.34,0.0,0.0,0.0,0,0.0,0.0,2,48.0,67.5,1,0
49.0,J2,27,40.63,0.0,0.0,0.0,0,7.5,-7.5,2,49.0,67.5,1,0
49.0,J3,27,40.63,0.0,0.0,0.0,0,0.0,0.0,2,49.0,45.0,1,0
49.0,J1,27,40.63,0.0,0.0,0.0,0,0.0,0.0,2,49.0,75.0,1,0
50.0,J2,27,39.69,0.0,0.0,0.0,0,7.5,-7.5,2,50.0,67.5,1,0
50.0,J3,27,39.69,0.0,0.0,0.0,0,0.0,0.0,2,50.0,45.0,1,0
50.0,J1,27,39.69,0.0,0.0,0.0,0,0.0,0.0,2,50.0,75.0,1,0
51.0,J2,28,40.09,0.07,1.0,0.0,0,0.0,0.0,2,51.0,67.5,1,0
51.0,J3,28,40.09,0.07,1.0,15.0,2,0.0,15.0,2,51.0,45.0,1,0
51.0,J1,28,40.09,0.07,1.0,0.0,0,0.0,0.0,2,51.0,82.5,1,0
52.0,J2,28,40.41,0.14,2.0,0.0,0,0.0,0.0,2,52.0,82.5,1,0
52.0,J3,28,40.41,0.14,2.0,15.0,2,0.0,15.0,2,52.0,52.5,1,0
52.0,J1,28,40.41,0.14,2.0,0.0,0,0.0,0.0,2,52.0,90.0,1,0
53.0,J2,28,40.05,0.21,3.0,0.0,0,0.0,0.0,2,53.0,75.0,1,0
53.0,J3,28,40.05,0.21,3.0,15.0,2,0.0,15.0,2,53.0,60.0,1,0
53.0,J1,28,40.05,0.21,3.0,0.0,0,0.0,0.0,2,53.0,97.5,1,0
54.0,J2,28,40.29,0.29,4.0,0.0,0,0.0,0.0,2,54.0,75.0,1,0
54.0,J3,28,40.29,0.29,4.0,15.0,2,0.0,15.0,2,54.0,67.5,1,0
54.0,J1,28,40.29,0.29,4.0,0.0,0,0.0,0.0,2,54.0,97.5,1,0
55.0,J2,28,39.93,0.36,5.0,0.0,0,0.0,0.0,2,55.0,75.0,1,0
55.0,J3,28,39.93,0.36,5.0,15.0,2,0.0,15.0,2,55.0,67.5,1,0
55.0,J1,28,39.93,0.36,5.0,0.0,0,0.0,0.0,2,55.0,97.5,1,0
56.0,J2,28,39.6,0.43,6.0,0.0,0,0.0,0.0,2,56.0,75.0,1,0
56.0,J3,28,39.6,0.43,6.0,15.0,2,15.0,0.0,2,56.0,67.5,1,0
56.0,J1,28,39.6,0.43,6.0,0.0,0,0.0,0.0,2,56.0,97.5,1,0
57.0,J2,28,39.14,0.5,7.0,0.0,0,0.0,0.0,2,57.0,75.0,1,0
57.0,J3,28,39.14,0.5,7.0,15.0,2,15.0,0.0,2,57.0,67.5,1,0
57.0,J1,28,39.14,0.5,7.0,0.0,0,0.0,0.0,2,57.0,105.0,1,0
58.0,J2,28,38.52,0.57,8.0,0.0,0,0.0,0.0,2,58.0,82.5,1,0
58.0,J3,28,38.52,0.57,8.0,15.0,2,15.0,0.0,2,58.0,67.5,1,0
58.0,J1,28,38.52,0.57,8.0,0.0,0,0.0,0.0,2,58.0,105.0,1,0
59.0,J2,28,38.74,0.64,9.0,0.0,0,0.0,0.0,2,59.0,82.5,1,0
59.0,J3,28,38.74,0.64,9.0,15.0,2,15.0,0.0,2,59.0,67.5,1,0
59.0,J1,28,38.74,0.64,9.0,0.0,0,0.0,0.0,2,59.0,105.0,1,0
60.0,J2,28,38.13,0.71,10.0,0.0,0,0.0,0.0,2,60.0,82.5,1,0
60.0,J3,28,38.13,0.71,10.0,15.0,2,15.0,0.0,2,60.0,75.0,1,0
60.0,J1,28,38.13,0.71,10.0,0.0,0,0.0,0.0,2,60.0,105.0,1,0
61.0,J2,28,37.39,0.82,11.0,0.0,0,0.0,0.0,2,61.0,37.5,1,0
61.0,J3,28,37.39,0.82,11.0,15.0,2,15.0,0.0,2,61.0,52.5,1,0
61.0,J1,28,37.39,0.82,11.0,7.5,1,0.0,7.5,2,61.0,60.0,1,0
62.0,J2,28,37.79,0.93,12.0,0.0,0,0.0,0.0,2,62.0,15.0,0,0
62.0,J3,28,37.79,0.93,12.0,15.0,2,15.0,0.0,2,62.0,15.0,0,0
62.0,J1,28,37.79,0.93,12.0,7.5,1,0.0,7.5,2,62.0,30.0,0,0
63.0,J2,28,37.37,1.04,13.0,0.0,0,0.0,0.0,2,63.0,7.5,0,0
63.0,J3,28,37.37,1.04,13.0,15.0,2,15.0,0.0,2,63.0,0.0,0,0
63.0,J1,28,37.37,1.04,13.0,7.5,1,0.0,7.5,2,63.0,7.5,0,0
64.0,J2,28,37.47,1.18,14.0,0.0,0,0.0,0.0,2,64.0,0.0,0,0
64.0,J3,28,37.47,1.18,14.0,22.5,3,15.0,7.5,2,64.0,0.0,0,0
64.0,J1,28,37.47,1.18,14.0,7.5,1,0.0,7.5,2,64.0,0.0,0,0
65.0,J2,28,37.24,1.32,15.0,0.0,0,0.0,0.0,2,65.0,0.0,0,0
65.0,J3,28,37.24,1.32,15.0,22.5,3,15.0,7.5,2,65.0,0.0,0,0
65.0,J1,28,37.24,1.32,15.0,7.5,1,0.0,7.5,2,65.0,0.0,0,0
66.0,J2,28,37.07,1.46,16.0,0.0,0,0.0,0.0,2,66.0,0.0,0,0
66.0,J3,28,37.07,1.46,16.0,22.5,3,15.0,7.5,2,66.0,7.5,0,0
66.0,J1,28,37.07,1.46,16.0,7.5,1,7.5,0.0,2,66.0,0.0,0,0
67.0,J2,28,37.0,1.61,17.0,0.0,0,0.0,0.0,2,67.0,0.0,0,0
67.0,J3,28,37.0,1.61,17.0,22.5,3,15.0,7.5,2,67.0,7.5,0,0
67.0,J1,28,37.0,1.61,17.0,7.5,1,7.5,0.0,2,67.0,0.0,0,0
68.0,J2,28,36.16,1.75,18.0,0.0,0,0.0,0.0,2,68.0,0.0,0,0
68.0,J3,28,36.16,1.75,18.0,22.5,3,15.0,7.5,2,68.0,7.5,0,0
68.0,J1,28,36.16,1.75,18.0,7.5,1,7.5,0.0,2,68.0,0.0,0,0
69.0,J2,28,35.36,1.89,19.0,0.0,0,0.0,0.0,2,69.0,0.0,0,0
69.0,J3,28,35.36,1.89,19.0,22.5,3,22.5,0.0,2,69.0,7.5,0,0
69.0,J1,28,35.36,1.89,19.0,7.5,1,7.5,0.0,2,69.0,0.0,0,0
70.0,J2,28,35.44,2.07,20.0,0.0,0,0.0,0.0,2,70.0,0.0,0,0
70.0,J3,28,35.44,2.07,20.0,22.5,3,22.5,0.0,2,70.0,7.5,0,0
70.0,J1,28,35.44,2.07,20.0,15.0,2,7.5,7.5,2,70.0,0.0,0,0
71.0,J2,29,35.21,2.17,21.0,0.0,0,0.0,0.0,2,71.0,0.0,0,0
71.0,J3,29,35.21,2.17,21.0,22.5,3,22.5,0.0,2,71.0,7.5,0,0
71.0,J1,29,35.21,2.17,21.0,15.0,2,7.5,7.5,2,71.0,0.0,0,0
72.0,J2,29,34.3,2.34,22.0,0.0,0,0.0,0.0,2,72.0,7.5,0,0
72.0,J3,29,34.3,2.34,22.0,22.5,3,22.5,0.0,2,72.0,7.5,0,0
72.0,J1,29,34.3,2.34,22.0,15.0,2,7.5,7.5,2,72.0,0.0,0,0
73.0,J2,30,34.17,2.47,23.0,0.0,0,0.0,0.0,2,73.0,15.0,0,0
73.0,J3,30,34.17,2.47,23.0,30.0,4,22.5,7.5,2,73.0,7.5,0,0
73.0,J1,30,34.17,2.47,23.0,15.0,2,7.5,7.5,2,73.0,0.0,0,0
74.0,J2,30,33.66,2.7,24.0,0.0,0,0.0,0.0,2,74.0,15.0,0,0
74.0,J3,30,33.66,2.7,24.0,30.0,4,22.5,7.5,2,74.0,7.5,0,0
74.0,J1,30,33.66,2.7,24.0,22.5,3,7.5,15.0,2,74.0,0.0,0,0
75.0,J2,30,33.13,2.93,25.0,0.0,0,0.0,0.0,2,75.0,22.5,0,0
75.0,J3,30,33.13,2.93,25.0,30.0,4,22.5,7.5,2,75.0,15.0,0,0
75.0,J1,30,33.13,2.93,25.0,22.5,3,15.0,7.5,2,75.0,0.0,0,0
76.0,J2,30,32.5,3.17,26.0,0.0,0,0.0,0.0,2,76.0,22.5,0,0
76.0,J3,30,32.5,3.17,26.0,30.0,4,22.5,7.5,2,76.0,15.0,0,0
76.0,J1,30,32.5,3.17,26.0,22.5,3,15.0,7.5,2,76.0,0.0,0,0
77.0,J2,30,31.1,3.4,27.0,0.0,0,0.0,0.0,2,77.0,22.5,0,0
77.0,J3,30,31.1,3.4,27.0,30.0,4,22.5,7.5,2,77.0,15.0,0,0
77.0,J1,30,31.1,3.4,27.0,22.5,3,15.0,7.5,2,77.0,0.0,0,0
78.0,J2,33,32.08,3.36,28.0,0.0,0,0.0,0.0,2,78.0,22.5,0,0
78.0,J3,33,32.08,3.36,28.0,45.0,6,30.0,15.0,2,78.0,15.0,0,0
78.0,J1,33,32.08,3.36,28.0,22.5,3,15.0,7.5,2,78.0,7.5,0,0
79.0,J2,34,31.88,3.53,29.0,0.0,0,0.0,0.0,2,79.0,22.5,0,0
79.0,J3,34,31.88,3.53,29.0,45.0,6,30.0,15.0,2,79.0,15.0,0,0
79.0,J1,34,31.88,3.53,29.0,22.5,3,22.5,0.0,2,79.0,7.5,0,0
80.0,J2,34,31.77,3.79,30.0,0.0,0,0.0,0.0,2,80.0,30.0,0,0
80.0,J3,34,31.77,3.79,30.0,45.0,6,30.0,15.0,2,80.0,15.0,0,0
80.0,J1,34,31.77,3.79,30.0,22.5,3,22.5,0.0,2,80.0,7.5,0,0
81.0,J2,34,31.52,4.06,31.0,0.0,0,0.0,0.0,2,81.0,30.0,0,0
81.0,J3,34,31.52,4.06,31.0,45.0,6,30.0,15.0,2,81.0,15.0,0,0
81.0,J1,34,31.52,4.06,31.0,22.5,3,22.5,0.0,2,81.0,7.5,0,0
82.0,J2,34,30.54,4.35,32.0,7.5,1,0.0,7.5,2,82.0,30.0,0,0
82.0,J3,34,30.54,4.35,32.0,45.0,6,30.0,15.0,2,82.0,15.0,0,0
82.0,J1,34,30.54,4.35,32.0,22.5,3,22.5,0.0,2,82.0,7.5,0,0
83.0,J2,35,30.83,4.51,33.0,7.5,1,0.0,7.5,2,83.0,30.0,0,0
83.0,J3,35,30.83,4.51,33.0,45.0,6,45.0,0.0,2,83.0,15.0,0,0
83.0,J1,35,30.83,4.51,33.0,22.5,3,22.5,0.0,2,83.0,15.0,0,0
84.0,J2,35,29.94,4.8,34.0,7.5,1,0.0,7.5,2,84.0,30.0,0,0
84.0,J3,35,29.94,4.8,34.0,45.0,6,45.0,0.0,2,84.0,15.0,0,0
84.0,J1,35,29.94,4.8,34.0,22.5,3,22.5,0.0,2,84.0,15.0,0,0
85.0,J2,33,26.96,5.39,35.0,7.5,1,0.0,7.5,2,85.0,37.5,1,0
85.0,J3,33,26.96,5.39,35.0,45.0,6,45.0,0.0,2,85.0,15.0,0,0
85.0,J1,33,26.96,5.39,35.0,22.5,3,22.5,0.0,2,85.0,15.0,0,0
86.0,J2,33,26.07,5.7,36.0,7.5,1,0.0,7.5,2,86.0,37.5,1,0
86.0,J3,33,26.07,5.7,36.0,45.0,6,45.0,0.0,2,86.0,15.0,0,0
86.0,J1,33,26.07,5.7,36.0,22.5,3,22.5,0.0,2,86.0,15.0,0,0
87.0,J2,32,24.88,6.22,37.0,7.5,1,7.5,0.0,2,87.0,37.5,1,0
87.0,J3,32,24.88,6.22,37.0,52.5,7,45.0,7.5,2,87.0,15.0,0,0
87.0,J1,32,24.88,6.22,37.0,22.5,3,22.5,0.0,2,87.0,15.0,0,0
88.0,J2,33,25.12,6.39,38.0,7.5,1,7.5,0.0,3,88.0,37.5,1,0
88.0,J3,33,25.12,6.39,38.0,60.0,8,45.0,15.0,3,88.0,15.0,0,0
88.0,J1,33,25.12,6.39,38.0,22.5,3,22.5,0.0,3,88.0,15.0,0,0
89.0,J2,34,25.64,6.56,39.0,7.5,1,7.5,0.0,3,89.0,37.5,1,0
89.0,J3,34,25.64,6.56,39.0,60.0,8,45.0,15.0,3,89.0,15.0,0,0
89.0,J1,34,25.64,6.56,39.0,22.5,3,22.5,0.0,3,89.0,15.0,0,0
90.0,J2,34,25.93,6.97,40.0,7.5,1,7.5,0.0,3,90.0,37.5,1,0
90.0,J3,34,25.93,6.97,40.0,75.0,10,45.0,30.0,3,90.0,15.0,0,0
90.0,J1,34,25.93,6.97,40.0,22.5,3,22.5,0.0,3,90.0,15.0,0,0
91.0,J2,34,26.94,2.56,28.0,0.0,0,7.5,-7.5,0,91.0,37.5,1,0
91.0,J3,34,26.94,2.56,28.0,52.5,7,45.0,7.5,0,91.0,15.0,0,0
91.0,J1,34,26.94,2.56,28.0,7.5,1,22.5,-15.0,0,91.0,15.0,0,0
92.0,J2,34,28.2,0.85,15.0,0.0,0,7.5,-7.5,0,92.0,37.5,1,0
92.0,J3,34,28.2,0.85,15.0,30.0,4,52.5,-22.5,0,92.0,15.0,0,0
92.0,J1,34,28.2,0.85,15.0,0.0,0,22.5,-22.5,0,92.0,15.0,0,0
93.0,J2,34,30.41,0.18,6.0,0.0,0,7.5,-7.5,0,93.0,37.5,1,0
93.0,J3,34,30.41,0.18,6.0,7.5,1,60.0,-52.5,0,93.0,15.0,0,0
93.0,J1,34,30.41,0.18,6.0,0.0,0,22.5,-22.5,0,93.0,15.0,0,0
94.0,J2,33,32.31,0.0,0.0,0.0,0,7.5,-7.5,0,94.0,37.5,1,0
94.0,J3,33,32.31,0.0,0.0,0.0,0,60.0,-60.0,0,94.0,15.0,0,0
94.0,J1,33,32.31,0.0,0.0,0.0,0,22.5,-22.5,0,94.0,15.0,0,0
95.0,J2,32,34.46,0.0,0.0,0.0,0,7.5,-7.5,0,95.0,37.5,1,0
95.0,J3,32,34.46,0.0,0.0,0.0,0,75.0,-75.0,0,95.0,15.0,0,0
95.0,J1,32,34.46,0.0,0.0,0.0,0,22.5,-22.5,0,95.0,15.0,0,0
96.0,J2,32,37.23,0.0,0.0,0.0,0,0.0,0.0,0,96.0,37.5,1,0
96.0,J3,32,37.23,0.0,0.0,0.0,0,52.5,-52.5,0,96.0,15.0,0,0
96.0,J1,32,37.23,0.0,0.0,0.0,0,7.5,-7.5,0,96.0,15.0,0,0
97.0,J2,32,39.64,0.0,0.0,0.0,0,0.0,0.0,0,97.0,52.5,1,0
97.0,J3,32,39.64,0.0,0.0,0.0,0,30.0,-30.0,0,97.0,15.0,0,0
97.0,J1,32,39.64,0.0,0.0,0.0,0,0.0,0.0,0,97.0,15.0,0,0
98.0,J2,33,40.88,0.0,0.0,0.0,0,0.0,0.0,0,98.0,52.5,1,0
98.0,J3,33,40.88,0.0,0.0,0.0,0,7.5,-7.5,0,98.0,15.0,0,0
98.0,J1,33,40.88,0.0,0.0,0.0,0,0.0,0.0,0,98.0,15.0,0,0
99.0,J2,34,41.96,0.0,0.0,0.0,0,0.0,0.0,0,99.0,52.5,1,0
99.0,J3,34,41.96,0.0,0.0,0.0,0,0.0,0.0,0,99.0,15.0,0,0
99.0,J1,34,41.96,0.0,0.0,0.0,0,0.0,0.0,0,99.0,15.0,0,0
100.0,J2,34,42.17,0.0,0.0,0.0,0,0.0,0.0,0,100.0,52.5,1,0
100.0,J3,34,42.17,0.0,0.0,0.0,0,0.0,0.0,0,100.0,15.0,0,0
100.0,J1,34,42.17,0.0,0.0,0.0,0,0.0,0.0,0,100.0,15.0,0,0
101.0,J2,34,43.04,0.0,0.0,0.0,0,0.0,0.0,0,101.0,52.5,1,0
101.0,J3,34,43.04,0.0,0.0,0.0,0,0.0,0.0,0,101.0,15.0,0,0
101.0,J1,34,43.04,0.0,0.0,0.0,0,0.0,0.0,0,101.0,15.0,0,0
102.0,J2,34,43.18,0.0,0.0,0.0,0,0.0,0.0,0,102.0,52.5,1,0
102.0,J3,34,43.18,0.0,0.0,0.0,0,0.0,0.0,0,102.0,15.0,0,0
102.0,J1,34,43.18,0.0,0.0,0.0,0,0.0,0.0,0,102.0,15.0,0,0
103.0,J2,34,43.8,0.0,0.0,0.0,0,0.0,0.0,0,103.0,52.5,1,0
103.0,J3,34,43.8,0.0,0.0,0.0,0,0.0,0.0,0,103.0,15.0,0,0
103.0,J1,34,43.8,0.0,0.0,0.0,0,0.0,0.0,0,103.0,15.0,0,0
104.0,J2,34,43.89,0.0,0.0,0.0,0,0.0,0.0,0,104.0,52.5,1,0
104.0,J3,34,43.89,0.0,0.0,0.0,0,0.0,0.0,0,104.0,15.0,0,0
104.0,J1,34,43.89,0.0,0.0,0.0,0,0.0,0.0,0,104.0,15.0,0,0
105.0,J2,34,43.46,0.0,0.0,0.0,0,0.0,0.0,0,105.0,60.0,1,0
105.0,J3,34,43.46,0.0,0.0,0.0,0,0.0,0.0,0,105.0,15.0,0,0
105.0,J1,34,43.46,0.0,0.0,0.0,0,0.0,0.0,0,105.0,15.0,0,0
106.0,J2,34,43.18,0.0,0.0,0.0,0,0.0,0.0,0,106.0,37.5,1,0
106.0,J3,34,43.18,0.0,0.0,0.0,0,0.0,0.0,0,106.0,0.0,0,0
106.0,J1,34,43.18,0.0,0.0,0.0,0,0.0,0.0,0,106.0,0.0,0,0
107.0,J2,35,42.89,0.0,0.0,0.0,0,0.0,0.0,0,107.0,22.5,0,0
107.0,J3,35,42.89,0.0,0.0,0.0,0,0.0,0.0,0,107.0,0.0,0,0
107.0,J1,35,42.89,0.0,0.0,0.0,0,0.0,0.0,0,107.0,0.0,0,0
108.0,J2,35,42.66,0.0,0.0,0.0,0,0.0,0.0,0,108.0,22.5,0,0
108.0,J3,35,42.66,0.0,0.0,0.0,0,0.0,0.0,0,108.0,0.0,0,0
108.0,J1,35,42.66,0.0,0.0,0.0,0,0.0,0.0,0,108.0,7.5,0,0
109.0,J2,37,41.98,0.0,0.0,0.0,0,0.0,0.0,0,109.0,37.5,1,0
109.0,J3,37,41.98,0.0,0.0,0.0,0,0.0,0.0,0,109.0,7.5,0,0
109.0,J1,37,41.98,0.0,0.0,0.0,0,0.0,0.0,0,109.0,15.0,0,0
110.0,J2,37,41.51,0.03,1.0,0.0,0,0.0,0.0,0,110.0,37.5,1,0
110.0,J3,37,41.51,0.03,1.0,0.0,0,0.0,0.0,0,110.0,7.5,0,0
110.0,J1,37,41.51,0.03,1.0,7.5,1,0.0,7.5,0,110.0,30.0,0,0
111.0,J2,38,42.21,0.05,2.0,0.0,0,0.0,0.0,0,111.0,45.0,1,0
111.0,J3,38,42.21,0.05,2.0,0.0,0,0.0,0.0,0,111.0,15.0,0,0
111.0,J1,38,42.21,0.05,2.0,7.5,1,0.0,7.5,0,111.0,30.0,0,0
112.0,J2,40,42.55,0.07,3.0,0.0,0,0.0,0.0,0,112.0,52.5,1,0
112.0,J3,40,42.55,0.07,3.0,0.0,0,0.0,0.0,0,112.0,15.0,0,0
112.0,J1,40,42.55,0.07,3.0,7.5,1,0.0,7.5,0,112.0,30.0,0,0
113.0,J2,40,41.65,0.1,4.0,0.0,0,0.0,0.0,0,113.0,60.0,1,0
113.0,J3,40,41.65,0.1,4.0,0.0,0,0.0,0.0,0,113.0,30.0,0,0
113.0,J1,40,41.65,0.1,4.0,7.5,1,0.0,7.5,0,113.0,30.0,0,0
114.0,J2,40,41.27,0.12,5.0,0.0,0,0.0,0.0,0,114.0,75.0,1,0
114.0,J3,40,41.27,0.12,5.0,0.0,0,0.0,0.0,0,114.0,30.0,0,0
114.0,J1,40,41.27,0.12,5.0,7.5,1,0.0,7.5,0,114.0,37.5,1,0
115.0,J2,42,40.95,0.14,6.0,0.0,0,0.0,0.0,0,115.0,90.0,1,0
115.0,J3,42,40.95,0.14,6.0,0.0,0,0.0,0.0,0,115.0,30.0,0,0
115.0,J1,42,40.95,0.14,6.0,7.5,1,7.5,0.0,0,115.0,52.5,1,0
116.0,J2,43,40.35,0.19,7.0,7.5,1,0.0,7.5,0,116.0,105.0,1,0
116.0,J3,43,40.35,0.19,7.0,0.0,0,0.0,0.0,0,116.0,30.0,0,0
116.0,J1,43,40.35,0.19,7.0,7.5,1,7.5,0.0,0,116.0,52.5,1,0
117.0,J2,42,40.46,0.24,8.0,7.5,1,0.0,7.5,0,117.0,112.5,1,0
117.0,J3,42,40.46,0.24,8.0,0.0,0,0.0,0.0,0,117.0,30.0,0,0
117.0,J1,42,40.46,0.24,8.0,7.5,1,7.5,0.0,0,117.0,52.5,1,0
118.0,J2,42,39.76,0.29,9.0,7.5,1,0.0,7.5,0,118.0,120.0,1,0
118.0,J3,42,39.76,0.29,9.0,0.0,0,0.0,0.0,0,118.0,30.0,0,0
118.0,J1,42,39.76,0.29,9.0,7.5,1,7.5,0.0,0,118.0,52.5,1,0
119.0,J2,43,39.66,0.35,10.0,15.0,2,0.0,15.0,0,119.0,120.0,1,0
119.0,J3,43,39.66,0.35,10.0,0.0,0,0.0,0.0,0,119.0,30.0,0,0
119.0,J1,43,39.66,0.35,10.0,7.5,1,7.5,0.0,0,119.0,60.0,1,0
120.0,J2,43,39.69,0.42,11.0,15.0,2,0.0,15.0,0,120.0,135.0,1,0
120.0,J3,43,39.69,0.42,11.0,0.0,0,0.0,0.0,0,120.0,30.0,0,0
120.0,J1,43,39.69,0.42,11.0,7.5,1,7.5,0.0,0,120.0,60.0,1,0
121.0,J2,43,39.37,0.49,12.0,15.0,2,7.5,7.5,0,121.0,135.0,1,0
121.0,J3,43,39.37,0.49,12.0,0.0,0,0.0,0.0,0,121.0,30.0,0,0
121.0,J1,43,39.37,0.49,12.0,7.5,1,7.5,0.0,0,121.0,60.0,1,0
122.0,J2,44,39.52,0.55,13.0,15.0,2,7.5,7.5,0,122.0,150.0,1,0
122.0,J3,44,39.52,0.55,13.0,0.0,0,0.0,0.0,0,122.0,30.0,0,0
122.0,J1,44,39.52,0.55,13.0,7.5,1,7.5,0.0,0,122.0,60.0,1,0
123.0,J2,45,39.37,0.6,14.0,15.0,2,7.5,7.5,0,123.0,150.0,1,0
123.0,J3,45,39.37,0.6,14.0,0.0,0,0.0,0.0,0,123.0,30.0,0,0
123.0,J1,45,39.37,0.6,14.0,7.5,1,7.5,0.0,0,123.0,60.0,1,0
124.0,J2,44,39.12,0.7,15.0,15.0,2,15.0,0.0,0,124.0,150.0,1,0
124.0,J3,44,39.12,0.7,15.0,0.0,0,0.0,0.0,0,124.0,30.0,0,0
124.0,J1,44,39.12,0.7,15.0,15.0,2,7.5,7.5,0,124.0,60.0,1,0
125.0,J2,44,38.34,0.8,16.0,15.0,2,15.0,0.0,0,125.0,150.0,1,0
125.0,J3,44,38.34,0.8,16.0,0.0,0,0.0,0.0,0,125.0,30.0,0,0
125.0,J1,44,38.34,0.8,16.0,15.0,2,7.5,7.5,0,125.0,60.0,1,0
126.0,J2,44,37.78,0.89,17.0,15.0,2,15.0,0.0,0,126.0,150.0,1,0
126.0,J3,44,37.78,0.89,17.0,0.0,0,0.0,0.0,0,126.0,30.0,0,0
126.0,J1,44,37.78,0.89,17.0,15.0,2,7.5,7.5,0,126.0,60.0,1,0
127.0,J2,44,37.56,1.0,18.0,15.0,2,15.0,0.0,0,127.0,150.0,1,0
127.0,J3,44,37.56,1.0,18.0,0.0,0,0.0,0.0,0,127.0,30.0,0,0
127.0,J1,44,37.56,1.0,18.0,22.5,3,7.5,15.0,0,127.0,60.0,1,0
128.0,J2,44,37.02,1.11,19.0,15.0,2,15.0,0.0,0,128.0,157.5,1,0
128.0,J3,44,37.02,1.11,19.0,0.0,0,0.0,0.0,0,128.0,30.0,0,0
128.0,J1,44,37.02,1.11,19.0,22.5,3,7.5,15.0,0,128.0,60.0,1,0
129.0,J2,44,37.11,1.23,20.0,15.0,2,15.0,0.0,0,129.0,157.5,1,0
129.0,J3,44,37.11,1.23,20.0,0.0,0,0.0,0.0,0,129.0,30.0,0,0
129.0,J1,44,37.11,1.23,20.0,22.5,3,15.0,7.5,0,129.0,60.0,1,0
130.0,J2,45,37.51,1.33,21.0,15.0,2,15.0,0.0,0,130.0,157.5,1,0
130.0,J3,45,37.51,1.33,21.0,0.0,0,0.0,0.0,0,130.0,30.0,0,0
130.0,J1,45,37.51,1.33,21.0,30.0,4,15.0,15.0,0,130.0,60.0,1,0
131.0,J2,46,38.12,1.43,22.0,15.0,2,15.0,0.0,0,131.0,157.5,1,0
131.0,J3,46,38.12,1.43,22.0,0.0,0,0.0,0.0,0,131.0,37.5,1,0
131.0,J1,46,38.12,1.43,22.0,30.0,4,15.0,15.0,0,131.0,60.0,1,0
132.0,J2,47,38.14,1.53,23.0,15.0,2,15.0,0.0,0,132.0,172.5,1,0
132.0,J3,47,38.14,1.53,23.0,0.0,0,0.0,0.0,0,132.0,37.5,1,0
132.0,J1,47,38.14,1.53,23.0,30.0,4,22.5,7.5,0,132.0,60.0,1,0
133.0,J2,48,37.52,1.62,24.0,15.0,2,15.0,0.0,1,133.0,180.0,1,0
133.0,J3,48,37.52,1.62,24.0,0.0,0,0.0,0.0,1,133.0,37.5,1,0
133.0,J1,48,37.52,1.62,24.0,30.0,4,22.5,7.5,1,133.0,60.0,1,0
134.0,J2,48,36.73,1.75,25.0,15.0,2,15.0,0.0,1,134.0,180.0,1,0
134.0,J3,48,36.73,1.75,25.0,0.0,0,0.0,0.0,1,134.0,37.5,1,0
134.0,J1,48,36.73,1.75,25.0,30.0,4,22.5,7.5,1,134.0,60.0,1,0
135.0,J2,48,35.79,1.88,26.0,15.0,2,15.0,0.0,1,135.0,180.0,1,0
135.0,J3,48,35.79,1.88,26.0,0.0,0,0.0,0.0,1,135.0,37.5,1,0
135.0,J1,48,35.79,1.88,26.0,30.0,4,30.0,0.0,1,135.0,60.0,1,0
136.0,J2,48,35.62,0.17,7.0,7.5,1,15.0,-7.5,2,136.0,180.0,1,0
136.0,J3,48,35.62,0.17,7.0,0.0,0,0.0,0.0,2,136.0,37.5,1,0
136.0,J1,48,35.62,0.17,7.0,7.5,1,30.0,-22.5,2,136.0,60.0,1,0
137.0,J2,48,35.21,0.04,2.0,7.5,1,15.0,-7.5,2,137.0,187.5,1,0
137.0,J3,48,35.21,0.04,2.0,0.0,0,0.0,0.0,2,137.0,45.0,1,0
137.0,J1,48,35.21,0.04,2.0,0.0,0,30.0,-30.0,2,137.0,60.0,1,0
138.0,J2,48,35.77,0.1,3.0,22.5,3,15.0,7.5,2,138.0,187.5,1,0
138.0,J3,48,35.77,0.1,3.0,0.0,0,0.0,0.0,2,138.0,45.0,1,0
138.0,J1,48,35.77,0.1,3.0,0.0,0,30.0,-30.0,2,138.0,60.0,1,0
139.0,J2,49,35.51,0.18,4.0,30.0,4,15.0,15.0,2,139.0,202.5,1,0
139.0,J3,49,35.51,0.18,4.0,0.0,0,0.0,0.0,2,139.0,60.0,1,0
139.0,J1,49,35.51,0.18,4.0,0.0,0,30.0,-30.0,2,139.0,60.0,1,0
140.0,J2,49,35.21,0.29,5.0,37.5,5,15.0,22.5,2,140.0,202.5,1,0
140.0,J3,49,35.21,0.29,5.0,0.0,0,0.0,0.0,2,140.0,75.0,1,0
140.0,J1,49,35.21,0.29,5.0,0.0,0,30.0,-30.0,2,140.0,60.0,1,0
141.0,J2,51,35.03,0.37,6.0,37.5,5,7.5,30.0,2,141.0,202.5,1,0
141.0,J3,51,35.03,0.37,6.0,0.0,0,0.0,0.0,2,141.0,82.5,1,0
141.0,J1,51,35.03,0.37,6.0,0.0,0,7.5,-7.5,2,141.0,67.5,1,0
142.0,J2,52,34.87,0.46,7.0,37.5,5,7.5,30.0,2,142.0,202.5,1,0
142.0,J3,52,34.87,0.46,7.0,0.0,0,0.0,0.0,2,142.0,82.5,1,0
142.0,J1,52,34.87,0.46,7.0,0.0,0,0.0,0.0,2,142.0,75.0,1,0
143.0,J2,52,34.59,0.63,8.0,60.0,8,22.5,37.5,2,143.0,202.5,1,0
143.0,J3,52,34.59,0.63,8.0,7.5,1,0.0,7.5,2,143.0,90.0,1,0
143.0,J1,52,34.59,0.63,8.0,0.0,0,0.0,0.0,2,143.0,82.5,1,0
144.0,J2,52,35.04,0.81,9.0,60.0,8,30.0,30.0,2,144.0,202.5,1,0
144.0,J3,52,35.04,0.81,9.0,7.5,1,0.0,7.5,2,144.0,97.5,1,0
144.0,J1,52,35.04,0.81,9.0,0.0,0,0.0,0.0,2,144.0,82.5,1,0
145.0,J2,52,35.38,1.0,10.0,67.5,9,37.5,30.0,2,145.0,202.5,1,0
145.0,J3,52,35.38,1.0,10.0,7.5,1,0.0,7.5,2,145.0,97.5,1,0
145.0,J1,52,35.38,1.0,10.0,0.0,0,0.0,0.0,2,145.0,82.5,1,0
146.0,J2,52,35.1,1.19,11.0,67.5,9,37.5,30.0,2,146.0,202.5,1,0
146.0,J3,52,35.1,1.19,11.0,7.5,1,0.0,7.5,2,146.0,97.5,1,0
146.0,J1,52,35.1,1.19,11.0,0.0,0,0.0,0.0,2,146.0,82.5,1,0
147.0,J2,53,34.19,1.36,12.0,67.5,9,37.5,30.0,2,147.0,202.5,1,0
147.0,J3,53,34.19,1.36,12.0,7.5,1,0.0,7.5,2,147.0,97.5,1,0
147.0,J1,53,34.19,1.36,12.0,0.0,0,0.0,0.0,2,147.0,82.5,1,0
148.0,J2,54,33.51,1.54,13.0,75.0,10,60.0,15.0,2,148.0,202.5,1,0
148.0,J3,54,33.51,1.54,13.0,7.5,1,7.5,0.0,2,148.0,97.5,1,0
148.0,J1,54,33.51,1.54,13.0,0.0,0,0.0,0.0,2,148.0,82.5,1,0
149.0,J2,54,32.79,1.76,14.0,82.5,11,60.0,22.5,2,149.0,202.5,1,0
149.0,J3,54,32.79,1.76,14.0,7.5,1,7.5,0.0,2,149.0,97.5,1,0
149.0,J1,54,32.79,1.76,14.0,0.0,0,0.0,0.0,2,149.0,82.5,1,0
150.0,J2,55,32.45,1.95,15.0,82.5,11,67.5,15.0,2,150.0,202.5,1,0
150.0,J3,55,32.45,1.95,15.0,7.5,1,7.5,0.0,2,150.0,97.5,1,0
150.0,J1,55,32.45,1.95,15.0,0.0,0,0.0,0.0,2,150.0,82.5,1,0
151.0,J2,55,31.54,2.2,16.0,90.0,12,67.5,22.5,2,151.0,157.5,1,0
151.0,J3,55,31.54,2.2,16.0,15.0,2,7.5,7.5,2,151.0,52.5,1,0
151.0,J1,55,31.54,2.2,16.0,0.0,0,0.0,0.0,2,151.0,45.0,1,0
152.0,J2,55,30.87,2.45,17.0,90.0,12,67.5,22.5,2,152.0,112.5,1,0
152.0,J3,55,30.87,2.45,17.0,15.0,2,7.5,7.5,2,152.0,22.5,0,0
152.0,J1,55,30.87,2.45,17.0,0.0,0,0.0,0.0,2,152.0,15.0,0,0
153.0,J2,56,30.57,2.7,18.0,97.5,13,75.0,22.5,2,153.0,75.0,1,0
153.0,J3,56,30.57,2.7,18.0,22.5,3,7.5,15.0,2,153.0,7.5,0,0
153.0,J1,56,30.57,2.7,18.0,0.0,0,0.0,0.0,2,153.0,7.5,0,0
154.0,J2,57,30.54,2.95,19.0,105.0,14,82.5,22.5,2,154.0,60.0,1,0
154.0,J3,57,30.54,2.95,19.0,22.5,3,7.5,15.0,2,154.0,0.0,0,0
154.0,J1,57,30.54,2.95,19.0,0.0,0,0.0,0.0,2,154.0,7.5,0,0
155.0,J2,58,30.17,3.19,20.0,105.0,14,82.5,22.5,2,155.0,37.5,1,0
155.0,J3,58,30.17,3.19,20.0,22.5,3,7.5,15.0,2,155.0,0.0,0,0
155.0,J1,58,30.17,3.19,20.0,0.0,0,0.0,0.0,2,155.0,7.5,0,0
156.0,J2,58,29.85,3.48,21.0,105.0,14,90.0,15.0,2,156.0,15.0,0,0
156.0,J3,58,29.85,3.48,21.0,22.5,3,15.0,7.5,2,156.0,0.0,0,0
156.0,J1,58,29.85,3.48,21.0,0.0,0,0.0,0.0,2,156.0,15.0,0,0
157.0,J2,59,30.06,3.71,22.0,105.0,14,90.0,15.0,2,157.0,7.5,0,0
157.0,J3,59,30.06,3.71,22.0,22.5,3,15.0,7.5,2,157.0,0.0,0,0
157.0,J1,59,30.06,3.71,22.0,0.0,0,0.0,0.0,2,157.0,15.0,0,0
158.0,J2,59,30.03,4.03,23.0,105.0,14,97.5,7.5,2,158.0,7.5,0,0
158.0,J3,59,30.03,4.03,23.0,30.0,4,22.5,7.5,2,158.0,0.0,0,0
158.0,J1,59,30.03,4.03,23.0,7.5,1,0.0,7.5,2,158.0,15.0,0,0
159.0,J2,59,29.89,4.36,24.0,105.0,14,105.0,0.0,2,159.0,15.0,0,0
159.0,J3,59,29.89,4.36,24.0,30.0,4,22.5,7.5,2,159.0,0.0,0,0
159.0,J1,59,29.89,4.36,24.0,7.5,1,0.0,7.5,2,159.0,22.5,0,0
160.0,J2,59,29.87,4.68,25.0,105.0,14,105.0,0.0,2,160.0,22.5,0,0
160.0,J3,59,29.87,4.68,25.0,30.0,4,22.5,7.5,2,160.0,0.0,0,0
160.0,J1,59,29.87,4.68,25.0,7.5,1,0.0,7.5,2,160.0,22.5,0,0
161.0,J2,60,29.69,4.92,26.0,105.0,14,105.0,0.0,2,161.0,22.5,0,0
161.0,J3,60,29.69,4.92,26.0,30.0,4,22.5,7.5,2,161.0,0.0,0,0
161.0,J1,60,29.69,4.92,26.0,7.5,1,0.0,7.5,2,161.0,22.5,0,0
162.0,J2,61,29.4,5.16,27.0,105.0,14,105.0,0.0,2,162.0,22.5,0,0
162.0,J3,61,29.4,5.16,27.0,37.5,5,22.5,15.0,2,162.0,0.0,0,0
162.0,J1,61,29.4,5.16,27.0,7.5,1,0.0,7.5,2,162.0,22.5,0,0
163.0,J2,62,29.38,5.4,28.0,105.0,14,105.0,0.0,2,163.0,22.5,0,0
163.0,J3,62,29.38,5.4,28.0,37.5,5,30.0,7.5,2,163.0,0.0,0,0
163.0,J1,62,29.38,5.4,28.0,7.5,1,7.5,0.0,2,163.0,22.5,0,0
164.0,J2,64,29.47,5.56,29.0,105.0,14,105.0,0.0,2,164.0,22.5,0,0
164.0,J3,64,29.47,5.56,29.0,45.0,6,30.0,15.0,2,164.0,0.0,0,0
164.0,J1,64,29.47,5.56,29.0,7.5,1,7.5,0.0,2,164.0,22.5,0,0
165.0,J2,65,29.75,5.8,30.0,105.0,14,105.0,0.0,2,165.0,22.5,0,0
165.0,J3,65,29.75,5.8,30.0,45.0,6,30.0,15.0,2,165.0,0.0,0,0
165.0,J1,65,29.75,5.8,30.0,7.5,1,7.5,0.0,2,165.0,22.5,0,0
166.0,J2,65,29.12,6.12,31.0,105.0,14,105.0,0.0,2,166.0,22.5,0,0
166.0,J3,65,29.12,6.12,31.0,45.0,6,30.0,15.0,2,166.0,0.0,0,0
166.0,J1,65,29.12,6.12,31.0,7.5,1,7.5,0.0,2,166.0,22.5,0,0
167.0,J2,66,28.65,6.35,32.0,105.0,14,105.0,0.0,2,167.0,22.5,0,0
167.0,J3,66,28.65,6.35,32.0,45.0,6,37.5,7.5,2,167.0,0.0,0,0
167.0,J1,66,28.65,6.35,32.0,7.5,1,7.5,0.0,2,167.0,22.5,0,0
168.0,J2,66,28.4,6.7,33.0,112.5,15,105.0,7.5,2,168.0,30.0,0,0
168.0,J3,66,28.4,6.7,33.0,52.5,7,37.5,15.0,2,168.0,7.5,0,0
168.0,J1,66,28.4,6.7,33.0,7.5,1,7.5,0.0,2,168.0,22.5,0,0
169.0,J2,65,27.35,7.15,34.0,112.5,15,105.0,7.5,2,169.0,37.5,1,0
169.0,J3,65,27.35,7.15,34.0,52.5,7,45.0,7.5,2,169.0,7.5,0,0
169.0,J1,65,27.35,7.15,34.0,7.5,1,7.5,0.0,2,169.0,22.5,0,0
170.0,J2,66,26.83,7.39,35.0,112.5,15,105.0,7.5,2,170.0,37.5,1,0
170.0,J3,66,26.83,7.39,35.0,52.5,7,45.0,7.5,2,170.0,7.5,0,0
170.0,J1,66,26.83,7.39,35.0,7.5,1,7.5,0.0,2,170.0,22.5,0,0
171.0,J2,66,26.35,7.77,36.0,112.5,15,105.0,7.5,2,171.0,37.5,1,0
171.0,J3,66,26.35,7.77,36.0,52.5,7,45.0,7.5,2,171.0,7.5,0,0
171.0,J1,66,26.35,7.77,36.0,22.5,3,7.5,15.0,2,171.0,22.5,0,0
172.0,J2,66,26.14,8.15,37.0,112.5,15,105.0,7.5,2,172.0,37.5,1,0
172.0,J3,66,26.14,8.15,37.0,52.5,7,45.0,7.5,2,172.0,7.5,0,0
172.0,J1,66,26.14,8.15,37.0,22.5,3,7.5,15.0,2,172.0,22.5,0,0
173.0,J2,66,26.02,8.53,38.0,112.5,15,112.5,0.0,2,173.0,37.5,1,0
173.0,J3,66,26.02,8.53,38.0,52.5,7,52.5,0.0,2,173.0,7.5,0,0
173.0,J1,66,26.02,8.53,38.0,22.5,3,7.5,15.0,2,173.0,22.5,0,0
174.0,J2,67,26.18,8.81,39.0,112.5,15,112.5,0.0,2,174.0,37.5,1,0
174.0,J3,67,26.18,8.81,39.0,52.5,7,52.5,0.0,2,174.0,7.5,0,0
174.0,J1,67,26.18,8.81,39.0,37.5,5,7.5,30.0,2,174.0,22.5,0,0
175.0,J2,69,26.65,8.94,40.0,112.5,15,112.5,0.0,2,175.0,45.0,1,0
175.0,J3,69,26.65,8.94,40.0,52.5,7,52.5,0.0,2,175.0,7.5,0,0
175.0,J1,69,26.65,8.94,40.0,37.5,5,7.5,30.0,2,175.0,22.5,0,0
176.0,J2,68,26.29,9.47,41.0,112.5,15,112.5,0.0,2,176.0,45.0,1,0
176.0,J3,68,26.29,9.47,41.0,52.5,7,52.5,0.0,2,176.0,7.5,0,0
176.0,J1,68,26.29,9.47,41.0,37.5,5,22.5,15.0,2,176.0,22.5,0,0
177.0,J2,66,25.56,10.17,42.0,112.5,15,112.5,0.0,2,177.0,45.0,1,0
177.0,J3,66,25.56,10.17,42.0,52.5,7,52.5,0.0,2,177.0,7.5,0,0
177.0,J1,66,25.56,10.17,42.0,37.5,5,22.5,15.0,2,177.0,22.5,0,0
178.0,J2,66,25.28,10.58,43.0,112.5,15,112.5,0.0,3,178.0,45.0,1,0
178.0,J3,66,25.28,10.58,43.0,52.5,7,52.5,0.0,3,178.0,7.5,0,0
178.0,J1,66,25.28,10.58,43.0,37.5,5,22.5,15.0,3,178.0,22.5,0,0
179.0,J2,64,24.44,11.33,44.0,112.5,15,112.5,0.0,3,179.0,45.0,1,0
179.0,J3,64,24.44,11.33,44.0,52.5,7,52.5,0.0,3,179.0,7.5,0,0
179.0,J1,64,24.44,11.33,44.0,37.5,5,37.5,0.0,3,179.0,22.5,0,0
180.0,J2,65,24.51,11.57,45.0,112.5,15,112.5,0.0,3,180.0,45.0,1,0
180.0,J3,65,24.51,11.57,45.0,52.5,7,52.5,0.0,3,180.0,7.5,0,0
180.0,J1,65,24.51,11.57,45.0,37.5,5,37.5,0.0,3,180.0,22.5,0,0
181.0,J2,65,25.91,5.77,39.0,67.5,9,112.5,-45.0,0,181.0,45.0,1,0
181.0,J3,65,25.91,5.77,39.0,30.0,4,52.5,-22.5,0,181.0,7.5,0,0
181.0,J1,65,25.91,5.77,39.0,7.5,1,37.5,-30.0,0,181.0,22.5,0,0
182.0,J2,67,27.99,1.96,38.0,22.5,3,112.5,-90.0,0,182.0,45.0,1,0
182.0,J3,67,27.99,1.96,38.0,15.0,2,52.5,-37.5,0,182.0,7.5,0,0
182.0,J1,67,27.99,1.96,38.0,0.0,0,37.5,-37.5,0,182.0,22.5,0,0
183.0,J2,68,29.87,0.68,30.0,7.5,1,112.5,-105.0,0,183.0,45.0,1,0
183.0,J3,68,29.87,0.68,30.0,7.5,1,52.5,-45.0,0,183.0,7.5,0,0
183.0,J1,68,29.87,0.68,30.0,0.0,0,37.5,-37.5,0,183.0,22.5,0,0
184.0,J2,70,32.13,0.0,0.0,0.0,0,112.5,-112.5,0,184.0,45.0,1,0
184.0,J3,70,32.13,0.0,0.0,0.0,0,52.5,-52.5,0,184.0,7.5,0,0
184.0,J1,70,32.13,0.0,0.0,0.0,0,37.5,-37.5,0,184.0,22.5,0,0
185.0,J2,69,33.95,0.03,1.0,7.5,1,112.5,-105.0,0,185.0,45.0,1,0
185.0,J3,69,33.95,0.03,1.0,0.0,0,52.5,-52.5,0,185.0,7.5,0,0
185.0,J1,69,33.95,0.03,1.0,0.0,0,37.5,-37.5,0,185.0,22.5,0,0
186.0,J2,68,35.77,0.07,2.0,15.0,2,67.5,-52.5,0,186.0,52.5,1,0
186.0,J3,68,35.77,0.07,2.0,0.0,0,30.0,-30.0,0,186.0,7.5,0,0
186.0,J1,68,35.77,0.07,2.0,0.0,0,7.5,-7.5,0,186.0,22.5,0,0
187.0,J2,67,36.93,0.13,3.0,22.5,3,22.5,0.0,0,187.0,52.5,1,0
187.0,J3,67,36.93,0.13,3.0,0.0,0,15.0,-15.0,0,187.0,7.5,0,0
187.0,J1,67,36.93,0.13,3.0,0.0,0,0.0,0.0,0,187.0,30.0,0,0
188.0,J2,66,37.62,0.2,4.0,22.5,3,7.5,15.0,0,188.0,52.5,1,0
188.0,J3,66,37.62,0.2,4.0,0.0,0,7.5,-7.5,0,188.0,7.5,0,0
188.0,J1,66,37.62,0.2,4.0,0.0,0,0.0,0.0,0,188.0,30.0,0,0
189.0,J2,66,37.89,0.26,5.0,22.5,3,0.0,22.5,0,189.0,52.5,1,0
189.0,J3,66,37.89,0.26,5.0,0.0,0,0.0,0.0,0,189.0,7.5,0,0
189.0,J1,66,37.89,0.26,5.0,0.0,0,0.0,0.0,0,189.0,30.0,0,0
190.0,J2,65,37.77,0.32,6.0,22.5,3,7.5,15.0,0,190.0,52.5,1,0
190.0,J3,65,37.77,0.32,6.0,0.0,0,0.0,0.0,0,190.0,7.5,0,0
190.0,J1,65,37.77,0.32,6.0,0.0,0,0.0,0.0,0,190.0,30.0,0,0
191.0,J2,65,37.79,0.32,7.0,15.0,2,15.0,0.0,0,191.0,52.5,1,0
191.0,J3,65,37.79,0.32,7.0,0.0,0,0.0,0.0,0,191.0,7.5,0,0
191.0,J1,65,37.79,0.32,7.0,7.5,1,0.0,7.5,0,191.0,30.0,0,0
192.0,J2,67,37.84,0.39,8.0,22.5,3,22.5,0.0,0,192.0,52.5,1,0
192.0,J3,67,37.84,0.39,8.0,0.0,0,0.0,0.0,0,192.0,7.5,0,0
192.0,J1,67,37.84,0.39,8.0,7.5,1,0.0,7.5,0,192.0,30.0,0,0
193.0,J2,68,38.32,0.35,9.0,22.5,3,22.5,0.0,0,193.0,52.5,1,0
193.0,J3,68,38.32,0.35,9.0,0.0,0,0.0,0.0,0,193.0,7.5,0,0
193.0,J1,68,38.32,0.35,9.0,22.5,3,0.0,22.5,0,193.0,30.0,0,0
194.0,J2,69,38.73,0.43,10.0,22.5,3,22.5,0.0,0,194.0,60.0,1,0
194.0,J3,69,38.73,0.43,10.0,0.0,0,0.0,0.0,0,194.0,7.5,0,0
194.0,J1,69,38.73,0.43,10.0,22.5,3,0.0,22.5,0,194.0,30.0,0,0
195.0,J2,70,39.22,0.51,11.0,22.5,3,22.5,0.0,0,195.0,67.5,1,0
195.0,J3,70,39.22,0.51,11.0,0.0,0,0.0,0.0,0,195.0,7.5,0,0
195.0,J1,70,39.22,0.51,11.0,22.5,3,0.0,22.5,0,195.0,30.0,0,0
196.0,J2,70,39.25,0.6,12.0,22.5,3,15.0,7.5,0,196.0,37.5,1,0
196.0,J3,70,39.25,0.6,12.0,0.0,0,0.0,0.0,0,196.0,0.0,0,0
196.0,J1,70,39.25,0.6,12.0,22.5,3,7.5,15.0,0,196.0,7.5,0,0
197.0,J2,70,39.5,0.69,13.0,22.5,3,22.5,0.0,0,197.0,37.5,1,0
197.0,J3,70,39.5,0.69,13.0,0.0,0,0.0,0.0,0,197.0,0.0,0,0
197.0,J1,70,39.5,0.69,13.0,22.5,3,7.5,15.0,0,197.0,0.0,0,0
198.0,J2,69,39.58,0.78,14.0,22.5,3,22.5,0.0,0,198.0,45.0,1,0
198.0,J3,69,39.58,0.78,14.0,0.0,0,0.0,0.0,0,198.0,0.0,0,0
198.0,J1,69,39.58,0.78,14.0,22.5,3,22.5,0.0,0,198.0,7.5,0,0
199.0,J2,68,39.19,0.88,15.0,22.5,3,22.5,0.0,0,199.0,30.0,0,0
199.0,J3,68,39.19,0.88,15.0,0.0,0,0.0,0.0,0,199.0,7.5,0,0
199.0,J1,68,39.19,0.88,15.0,22.5,3,22.5,0.0,0,199.0,15.0,0,0
200.0,J2,68,38.9,0.97,16.0,22.5,3,22.5,0.0,0,200.0,37.5,1,0
200.0,J3,68,38.9,0.97,16.0,0.0,0,0.0,0.0,0,200.0,15.0,0,0
200.0,J1,68,38.9,0.97,16.0,22.5,3,22.5,0.0,0,200.0,22.5,0,0
201.0,J2,69,38.78,1.04,17.0,22.5,3,22.5,0.0,0,201.0,52.5,1,0
201.0,J3,69,38.78,1.04,17.0,0.0,0,0.0,0.0,0,201.0,30.0,0,0
201.0,J1,69,38.78,1.04,17.0,22.5,3,22.5,0.0,0,201.0,22.5,0,0
202.0,J2,68,38.45,1.15,18.0,22.5,3,22.5,0.0,0,202.0,60.0,1,0
202.0,J3,68,38.45,1.15,18.0,0.0,0,0.0,0.0,0,202.0,37.5,1,0
202.0,J1,68,38.45,1.15,18.0,22.5,3,22.5,0.0,0,202.0,22.5,0,0
203.0,J2,68,38.03,1.24,19.0,22.5,3,22.5,0.0,0,203.0,67.5,1,0
203.0,J3,68,38.03,1.24,19.0,0.0,0,0.0,0.0,0,203.0,52.5,1,0
203.0,J1,68,38.03,1.24,19.0,22.5,3,22.5,0.0,0,203.0,22.5,0,0
204.0,J2,69,37.4,1.3,20.0,22.5,3,22.5,0.0,0,204.0,67.5,1,0
204.0,J3,69,37.4,1.3,20.0,0.0,0,0.0,0.0,0,204.0,52.5,1,0
204.0,J1,69,37.4,1.3,20.0,22.5,3,22.5,0.0,0,204.0,22.5,0,0
205.0,J2,69,36.95,1.42,21.0,37.5,5,22.5,15.0,0,205.0,67.5,1,0
205.0,J3,69,36.95,1.42,21.0,0.0,0,0.0,0.0,0,205.0,75.0,1,0
205.0,J1,69,36.95,1.42,21.0,22.5,3,22.5,0.0,0,205.0,22.5,0,0
206.0,J2,69,36.65,1.54,22.0,37.5,5,22.5,15.0,0,206.0,67.5,1,0
206.0,J3,69,36.65,1.54,22.0,0.0,0,0.0,0.0,0,206.0,82.5,1,0
206.0,J1,69,36.65,1.54,22.0,22.5,3,22.5,0.0,0,206.0,30.0,0,0
207.0,J2,69,36.32,1.67,23.0,37.5,5,22.5,15.0,0,207.0,67.5,1,0
207.0,J3,69,36.32,1.67,23.0,0.0,0,0.0,0.0,0,207.0,90.0,1,0
207.0,J1,69,36.32,1.67,23.0,30.0,4,22.5,7.5,0,207.0,30.0,0,0
208.0,J2,69,36.02,1.81,24.0,45.0,6,22.5,22.5,0,208.0,75.0,1,0
208.0,J3,69,36.02,1.81,24.0,0.0,0,0.0,0.0,0,208.0,97.5,1,0
208.0,J1,69,36.02,1.81,24.0,30.0,4,22.5,7.5,0,208.0,30.0,0,0
209.0,J2,69,35.98,1.97,25.0,52.5,7,22.5,30.0,0,209.0,75.0,1,0
209.0,J3,69,35.98,1.97,25.0,0.0,0,0.0,0.0,0,209.0,105.0,1,0
209.0,J1,69,35.98,1.97,25.0,30.0,4,22.5,7.5,0,209.0,30.0,0,0
210.0,J2,69,36.37,2.13,26.0,52.5,7,37.5,15.0,0,210.0,75.0,1,0
210.0,J3,69,36.37,2.13,26.0,0.0,0,0.0,0.0,0,210.0,127.5,1,0
210.0,J1,69,36.37,2.13,26.0,30.0,4,22.5,7.5,0,210.0,30.0,0,0
211.0,J2,69,36.43,2.29,27.0,52.5,7,37.5,15.0,0,211.0,82.5,1,0
211.0,J3,69,36.43,2.29,27.0,0.0,0,0.0,0.0,0,211.0,142.5,1,0
211.0,J1,69,36.43,2.29,27.0,30.0,4,22.5,7.5,0,211.0,30.0,0,0
212.0,J2,69,36.32,2.45,28.0,52.5,7,37.5,15.0,0,212.0,82.5,1,0
212.0,J3,69,36.32,2.45,28.0,0.0,0,0.0,0.0,0,212.0,157.5,1,0
212.0,J1,69,36.32,2.45,28.0,30.0,4,30.0,0.0,0,212.0,30.0,0,0
213.0,J2,69,36.19,2.61,29.0,52.5,7,45.0,7.5,0,213.0,90.0,1,0
213.0,J3,69,36.19,2.61,29.0,0.0,0,0.0,0.0,0,213.0,157.5,1,0
213.0,J1,69,36.19,2.61,29.0,30.0,4,30.0,0.0,0,213.0,30.0,0,0
214.0,J2,69,36.5,2.77,30.0,52.5,7,52.5,0.0,0,214.0,97.5,1,0
214.0,J3,69,36.5,2.77,30.0,0.0,0,0.0,0.0,0,214.0,180.0,1,0
214.0,J1,69,36.5,2.77,30.0,30.0,4,30.0,0.0,0,214.0,37.5,1,0
215.0,J2,69,36.39,2.93,31.0,52.5,7,52.5,0.0,0,215.0,97.5,1,0
215.0,J3,69,36.39,2.93,31.0,0.0,0,0.0,0.0,0,215.0,172.5,1,0
215.0,J1,69,36.39,2.93,31.0,30.0,4,30.0,0.0,0,215.0,52.5,1,0
216.0,J2,69,35.94,3.09,32.0,52.5,7,52.5,0.0,0,216.0,97.5,1,0
216.0,J3,69,35.94,3.09,32.0,0.0,0,0.0,0.0,0,216.0,180.0,1,0
216.0,J1,69,35.94,3.09,32.0,30.0,4,30.0,0.0,0,216.0,52.5,1,0
217.0,J2,68,35.6,3.29,33.0,52.5,7,52.5,0.0,0,217.0,97.5,1,0
217.0,J3,68,35.6,3.29,33.0,0.0,0,0.0,0.0,0,217.0,180.0,1,0
217.0,J1,68,35.6,3.29,33.0,30.0,4,30.0,0.0,0,217.0,60.0,1,0
218.0,J2,67,35.2,3.51,34.0,52.5,7,52.5,0.0,0,218.0,97.5,1,0
218.0,J3,67,35.2,3.51,34.0,0.0,0,0.0,0.0,0,218.0,180.0,1,0
218.0,J1,67,35.2,3.51,34.0,30.0,4,30.0,0.0,0,218.0,60.0,1,0
219.0,J2,67,34.84,3.69,35.0,52.5,7,52.5,0.0,0,219.0,97.5,1,0
219.0,J3,67,34.84,3.69,35.0,7.5,1,0.0,7.5,0,219.0,180.0,1,0
219.0,J1,67,34.84,3.69,35.0,30.0,4,30.0,0.0,0,219.0,60.0,1,0
220.0,J2,66,34.4,3.94,36.0,60.0,8,52.5,7.5,0,220.0,97.5,1,0
220.0,J3,66,34.4,3.94,36.0,7.5,1,0.0,7.5,0,220.0,180.0,1,0
220.0,J1,66,34.4,3.94,36.0,30.0,4,30.0,0.0,0,220.0,60.0,1,0
221.0,J2,66,33.78,4.14,37.0,60.0,8,52.5,7.5,0,221.0,97.5,1,0
221.0,J3,66,33.78,4.14,37.0,7.5,1,0.0,7.5,0,221.0,180.0,1,0
221.0,J1,66,33.78,4.14,37.0,30.0,4,30.0,0.0,0,221.0,60.0,1,0
222.0,J2,64,33.27,4.5,38.0,67.5,9,52.5,15.0,0,222.0,97.5,1,0
222.0,J3,64,33.27,4.5,38.0,7.5,1,0.0,7.5,0,222.0,180.0,1,0
222.0,J1,64,33.27,4.5,38.0,37.5,5,30.0,7.5,0,222.0,60.0,1,0
223.0,J2,64,31.81,4.75,39.0,75.0,10,52.5,22.5,1,223.0,97.5,1,0
223.0,J3,64,31.81,4.75,39.0,7.5,1,0.0,7.5,1,223.0,180.0,1,0
223.0,J1,64,31.81,4.75,39.0,37.5,5,30.0,7.5,1,223.0,60.0,1,0
224.0,J2,64,30.64,5.0,40.0,75.0,10,52.5,22.5,1,224.0,97.5,1,0
224.0,J3,64,30.64,5.0,40.0,7.5,1,7.5,0.0,1,224.0,180.0,1,0
224.0,J1,64,30.64,5.0,40.0,37.5,5,30.0,7.5,1,224.0,60.0,1,0
225.0,J2,64,28.74,5.25,41.0,75.0,10,60.0,15.0,1,225.0,97.5,1,0
225.0,J3,64,28.74,5.25,41.0,7.5,1,7.5,0.0,1,225.0,180.0,1,0
225.0,J1,64,28.74,5.25,41.0,37.5,5,30.0,7.5,1,225.0,60.0,1,0
226.0,J2,65,28.01,1.48,22.0,45.0,6,60.0,-15.0,2,226.0,97.5,1,0
226.0,J3,65,28.01,1.48,22.0,7.5,1,7.5,0.0,2,226.0,187.5,1,0
226.0,J1,65,28.01,1.48,22.0,7.5,1,30.0,-22.5,2,226.0,60.0,1,0
227.0,J2,65,28.0,0.26,8.0,15.0,2,67.5,-52.5,2,227.0,105.0,1,0
227.0,J3,65,28.0,0.26,8.0,15.0,2,7.5,7.5,2,227.0,187.5,1,0
227.0,J1,65,28.0,0.26,8.0,7.5,1,37.5,-30.0,2,227.0,60.0,1,0
228.0,J2,65,27.56,0.17,3.0,7.5,1,75.0,-67.5,2,228.0,105.0,1,0
228.0,J3,65,27.56,0.17,3.0,22.5,3,7.5,15.0,2,228.0,195.0,1,0
228.0,J1,65,27.56,0.17,3.0,22.5,3,37.5,-15.0,2,228.0,60.0,1,0
229.0,J2,65,27.03,0.29,4.0,15.0,2,75.0,-60.0,2,229.0,105.0,1,0
229.0,J3,65,27.03,0.29,4.0,22.5,3,7.5,15.0,2,229.0,195.0,1,0
229.0,J1,65,27.03,0.29,4.0,22.5,3,37.5,-15.0,2,229.0,60.0,1,0
230.0,J2,65,26.59,0.45,5.0,22.5,3,75.0,-52.5,2,230.0,112.5,1,0
230.0,J3,65,26.59,0.45,5.0,22.5,3,7.5,15.0,2,230.0,195.0,1,0
230.0,J1,65,26.59,0.45,5.0,30.0,4,37.5,-7.5,2,230.0,60.0,1,0
231.0,J2,66,27.38,0.65,6.0,37.5,5,45.0,-7.5,2,231.0,120.0,1,0
231.0,J3,66,27.38,0.65,6.0,30.0,4,7.5,22.5,2,231.0,195.0,1,0
231.0,J1,66,27.38,0.65,6.0,37.5,5,7.5,30.0,2,231.0,60.0,1,0
232.0,J2,67,27.64,0.88,7.0,45.0,6,15.0,30.0,2,232.0,120.0,1,0
232.0,J3,67,27.64,0.88,7.0,30.0,4,15.0,15.0,2,232.0,195.0,1,0
232.0,J1,67,27.64,0.88,7.0,45.0,6,7.5,37.5,2,232.0,82.5,1,0
233.0,J2,67,27.42,1.15,8.0,52.5,7,7.5,45.0,2,233.0,120.0,1,0
233.0,J3,67,27.42,1.15,8.0,30.0,4,22.5,7.5,2,233.0,195.0,1,0
233.0,J1,67,27.42,1.15,8.0,52.5,7,22.5,30.0,2,233.0,90.0,1,0
234.0,J2,69,27.5,1.42,9.0,60.0,8,15.0,45.0,2,234.0,120.0,1,0
234.0,J3,69,27.5,1.42,9.0,45.0,6,22.5,22.5,2,234.0,195.0,1,0
234.0,J1,69,27.5,1.42,9.0,52.5,7,22.5,30.0,2,234.0,90.0,1,0
235.0,J2,69,27.18,1.72,10.0,60.0,8,22.5,37.5,2,235.0,120.0,1,0
235.0,J3,69,27.18,1.72,10.0,45.0,6,22.5,22.5,2,235.0,195.0,1,0
235.0,J1,69,27.18,1.72,10.0,52.5,7,30.0,22.5,2,235.0,90.0,1,0
236.0,J2,69,26.9,2.07,11.0,67.5,9,37.5,30.0,2,236.0,120.0,1,0
236.0,J3,69,26.9,2.07,11.0,45.0,6,30.0,15.0,2,236.0,195.0,1,0
236.0,J1,69,26.9,2.07,11.0,67.5,9,37.5,30.0,2,236.0,90.0,1,0
237.0,J2,68,26.75,2.47,12.0,67.5,9,45.0,22.5,2,237.0,120.0,1,0
237.0,J3,68,26.75,2.47,12.0,45.0,6,30.0,15.0,2,237.0,195.0,1,0
237.0,J1,68,26.75,2.47,12.0,75.0,10,45.0,30.0,2,237.0,90.0,1,0
238.0,J2,70,26.72,2.76,13.0,67.5,9,52.5,15.0,2,238.0,120.0,1,0
238.0,J3,70,26.72,2.76,13.0,45.0,6,30.0,15.0,2,238.0,195.0,1,0
238.0,J1,70,26.72,2.76,13.0,75.0,10,52.5,22.5,2,238.0,90.0,1,0
239.0,J2,71,26.16,3.08,14.0,67.5,9,60.0,7.5,2,239.0,120.0,1,0
239.0,J3,71,26.16,3.08,14.0,45.0,6,45.0,0.0,2,239.0,195.0,1,0
239.0,J1,71,26.16,3.08,14.0,82.5,11,52.5,30.0,2,239.0,97.5,1,0
240.0,J2,71,25.36,3.46,15.0,67.5,9,60.0,7.5,2,240.0,120.0,1,0
240.0,J3,71,25.36,3.46,15.0,52.5,7,45.0,7.5,2,240.0,195.0,1,0
240.0,J1,71,25.36,3.46,15.0,82.5,11,52.5,30.0,2,240.0,97.5,1,0
241.0,J2,71,24.18,3.85,16.0,67.5,9,67.5,0.0,2,241.0,75.0,1,0
241.0,J3,71,24.18,3.85,16.0,52.5,7,45.0,7.5,2,241.0,157.5,1,0
241.0,J1,71,24.18,3.85,16.0,82.5,11,67.5,15.0,2,241.0,52.5,1,0
242.0,J2,71,23.74,4.27,17.0,75.0,10,67.5,7.5,2,242.0,52.5,1,0
242.0,J3,71,23.74,4.27,17.0,60.0,8,45.0,15.0,2,242.0,120.0,1,0
242.0,J1,71,23.74,4.27,17.0,90.0,12,75.0,15.0,2,242.0,15.0,0,0
243.0,J2,71,23.78,4.72,18.0,82.5,11,67.5,15.0,2,243.0,30.0,0,0
243.0,J3,71,23.78,4.72,18.0,67.5,9,45.0,22.5,2,243.0,97.5,1,0
243.0,J1,71,23.78,4.72,18.0,90.0,12,75.0,15.0,2,243.0,0.0,0,0
244.0,J2,71,23.35,5.17,19.0,82.5,11,67.5,15.0,2,244.0,7.5,0,0
244.0,J3,71,23.35,5.17,19.0,67.5,9,45.0,22.5,2,244.0,75.0,1,0
244.0,J1,71,23.35,5.17,19.0,90.0,12,82.5,7.5,2,244.0,0.0,0,0
245.0,J2,71,23.43,5.62,20.0,82.5,11,67.5,15.0,2,245.0,7.5,0,0
245.0,J3,71,23.43,5.62,20.0,67.5,9,52.5,15.0,2,245.0,60.0,1,0
245.0,J1,71,23.43,5.62,20.0,90.0,12,82.5,7.5,2,245.0,0.0,0,0
246.0,J2,71,23.04,6.07,21.0,82.5,11,67.5,15.0,2,246.0,7.5,0,0
246.0,J3,71,23.04,6.07,21.0,67.5,9,52.5,15.0,2,246.0,45.0,1,0
246.0,J1,71,23.04,6.07,21.0,90.0,12,82.5,7.5,2,246.0,7.5,0,0
247.0,J2,72,23.52,6.44,22.0,82.5,11,75.0,7.5,2,247.0,7.5,0,0
247.0,J3,72,23.52,6.44,22.0,75.0,10,60.0,15.0,2,247.0,30.0,0,0
247.0,J1,72,23.52,6.44,22.0,90.0,12,90.0,0.0,2,247.0,7.5,0,0
248.0,J2,72,23.38,6.9,23.0,82.5,11,82.5,0.0,2,248.0,15.0,0,0
248.0,J3,72,23.38,6.9,23.0,75.0,10,67.5,7.5,2,248.0,15.0,0,0
248.0,J1,72,23.38,6.9,23.0,90.0,12,90.0,0.0,2,248.0,7.5,0,0
249.0,J2,72,23.0,7.38,24.0,82.5,11,82.5,0.0,2,249.0,15.0,0,0
249.0,J3,72,23.0,7.38,24.0,75.0,10,67.5,7.5,2,249.0,15.0,0,0
249.0,J1,72,23.0,7.38,24.0,97.5,13,90.0,7.5,2,249.0,7.5,0,0
250.0,J2,73,23.49,7.74,25.0,82.5,11,82.5,0.0,2,250.0,15.0,0,0
250.0,J3,73,23.49,7.74,25.0,75.0,10,67.5,7.5,2,250.0,15.0,0,0
250.0,J1,73,23.49,7.74,25.0,97.5,13,90.0,7.5,2,250.0,7.5,0,0
251.0,J2,73,23.35,8.21,26.0,82.5,11,82.5,0.0,2,251.0,15.0,0,0
251.0,J3,73,23.35,8.21,26.0,75.0,10,67.5,7.5,2,251.0,15.0,0,0
251.0,J1,73,23.35,8.21,26.0,97.5,13,90.0,7.5,2,251.0,7.5,0,0
252.0,J2,74,23.71,8.55,27.0,82.5,11,82.5,0.0,2,252.0,15.0,0,0
252.0,J3,74,23.71,8.55,27.0,75.0,10,75.0,0.0,2,252.0,15.0,0,0
252.0,J1,74,23.71,8.55,27.0,97.5,13,90.0,7.5,2,252.0,7.5,0,0
253.0,J2,74,23.75,9.01,28.0,82.5,11,82.5,0.0,2,253.0,15.0,0,0
253.0,J3,74,23.75,9.01,28.0,75.0,10,75.0,0.0,2,253.0,15.0,0,0
253.0,J1,74,23.75,9.01,28.0,97.5,13,90.0,7.5,2,253.0,7.5,0,0
254.0,J2,75,24.0,9.35,29.0,82.5,11,82.5,0.0,2,254.0,15.0,0,0
254.0,J3,75,24.0,9.35,29.0,75.0,10,75.0,0.0,2,254.0,15.0,0,0
254.0,J1,75,24.0,9.35,29.0,97.5,13,97.5,0.0,2,254.0,7.5,0,0
255.0,J2,75,23.49,9.8,30.0,82.5,11,82.5,0.0,2,255.0,15.0,0,0
255.0,J3,75,23.49,9.8,30.0,75.0,10,75.0,0.0,2,255.0,15.0,0,0
255.0,J1,75,23.49,9.8,30.0,97.5,13,97.5,0.0,2,255.0,7.5,0,0
256.0,J2,75,23.24,10.27,31.0,90.0,12,82.5,7.5,2,256.0,15.0,0,0
256.0,J3,75,23.24,10.27,31.0,75.0,10,75.0,0.0,2,256.0,15.0,0,0
256.0,J1,75,23.24,10.27,31.0,97.5,13,97.5,0.0,2,256.0,15.0,0,0
257.0,J2,76,23.03,10.59,32.0,90.0,12,82.5,7.5,2,257.0,15.0,0,0
257.0,J3,76,23.03,10.59,32.0,75.0,10,75.0,0.0,2,257.0,15.0,0,0
257.0,J1,76,23.03,10.59,32.0,97.5,13,97.5,0.0,2,257.0,15.0,0,0
258.0,J2,76,21.99,11.05,33.0,90.0,12,82.5,7.5,2,258.0,15.0,0,0
258.0,J3,76,21.99,11.05,33.0,75.0,10,75.0,0.0,2,258.0,15.0,0,0
258.0,J1,76,21.99,11.05,33.0,97.5,13,97.5,0.0,2,258.0,15.0,0,0
259.0,J2,77,21.64,11.38,34.0,90.0,12,82.5,7.5,2,259.0,15.0,0,0
259.0,J3,77,21.64,11.38,34.0,75.0,10,75.0,0.0,2,259.0,15.0,0,0
259.0,J1,77,21.64,11.38,34.0,105.0,14,97.5,7.5,2,259.0,15.0,0,0
260.0,J2,77,21.0,11.86,35.0,97.5,13,82.5,15.0,2,260.0,15.0,0,0
260.0,J3,77,21.0,11.86,35.0,75.0,10,75.0,0.0,2,260.0,15.0,0,0
260.0,J1,77,21.0,11.86,35.0,105.0,14,97.5,7.5,2,260.0,15.0,0,0
261.0,J2,76,19.97,12.51,36.0,105.0,14,90.0,15.0,2,261.0,15.0,0,0
261.0,J3,76,19.97,12.51,36.0,75.0,10,75.0,0.0,2,261.0,15.0,0,0
261.0,J1,76,19.97,12.51,36.0,105.0,14,97.5,7.5,2,261.0,15.0,0,0
262.0,J2,76,19.28,13.01,37.0,105.0,14,90.0,15.0,2,262.0,15.0,0,0
262.0,J3,76,19.28,13.01,37.0,75.0,10,75.0,0.0,2,262.0,15.0,0,0
262.0,J1,76,19.28,13.01,37.0,105.0,14,97.5,7.5,2,262.0,15.0,0,0
263.0,J2,77,19.28,13.36,38.0,112.5,15,90.0,22.5,2,263.0,15.0,0,0
263.0,J3,77,19.28,13.36,38.0,75.0,10,75.0,0.0,2,263.0,15.0,0,0
263.0,J1,77,19.28,13.36,38.0,112.5,15,97.5,15.0,2,263.0,15.0,0,0
264.0,J2,77,19.27,13.92,39.0,120.0,16,90.0,30.0,2,264.0,15.0,0,0
264.0,J3,77,19.27,13.92,39.0,90.0,12,75.0,15.0,2,264.0,15.0,0,0
264.0,J1,77,19.27,13.92,39.0,112.5,15,105.0,7.5,2,264.0,15.0,0,0
265.0,J2,77,19.14,14.48,40.0,120.0,16,97.5,22.5,2,265.0,15.0,0,0
265.0,J3,77,19.14,14.48,40.0,90.0,12,75.0,15.0,2,265.0,15.0,0,0
265.0,J1,77,19.14,14.48,40.0,112.5,15,105.0,7.5,2,265.0,15.0,0,0
266.0,J2,76,18.81,15.24,41.0,120.0,16,105.0,15.0,2,266.0,15.0,0,0
266.0,J3,76,18.81,15.24,41.0,90.0,12,75.0,15.0,2,266.0,22.5,0,0
266.0,J1,76,18.81,15.24,41.0,112.5,15,105.0,7.5,2,266.0,15.0,0,0
267.0,J2,73,17.34,16.45,42.0,120.0,16,105.0,15.0,2,267.0,15.0,0,0
267.0,J3,73,17.34,16.45,42.0,90.0,12,75.0,15.0,2,267.0,22.5,0,0
267.0,J1,73,17.34,16.45,42.0,112.5,15,105.0,7.5,2,267.0,15.0,0,0
268.0,J2,73,17.25,17.04,43.0,120.0,16,112.5,7.5,3,268.0,15.0,0,0
268.0,J3,73,17.25,17.04,43.0,90.0,12,75.0,15.0,3,268.0,22.5,0,0
268.0,J1,73,17.25,17.04,43.0,112.5,15,112.5,0.0,3,268.0,15.0,0,0
269.0,J2,69,15.85,18.65,44.0,120.0,16,120.0,0.0,3,269.0,15.0,0,0
269.0,J3,69,15.85,18.65,44.0,90.0,12,90.0,0.0,3,269.0,22.5,0,0
269.0,J1,69,15.85,18.65,44.0,112.5,15,112.5,0.0,3,269.0,15.0,0,0
270.0,J2,71,16.36,18.73,45.0,120.0,16,120.0,0.0,3,270.0,22.5,0,0
270.0,J3,71,16.36,18.73,45.0,90.0,12,90.0,0.0,3,270.0,22.5,0,0
270.0,J1,71,16.36,18.73,45.0,112.5,15,112.5,0.0,3,270.0,15.0,0,0
271.0,J2,71,17.56,9.27,42.0,75.0,10,120.0,-45.0,0,271.0,22.5,0,0
271.0,J3,71,17.56,9.27,42.0,45.0,6,90.0,-45.0,0,271.0,22.5,0,0
271.0,J1,71,17.56,9.27,42.0,67.5,9,112.5,-45.0,0,271.0,15.0,0,0
272.0,J2,70,19.09,2.83,37.0,30.0,4,120.0,-90.0,0,272.0,22.5,0,0
272.0,J3,70,19.09,2.83,37.0,7.5,1,90.0,-82.5,0,272.0,22.5,0,0
272.0,J1,70,19.09,2.83,37.0,30.0,4,112.5,-82.5,0,272.0,15.0,0,0
273.0,J2,70,21.61,0.17,11.0,7.5,1,120.0,-112.5,0,273.0,22.5,0,0
273.0,J3,70,21.61,0.17,11.0,0.0,0,90.0,-90.0,0,273.0,22.5,0,0
273.0,J1,70,21.61,0.17,11.0,7.5,1,112.5,-105.0,0,273.0,15.0,0,0
274.0,J2,70,24.47,0.06,2.0,7.5,1,120.0,-112.5,0,274.0,22.5,0,0
274.0,J3,70,24.47,0.06,2.0,7.5,1,90.0,-82.5,0,274.0,22.5,0,0
274.0,J1,70,24.47,0.06,2.0,0.0,0,112.5,-112.5,0,274.0,15.0,0,0
275.0,J2,71,28.93,0.1,3.0,7.5,1,120.0,-112.5,0,275.0,22.5,0,0
275.0,J3,71,28.93,0.1,3.0,7.5,1,90.0,-82.5,0,275.0,22.5,0,0
275.0,J1,71,28.93,0.1,3.0,0.0,0,112.5,-112.5,0,275.0,15.0,0,0
276.0,J2,71,32.12,0.17,4.0,22.5,3,75.0,-52.5,0,276.0,22.5,0,0
276.0,J3,71,32.12,0.17,4.0,7.5,1,45.0,-37.5,0,276.0,22.5,0,0
276.0,J1,71,32.12,0.17,4.0,0.0,0,67.5,-67.5,0,276.0,15.0,0,0
277.0,J2,71,35.09,0.24,5.0,22.5,3,30.0,-7.5,0,277.0,22.5,0,0
277.0,J3,71,35.09,0.24,5.0,7.5,1,7.5,0.0,0,277.0,22.5,0,0
277.0,J1,71,35.09,0.24,5.0,0.0,0,30.0,-30.0,0,277.0,15.0,0,0
278.0,J2,70,36.87,0.33,6.0,22.5,3,7.5,15.0,0,278.0,22.5,0,0
278.0,J3,70,36.87,0.33,6.0,7.5,1,0.0,7.5,0,278.0,22.5,0,0
278.0,J1,70,36.87,0.33,6.0,7.5,1,7.5,0.0,0,278.0,15.0,0,0
279.0,J2,70,38.01,0.41,7.0,22.5,3,7.5,15.0,0,279.0,22.5,0,0
279.0,J3,70,38.01,0.41,7.0,7.5,1,7.5,0.0,0,279.0,22.5,0,0
279.0,J1,70,38.01,0.41,7.0,7.5,1,0.0,7.5,0,279.0,15.0,0,0
280.0,J2,70,37.95,0.5,8.0,22.5,3,7.5,15.0,0,280.0,22.5,0,0
280.0,J3,70,37.95,0.5,8.0,7.5,1,7.5,0.0,0,280.0,22.5,0,0
280.0,J1,70,37.95,0.5,8.0,7.5,1,0.0,7.5,0,280.0,15.0,0,0
281.0,J2,70,38.35,0.59,9.0,22.5,3,22.5,0.0,0,281.0,22.5,0,0
281.0,J3,70,38.35,0.59,9.0,7.5,1,7.5,0.0,0,281.0,22.5,0,0
281.0,J1,70,38.35,0.59,9.0,7.5,1,0.0,7.5,0,281.0,15.0,0,0
282.0,J2,69,38.46,0.7,10.0,22.5,3,22.5,0.0,0,282.0,22.5,0,0
282.0,J3,69,38.46,0.7,10.0,7.5,1,7.5,0.0,0,282.0,22.5,0,0
282.0,J1,69,38.46,0.7,10.0,15.0,2,0.0,15.0,0,282.0,15.0,0,0
283.0,J2,69,38.52,0.8,11.0,22.5,3,22.5,0.0,0,283.0,22.5,0,0
283.0,J3,69,38.52,0.8,11.0,7.5,1,7.5,0.0,0,283.0,22.5,0,0
283.0,J1,69,38.52,0.8,11.0,15.0,2,7.5,7.5,0,283.0,15.0,0,0
284.0,J2,68,38.76,0.75,12.0,22.5,3,22.5,0.0,0,284.0,22.5,0,0
284.0,J3,68,38.76,0.75,12.0,7.5,1,7.5,0.0,0,284.0,22.5,0,0
284.0,J1,68,38.76,0.75,12.0,15.0,2,7.5,7.5,0,284.0,15.0,0,0
285.0,J2,68,38.92,0.69,13.0,15.0,2,22.5,-7.5,0,285.0,22.5,0,0
285.0,J3,68,38.92,0.69,13.0,7.5,1,7.5,0.0,0,285.0,22.5,0,0
285.0,J1,68,38.92,0.69,13.0,15.0,2,7.5,7.5,0,285.0,22.5,0,0
286.0,J2,68,38.92,0.78,14.0,15.0,2,22.5,-7.5,0,286.0,15.0,0,0
286.0,J3,68,38.92,0.78,14.0,7.5,1,7.5,0.0,0,286.0,15.0,0,0
286.0,J1,68,38.92,0.78,14.0,22.5,3,7.5,15.0,0,286.0,15.0,0,0
287.0,J2,68,38.6,0.87,15.0,15.0,2,22.5,-7.5,0,287.0,22.5,0,0
287.0,J3,68,38.6,0.87,15.0,7.5,1,7.5,0.0,0,287.0,7.5,0,0
287.0,J1,68,38.6,0.87,15.0,22.5,3,15.0,7.5,0,287.0,15.0,0,0
288.0,J2,70,38.6,0.93,16.0,15.0,2,22.5,-7.5,0,288.0,30.0,0,0
288.0,J3,70,38.6,0.93,16.0,7.5,1,7.5,0.0,0,288.0,7.5,0,0
288.0,J1,70,38.6,0.93,16.0,22.5,3,15.0,7.5,0,288.0,15.0,0,0
289.0,J2,69,38.45,1.03,17.0,15.0,2,22.5,-7.5,0,289.0,30.0,0,0
289.0,J3,69,38.45,1.03,17.0,7.5,1,7.5,0.0,0,289.0,7.5,0,0
289.0,J1,69,38.45,1.03,17.0,22.5,3,15.0,7.5,0,289.0,30.0,0,0
290.0,J2,69,38.38,1.13,18.0,15.0,2,15.0,0.0,0,290.0,37.5,1,0
290.0,J3,69,38.38,1.13,18.0,7.5,1,7.5,0.0,0,290.0,7.5,0,0
290.0,J1,69,38.38,1.13,18.0,30.0,4,15.0,15.0,0,290.0,37.5,1,0
291.0,J2,70,38.5,1.23,19.0,22.5,3,15.0,7.5,0,291.0,37.5,1,0
291.0,J3,70,38.5,1.23,19.0,7.5,1,7.5,0.0,0,291.0,7.5,0,0
291.0,J1,70,38.5,1.23,19.0,30.0,4,22.5,7.5,0,291.0,52.5,1,0
292.0,J2,71,38.46,1.32,20.0,22.5,3,15.0,7.5,0,292.0,52.5,1,0
292.0,J3,71,38.46,1.32,20.0,7.5,1,7.5,0.0,0,292.0,7.5,0,0
292.0,J1,71,38.46,1.32,20.0,30.0,4,22.5,7.5,0,292.0,60.0,1,0
293.0,J2,72,38.48,1.42,21.0,22.5,3,15.0,7.5,0,293.0,60.0,1,0
293.0,J3,72,38.48,1.42,21.0,7.5,1,7.5,0.0,0,293.0,7.5,0,0
293.0,J1,72,38.48,1.42,21.0,30.0,4,22.5,7.5,0,293.0,67.5,1,0
294.0,J2,73,38.34,1.51,22.0,22.5,3,15.0,7.5,0,294.0,67.5,1,0
294.0,J3,73,38.34,1.51,22.0,7.5,1,7.5,0.0,0,294.0,7.5,0,0
294.0,J1,73,38.34,1.51,22.0,30.0,4,22.5,7.5,0,294.0,67.5,1,0
295.0,J2,73,38.33,1.62,23.0,22.5,3,15.0,7.5,0,295.0,75.0,1,0
295.0,J3,73,38.33,1.62,23.0,7.5,1,7.5,0.0,0,295.0,7.5,0,0
295.0,J1,73,38.33,1.62,23.0,30.0,4,30.0,0.0,0,295.0,67.5,1,0
296.0,J2,73,38.53,1.73,24.0,22.5,3,22.5,0.0,0,296.0,82.5,1,0
296.0,J3,73,38.53,1.73,24.0,7.5,1,7.5,0.0,0,296.0,7.5,0,0
296.0,J1,73,38.53,1.73,24.0,30.0,4,30.0,0.0,0,296.0,67.5,1,0
297.0,J2,73,38.15,1.84,25.0,22.5,3,22.5,0.0,0,297.0,82.5,1,0
297.0,J3,73,38.15,1.84,25.0,7.5,1,7.5,0.0,0,297.0,7.5,0,0
297.0,J1,73,38.15,1.84,25.0,30.0,4,30.0,0.0,0,297.0,67.5,1,0
298.0,J2,73,37.72,1.95,26.0,22.5,3,22.5,0.0,0,298.0,82.5,1,0
298.0,J3,73,37.72,1.95,26.0,7.5,1,7.5,0.0,0,298.0,7.5,0,0
298.0,J1,73,37.72,1.95,26.0,30.0,4,30.0,0.0,0,298.0,67.5,1,0
299.0,J2,73,37.13,2.07,27.0,22.5,3,22.5,0.0,0,299.0,82.5,1,0
299.0,J3,73,37.13,2.07,27.0,7.5,1,7.5,0.0,0,299.0,7.5,0,0
299.0,J1,73,37.13,2.07,27.0,37.5,5,30.0,7.5,0,299.0,67.5,1,0
300.0,J2,73,37.1,2.19,28.0,22.5,3,22.5,0.0,0,300.0,82.5,1,0
300.0,J3,73,37.1,2.19,28.0,7.5,1,7.5,0.0,0,300.0,7.5,0,0
300.0,J1,73,37.1,2.19,28.0,37.5,5,30.0,7.5,0,300.0,67.5,1,0
301.0,J2,77,37.84,2.19,29.0,22.5,3,22.5,0.0,0,301.0,90.0,1,0
301.0,J3,77,37.84,2.19,29.0,7.5,1,7.5,0.0,0,301.0,7.5,0,0
301.0,J1,77,37.84,2.19,29.0,37.5,5,30.0,7.5,0,301.0,75.0,1,0
302.0,J2,77,37.61,2.32,30.0,22.5,3,22.5,0.0,0,302.0,90.0,1,0
302.0,J3,77,37.61,2.32,30.0,7.5,1,7.5,0.0,0,302.0,7.5,0,0
302.0,J1,77,37.61,2.32,30.0,45.0,6,30.0,15.0,0,302.0,75.0,1,0
303.0,J2,77,37.49,2.45,31.0,22.5,3,22.5,0.0,0,303.0,90.0,1,0
303.0,J3,77,37.49,2.45,31.0,7.5,1,7.5,0.0,0,303.0,7.5,0,0
303.0,J1,77,37.49,2.45,31.0,45.0,6,30.0,15.0,0,303.0,75.0,1,0
304.0,J2,78,37.85,2.55,32.0,22.5,3,22.5,0.0,0,304.0,90.0,1,0
304.0,J3,78,37.85,2.55,32.0,7.5,1,7.5,0.0,0,304.0,7.5,0,0
304.0,J1,78,37.85,2.55,32.0,45.0,6,37.5,7.5,0,304.0,75.0,1,0
305.0,J2,78,37.31,2.69,33.0,30.0,4,22.5,7.5,0,305.0,90.0,1,0
305.0,J3,78,37.31,2.69,33.0,7.5,1,7.5,0.0,0,305.0,7.5,0,0
305.0,J1,78,37.31,2.69,33.0,45.0,6,37.5,7.5,0,305.0,75.0,1,0
306.0,J2,78,37.29,2.83,34.0,30.0,4,22.5,7.5,0,306.0,90.0,1,0
306.0,J3,78,37.29,2.83,34.0,7.5,1,7.5,0.0,0,306.0,7.5,0,0
306.0,J1,78,37.29,2.83,34.0,45.0,6,37.5,7.5,0,306.0,75.0,1,0
307.0,J2,78,37.29,2.97,35.0,30.0,4,22.5,7.5,0,307.0,90.0,1,0
307.0,J3,78,37.29,2.97,35.0,7.5,1,7.5,0.0,0,307.0,7.5,0,0
307.0,J1,78,37.29,2.97,35.0,45.0,6,45.0,0.0,0,307.0,75.0,1,0
308.0,J2,79,37.21,3.08,36.0,30.0,4,22.5,7.5,0,308.0,90.0,1,0
308.0,J3,79,37.21,3.08,36.0,7.5,1,7.5,0.0,0,308.0,7.5,0,0
308.0,J1,79,37.21,3.08,36.0,45.0,6,45.0,0.0,0,308.0,75.0,1,0
309.0,J2,80,37.27,3.17,37.0,30.0,4,22.5,7.5,0,309.0,90.0,1,0
309.0,J3,80,37.27,3.17,37.0,7.5,1,7.5,0.0,0,309.0,7.5,0,0
309.0,J1,80,37.27,3.17,37.0,45.0,6,45.0,0.0,0,309.0,75.0,1,0
310.0,J2,80,36.82,3.31,38.0,30.0,4,30.0,0.0,0,310.0,90.0,1,0
310.0,J3,80,36.82,3.31,38.0,7.5,1,7.5,0.0,0,310.0,7.5,0,0
310.0,J1,80,36.82,3.31,38.0,45.0,6,45.0,0.0,0,310.0,75.0,1,0
311.0,J2,79,36.84,3.49,39.0,30.0,4,30.0,0.0,0,311.0,90.0,1,0
311.0,J3,79,36.84,3.49,39.0,7.5,1,7.5,0.0,0,311.0,7.5,0,0
311.0,J1,79,36.84,3.49,39.0,45.0,6,45.0,0.0,0,311.0,75.0,1,0
312.0,J2,78,36.55,3.68,40.0,30.0,4,30.0,0.0,0,312.0,90.0,1,0
312.0,J3,78,36.55,3.68,40.0,7.5,1,7.5,0.0,0,312.0,7.5,0,0
312.0,J1,78,36.55,3.68,40.0,45.0,6,45.0,0.0,0,312.0,75.0,1,0
313.0,J2,78,35.32,3.82,41.0,30.0,4,30.0,0.0,1,313.0,90.0,1,0
313.0,J3,78,35.32,3.82,41.0,7.5,1,7.5,0.0,1,313.0,7.5,0,0
313.0,J1,78,35.32,3.82,41.0,45.0,6,45.0,0.0,1,313.0,82.5,1,0
314.0,J2,75,33.55,4.12,42.0,30.0,4,30.0,0.0,1,314.0,90.0,1,0
314.0,J3,75,33.55,4.12,42.0,7.5,1,7.5,0.0,1,314.0,7.5,0,0
314.0,J1,75,33.55,4.12,42.0,45.0,6,45.0,0.0,1,314.0,82.5,1,0
315.0,J2,73,31.38,4.4,43.0,37.5,5,30.0,7.5,1,315.0,90.0,1,0
315.0,J3,73,31.38,4.4,43.0,7.5,1,7.5,0.0,1,315.0,7.5,0,0
315.0,J1,73,31.38,4.4,43.0,45.0,6,45.0,0.0,1,315.0,82.5,1,0
316.0,J2,73,31.0,1.37,27.0,15.0,2,30.0,-15.0,2,316.0,90.0,1,0
316.0,J3,73,31.0,1.37,27.0,7.5,1,7.5,0.0,2,316.0,7.5,0,0
316.0,J1,73,31.0,1.37,27.0,30.0,4,45.0,-15.0,2,316.0,82.5,1,0
317.0,J2,74,31.16,0.34,19.0,0.0,0,30.0,-30.0,2,317.0,90.0,1,0
317.0,J3,74,31.16,0.34,19.0,7.5,1,7.5,0.0,2,317.0,7.5,0,0
317.0,J1,74,31.16,0.34,19.0,30.0,4,45.0,-15.0,2,317.0,82.5,1,0
318.0,J2,74,30.87,0.19,3.0,15.0,2,30.0,-15.0,2,318.0,90.0,1,0
318.0,J3,74,30.87,0.19,3.0,7.5,1,7.5,0.0,2,318.0,22.5,0,0
318.0,J1,74,30.87,0.19,3.0,37.5,5,45.0,-7.5,2,318.0,90.0,1,0
319.0,J2,75,31.43,0.31,4.0,22.5,3,30.0,-7.5,2,319.0,90.0,1,0
319.0,J3,75,31.43,0.31,4.0,7.5,1,7.5,0.0,2,319.0,22.5,0,0
319.0,J1,75,31.43,0.31,4.0,37.5,5,45.0,-7.5,2,319.0,90.0,1,0
320.0,J2,77,32.48,0.43,5.0,30.0,4,37.5,-7.5,2,320.0,90.0,1,0
320.0,J3,77,32.48,0.43,5.0,7.5,1,7.5,0.0,2,320.0,30.0,0,0
320.0,J1,77,32.48,0.43,5.0,37.5,5,45.0,-7.5,2,320.0,90.0,1,0
321.0,J2,76,32.96,0.58,6.0,30.0,4,15.0,15.0,2,321.0,90.0,1,0
321.0,J3,76,32.96,0.58,6.0,15.0,2,7.5,7.5,2,321.0,30.0,0,0
321.0,J1,76,32.96,0.58,6.0,37.5,5,30.0,7.5,2,321.0,97.5,1,0
322.0,J2,77,33.7,0.74,7.0,37.5,5,0.0,37.5,2,322.0,90.0,1,0
322.0,J3,77,33.7,0.74,7.0,22.5,3,7.5,15.0,2,322.0,45.0,1,0
322.0,J1,77,33.7,0.74,7.0,37.5,5,30.0,7.5,2,322.0,105.0,1,0
323.0,J2,79,33.66,0.9,8.0,45.0,6,15.0,30.0,2,323.0,90.0,1,0
323.0,J3,79,33.66,0.9,8.0,22.5,3,7.5,15.0,2,323.0,45.0,1,0
323.0,J1,79,33.66,0.9,8.0,37.5,5,37.5,0.0,2,323.0,105.0,1,0
324.0,J2,80,33.76,1.06,9.0,45.0,6,22.5,22.5,2,324.0,90.0,1,0
324.0,J3,80,33.76,1.06,9.0,22.5,3,7.5,15.0,2,324.0,45.0,1,0
324.0,J1,80,33.76,1.06,9.0,37.5,5,37.5,0.0,2,324.0,105.0,1,0
325.0,J2,80,33.7,1.26,10.0,52.5,7,30.0,22.5,2,325.0,90.0,1,0
325.0,J3,80,33.7,1.26,10.0,30.0,4,7.5,22.5,2,325.0,52.5,1,0
325.0,J1,80,33.7,1.26,10.0,37.5,5,37.5,0.0,2,325.0,105.0,1,0
326.0,J2,80,33.63,1.46,11.0,52.5,7,30.0,22.5,2,326.0,90.0,1,0
326.0,J3,80,33.63,1.46,11.0,30.0,4,15.0,15.0,2,326.0,52.5,1,0
326.0,J1,80,33.63,1.46,11.0,37.5,5,37.5,0.0,2,326.0,105.0,1,0
327.0,J2,80,33.47,1.66,12.0,52.5,7,37.5,15.0,2,327.0,90.0,1,0
327.0,J3,80,33.47,1.66,12.0,30.0,4,22.5,7.5,2,327.0,52.5,1,0
327.0,J1,80,33.47,1.66,12.0,37.5,5,37.5,0.0,2,327.0,105.0,1,0
328.0,J2,80,33.41,1.88,13.0,52.5,7,45.0,7.5,2,328.0,90.0,1,0
328.0,J3,80,33.41,1.88,13.0,30.0,4,22.5,7.5,2,328.0,52.5,1,0
328.0,J1,80,33.41,1.88,13.0,45.0,6,37.5,7.5,2,328.0,105.0,1,0
329.0,J2,80,33.21,2.09,14.0,52.5,7,45.0,7.5,2,329.0,90.0,1,0
329.0,J3,80,33.21,2.09,14.0,30.0,4,22.5,7.5,2,329.0,52.5,1,0
329.0,J1,80,33.21,2.09,14.0,45.0,6,37.5,7.5,2,329.0,105.0,1,0
330.0,J2,81,33.07,2.27,15.0,52.5,7,52.5,0.0,2,330.0,90.0,1,0
330.0,J3,81,33.07,2.27,15.0,30.0,4,30.0,0.0,2,330.0,52.5,1,0
330.0,J1,81,33.07,2.27,15.0,45.0,6,37.5,7.5,2,330.0,105.0,1,0
331.0,J2,82,33.06,2.46,16.0,60.0,8,52.5,7.5,2,331.0,45.0,1,0
331.0,J3,82,33.06,2.46,16.0,30.0,4,30.0,0.0,2,331.0,7.5,0,0
331.0,J1,82,33.06,2.46,16.0,45.0,6,37.5,7.5,2,331.0,67.5,1,0
332.0,J2,82,32.74,2.68,17.0,60.0,8,52.5,7.5,2,332.0,7.5,0,0
332.0,J3,82,32.74,2.68,17.0,30.0,4,30.0,0.0,2,332.0,0.0,0,0
332.0,J1,82,32.74,2.68,17.0,45.0,6,37.5,7.5,2,332.0,37.5,1,0
333.0,J2,83,33.47,2.88,18.0,60.0,8,52.5,7.5,2,333.0,0.0,0,0
333.0,J3,83,33.47,2.88,18.0,30.0,4,30.0,0.0,2,333.0,0.0,0,0
333.0,J1,83,33.47,2.88,18.0,52.5,7,45.0,7.5,2,333.0,15.0,0,0
334.0,J2,82,32.8,3.15,19.0,60.0,8,52.5,7.5,2,334.0,7.5,0,0
334.0,J3,82,32.8,3.15,19.0,30.0,4,30.0,0.0,2,334.0,0.0,0,0
334.0,J1,82,32.8,3.15,19.0,52.5,7,45.0,7.5,2,334.0,0.0,0,0
335.0,J2,83,32.58,3.34,20.0,60.0,8,52.5,7.5,2,335.0,7.5,0,0
335.0,J3,83,32.58,3.34,20.0,30.0,4,30.0,0.0,2,335.0,0.0,0,0
335.0,J1,83,32.58,3.34,20.0,52.5,7,45.0,7.5,2,335.0,0.0,0,0
336.0,J2,84,32.55,3.54,21.0,67.5,9,60.0,7.5,2,336.0,7.5,0,0
336.0,J3,84,32.55,3.54,21.0,30.0,4,30.0,0.0,2,336.0,0.0,0,0
336.0,J1,84,32.55,3.54,21.0,52.5,7,45.0,7.5,2,336.0,0.0,0,0
337.0,J2,85,32.28,3.73,22.0,67.5,9,60.0,7.5,2,337.0,7.5,0,0
337.0,J3,85,32.28,3.73,22.0,30.0,4,30.0,0.0,2,337.0,0.0,0,0
337.0,J1,85,32.28,3.73,22.0,52.5,7,45.0,7.5,2,337.0,0.0,0,0
338.0,J2,85,31.97,3.98,23.0,67.5,9,60.0,7.5,2,338.0,7.5,0,0
338.0,J3,85,31.97,3.98,23.0,30.0,4,30.0,0.0,2,338.0,0.0,0,0
338.0,J1,85,31.97,3.98,23.0,60.0,8,52.5,7.5,2,338.0,7.5,0,0
339.0,J2,87,31.7,4.13,24.0,67.5,9,60.0,7.5,2,339.0,7.5,0,0
339.0,J3,87,31.7,4.13,24.0,30.0,4,30.0,0.0,2,339.0,0.0,0,0
339.0,J1,87,31.7,4.13,24.0,60.0,8,52.5,7.5,2,339.0,7.5,0,0
340.0,J2,87,31.45,4.38,25.0,67.5,9,60.0,7.5,2,340.0,7.5,0,0
340.0,J3,87,31.45,4.38,25.0,30.0,4,30.0,0.0,2,340.0,0.0,0,0
340.0,J1,87,31.45,4.38,25.0,67.5,9,52.5,15.0,2,340.0,15.0,0,0
341.0,J2,88,31.54,4.6,26.0,67.5,9,67.5,0.0,2,341.0,15.0,0,0
341.0,J3,88,31.54,4.6,26.0,45.0,6,30.0,15.0,2,341.0,0.0,0,0
341.0,J1,88,31.54,4.6,26.0,67.5,9,52.5,15.0,2,341.0,15.0,0,0
342.0,J2,88,31.72,4.88,27.0,67.5,9,67.5,0.0,2,342.0,15.0,0,0
342.0,J3,88,31.72,4.88,27.0,45.0,6,30.0,15.0,2,342.0,0.0,0,0
342.0,J1,88,31.72,4.88,27.0,67.5,9,52.5,15.0,2,342.0,15.0,0,0
343.0,J2,89,31.57,5.09,28.0,67.5,9,67.5,0.0,2,343.0,15.0,0,0
343.0,J3,89,31.57,5.09,28.0,45.0,6,30.0,15.0,2,343.0,0.0,0,0
343.0,J1,89,31.57,5.09,28.0,67.5,9,60.0,7.5,2,343.0,15.0,0,0
344.0,J2,91,32.02,5.24,29.0,67.5,9,67.5,0.0,2,344.0,22.5,0,0
344.0,J3,91,32.02,5.24,29.0,45.0,6,30.0,15.0,2,344.0,0.0,0,0
344.0,J1,91,32.02,5.24,29.0,67.5,9,60.0,7.5,2,344.0,15.0,0,0
345.0,J2,91,31.6,5.51,30.0,67.5,9,67.5,0.0,2,345.0,22.5,0,0
345.0,J3,91,31.6,5.51,30.0,45.0,6,30.0,15.0,2,345.0,0.0,0,0
345.0,J1,91,31.6,5.51,30.0,67.5,9,67.5,0.0,2,345.0,15.0,0,0
346.0,J2,93,31.99,5.65,31.0,67.5,9,67.5,0.0,2,346.0,22.5,0,0
346.0,J3,93,31.99,5.65,31.0,45.0,6,45.0,0.0,2,346.0,0.0,0,0
346.0,J1,93,31.99,5.65,31.0,67.5,9,67.5,0.0,2,346.0,15.0,0,0
347.0,J2,94,31.45,5.84,32.0,67.5,9,67.5,0.0,2,347.0,22.5,0,0
347.0,J3,94,31.45,5.84,32.0,45.0,6,45.0,0.0,2,347.0,0.0,0,0
347.0,J1,94,31.45,5.84,32.0,67.5,9,67.5,0.0,2,347.0,15.0,0,0
348.0,J2,94,31.06,6.1,33.0,67.5,9,67.5,0.0,2,348.0,22.5,0,0
348.0,J3,94,31.06,6.1,33.0,45.0,6,45.0,0.0,2,348.0,0.0,0,0
348.0,J1,94,31.06,6.1,33.0,67.5,9,67.5,0.0,2,348.0,15.0,0,0
349.0,J2,96,30.51,6.23,34.0,67.5,9,67.5,0.0,2,349.0,22.5,0,0
349.0,J3,96,30.51,6.23,34.0,45.0,6,45.0,0.0,2,349.0,0.0,0,0
349.0,J1,96,30.51,6.23,34.0,75.0,10,67.5,7.5,2,349.0,15.0,0,0
350.0,J2,93,28.51,6.7,35.0,67.5,9,67.5,0.0,2,350.0,22.5,0,0
350.0,J3,93,28.51,6.7,35.0,45.0,6,45.0,0.0,2,350.0,0.0,0,0
350.0,J1,93,28.51,6.7,35.0,75.0,10,67.5,7.5,2,350.0,15.0,0,0
351.0,J2,94,28.14,6.9,36.0,67.5,9,67.5,0.0,2,351.0,22.5,0,0
351.0,J3,94,28.14,6.9,36.0,45.0,6,45.0,0.0,2,351.0,0.0,0,0
351.0,J1,94,28.14,6.9,36.0,82.5,11,67.5,15.0,2,351.0,22.5,0,0
352.0,J2,93,27.48,7.3,37.0,82.5,11,67.5,15.0,2,352.0,22.5,0,0
352.0,J3,93,27.48,7.3,37.0,52.5,7,45.0,7.5,2,352.0,0.0,0,0
352.0,J1,93,27.48,7.3,37.0,90.0,12,67.5,22.5,2,352.0,22.5,0,0
353.0,J2,93,27.58,7.62,38.0,75.0,10,67.5,7.5,2,353.0,22.5,0,0
353.0,J3,93,27.58,7.62,38.0,60.0,8,45.0,15.0,2,353.0,0.0,0,0
353.0,J1,93,27.58,7.62,38.0,97.5,13,67.5,30.0,2,353.0,22.5,0,0
354.0,J2,92,27.01,8.05,39.0,75.0,10,67.5,7.5,2,354.0,22.5,0,0
354.0,J3,92,27.01,8.05,39.0,67.5,9,45.0,22.5,2,354.0,0.0,0,0
354.0,J1,92,27.01,8.05,39.0,97.5,13,75.0,22.5,2,354.0,22.5,0,0
355.0,J2,93,26.91,8.31,40.0,75.0,10,67.5,7.5,2,355.0,22.5,0,0
355.0,J3,93,26.91,8.31,40.0,67.5,9,45.0,22.5,2,355.0,0.0,0,0
355.0,J1,93,26.91,8.31,40.0,97.5,13,75.0,22.5,2,355.0,22.5,0,0
356.0,J2,93,26.68,8.66,41.0,75.0,10,67.5,7.5,2,356.0,22.5,0,0
356.0,J3,93,26.68,8.66,41.0,67.5,9,45.0,22.5,2,356.0,0.0,0,0
356.0,J1,93,26.68,8.66,41.0,97.5,13,82.5,15.0,2,356.0,22.5,0,0
357.0,J2,91,26.12,9.21,42.0,75.0,10,82.5,-7.5,2,357.0,22.5,0,0
357.0,J3,91,26.12,9.21,42.0,67.5,9,52.5,15.0,2,357.0,0.0,0,0
357.0,J1,91,26.12,9.21,42.0,105.0,14,90.0,15.0,2,357.0,22.5,0,0
358.0,J2,91,25.47,9.58,43.0,82.5,11,75.0,7.5,3,358.0,22.5,0,0
358.0,J3,91,25.47,9.58,43.0,67.5,9,60.0,7.5,3,358.0,0.0,0,0
358.0,J1,91,25.47,9.58,43.0,105.0,14,97.5,7.5,3,358.0,22.5,0,0
359.0,J2,90,24.66,10.07,44.0,82.5,11,75.0,7.5,3,359.0,22.5,0,0
359.0,J3,90,24.66,10.07,44.0,67.5,9,67.5,0.0,3,359.0,0.0,0,0
359.0,J1,90,24.66,10.07,44.0,105.0,14,97.5,7.5,3,359.0,22.5,0,0
360.0,J2,91,24.4,10.34,45.0,82.5,11,75.0,7.5,3,360.0,22.5,0,0
360.0,J3,91,24.4,10.34,45.0,75.0,10,67.5,7.5,3,360.0,0.0,0,0
360.0,J1,91,24.4,10.34,45.0,105.0,14,97.5,7.5,3,360.0,22.5,0,0
361.0,J2,88,24.05,4.81,45.0,37.5,5,75.0,-37.5,0,361.0,22.5,0,0
361.0,J3,88,24.05,4.81,45.0,52.5,7,67.5,-15.0,0,361.0,0.0,0,0
361.0,J1,88,24.05,4.81,45.0,60.0,8,97.5,-37.5,0,361.0,22.5,0,0
362.0,J2,88,25.87,1.28,30.0,15.0,2,75.0,-60.0,0,362.0,22.5,0,0
362.0,J3,88,25.87,1.28,30.0,15.0,2,67.5,-52.5,0,362.0,0.0,0,0
362.0,J1,88,25.87,1.28,30.0,30.0,4,105.0,-75.0,0,362.0,22.5,0,0
363.0,J2,86,27.75,0.28,12.0,7.5,1,82.5,-75.0,0,363.0,22.5,0,0
363.0,J3,86,27.75,0.28,12.0,0.0,0,67.5,-67.5,0,363.0,0.0,0,0
363.0,J1,86,27.75,0.28,12.0,7.5,1,105.0,-97.5,0,363.0,22.5,0,0
364.0,J2,85,30.04,0.0,0.0,0.0,0,82.5,-82.5,0,364.0,22.5,0,0
364.0,J3,85,30.04,0.0,0.0,0.0,0,67.5,-67.5,0,364.0,0.0,0,0
364.0,J1,85,30.04,0.0,0.0,0.0,0,105.0,-105.0,0,364.0,22.5,0,0
365.0,J2,84,32.63,0.0,0.0,0.0,0,82.5,-82.5,0,365.0,22.5,0,0
365.0,J3,84,32.63,0.0,0.0,0.0,0,75.0,-75.0,0,365.0,0.0,0,0
365.0,J1,84,32.63,0.0,0.0,0.0,0,105.0,-105.0,0,365.0,22.5,0,0
366.0,J2,84,35.54,0.01,1.0,0.0,0,37.5,-37.5,0,366.0,22.5,0,0
366.0,J3,84,35.54,0.01,1.0,7.5,1,52.5,-45.0,0,366.0,0.0,0,0
366.0,J1,84,35.54,0.01,1.0,0.0,0,60.0,-60.0,0,366.0,22.5,0,0
367.0,J2,84,37.83,0.02,2.0,0.0,0,15.0,-15.0,0,367.0,22.5,0,0
367.0,J3,84,37.83,0.02,2.0,7.5,1,15.0,-7.5,0,367.0,0.0,0,0
367.0,J1,84,37.83,0.02,2.0,0.0,0,30.0,-30.0,0,367.0,22.5,0,0
368.0,J2,86,39.32,0.03,3.0,0.0,0,7.5,-7.5,0,368.0,22.5,0,0
368.0,J3,86,39.32,0.03,3.0,7.5,1,0.0,7.5,0,368.0,0.0,0,0
368.0,J1,86,39.32,0.03,3.0,0.0,0,7.5,-7.5,0,368.0,22.5,0,0
369.0,J2,87,39.86,0.05,4.0,0.0,0,0.0,0.0,0,369.0,22.5,0,0
369.0,J3,87,39.86,0.05,4.0,7.5,1,0.0,7.5,0,369.0,0.0,0,0
369.0,J1,87,39.86,0.05,4.0,0.0,0,0.0,0.0,0,369.0,22.5,0,0
370.0,J2,87,39.87,0.06,5.0,0.0,0,0.0,0.0,0,370.0,22.5,0,0
370.0,J3,87,39.87,0.06,5.0,7.5,1,0.0,7.5,0,370.0,0.0,0,0
370.0,J1,87,39.87,0.06,5.0,0.0,0,0.0,0.0,0,370.0,22.5,0,0
371.0,J2,86,40.27,0.07,6.0,0.0,0,0.0,0.0,0,371.0,22.5,0,0
371.0,J3,86,40.27,0.07,6.0,7.5,1,7.5,0.0,0,371.0,0.0,0,0
371.0,J1,86,40.27,0.07,6.0,0.0,0,0.0,0.0,0,371.0,22.5,0,0
372.0,J2,87,40.5,0.09,7.0,7.5,1,0.0,7.5,0,372.0,30.0,0,0
372.0,J3,87,40.5,0.09,7.0,7.5,1,7.5,0.0,0,372.0,0.0,0,0
372.0,J1,87,40.5,0.09,7.0,0.0,0,0.0,0.0,0,372.0,22.5,0,0
373.0,J2,87,40.52,0.13,8.0,15.0,2,0.0,15.0,0,373.0,37.5,1,0
373.0,J3,87,40.52,0.13,8.0,7.5,1,7.5,0.0,0,373.0,0.0,0,0
373.0,J1,87,40.52,0.13,8.0,0.0,0,0.0,0.0,0,373.0,22.5,0,0
374.0,J2,86,40.23,0.16,9.0,15.0,2,0.0,15.0,0,374.0,37.5,1,0
374.0,J3,86,40.23,0.16,9.0,7.5,1,7.5,0.0,0,374.0,0.0,0,0
374.0,J1,86,40.23,0.16,9.0,0.0,0,0.0,0.0,0,374.0,22.5,0,0
375.0,J2,86,39.95,0.22,10.0,22.5,3,0.0,22.5,0,375.0,45.0,1,0
375.0,J3,86,39.95,0.22,10.0,15.0,2,7.5,7.5,0,375.0,0.0,0,0
375.0,J1,86,39.95,0.22,10.0,0.0,0,0.0,0.0,0,375.0,22.5,0,0
376.0,J2,88,40.3,0.27,11.0,22.5,3,0.0,22.5,0,376.0,15.0,0,0
376.0,J3,88,40.3,0.27,11.0,15.0,2,7.5,7.5,0,376.0,0.0,0,0
376.0,J1,88,40.3,0.27,11.0,0.0,0,0.0,0.0,0,376.0,7.5,0,0
377.0,J2,89,40.0,0.33,12.0,22.5,3,7.5,15.0,0,377.0,0.0,0,0
377.0,J3,89,40.0,0.33,12.0,15.0,2,7.5,7.5,0,377.0,0.0,0,0
377.0,J1,89,40.0,0.33,12.0,0.0,0,0.0,0.0,0,377.0,7.5,0,0
378.0,J2,89,40.06,0.39,13.0,22.5,3,15.0,7.5,0,378.0,0.0,0,0
378.0,J3,89,40.06,0.39,13.0,15.0,2,7.5,7.5,0,378.0,7.5,0,0
378.0,J1,89,40.06,0.39,13.0,7.5,1,0.0,7.5,0,378.0,7.5,0,0
379.0,J2,89,39.76,0.46,14.0,22.5,3,15.0,7.5,0,379.0,0.0,0,0
379.0,J3,89,39.76,0.46,14.0,15.0,2,7.5,7.5,0,379.0,15.0,0,0
379.0,J1,89,39.76,0.46,14.0,7.5,1,0.0,7.5,0,379.0,15.0,0,0
380.0,J2,89,39.21,0.54,15.0,30.0,4,22.5,7.5,0,380.0,7.5,0,0
380.0,J3,89,39.21,0.54,15.0,15.0,2,15.0,0.0,0,380.0,22.5,0,0
380.0,J1,89,39.21,0.54,15.0,7.5,1,0.0,7.5,0,380.0,15.0,0,0
381.0,J2,90,39.31,0.61,16.0,30.0,4,22.5,7.5,0,381.0,7.5,0,0
381.0,J3,90,39.31,0.61,16.0,15.0,2,15.0,0.0,0,381.0,30.0,0,0
381.0,J1,90,39.31,0.61,16.0,7.5,1,0.0,7.5,0,381.0,15.0,0,0
382.0,J2,90,39.09,0.69,17.0,30.0,4,22.5,7.5,0,382.0,15.0,0,0
382.0,J3,90,39.09,0.69,17.0,15.0,2,15.0,0.0,0,382.0,30.0,0,0
382.0,J1,90,39.09,0.69,17.0,7.5,1,0.0,7.5,0,382.0,15.0,0,0
383.0,J2,90,39.11,0.78,18.0,30.0,4,22.5,7.5,0,383.0,15.0,0,0
383.0,J3,90,39.11,0.78,18.0,15.0,2,15.0,0.0,0,383.0,37.5,1,0
383.0,J1,90,39.11,0.78,18.0,15.0,2,7.5,7.5,0,383.0,15.0,0,0
384.0,J2,91,38.89,0.86,19.0,30.0,4,22.5,7.5,0,384.0,15.0,0,0
384.0,J3,91,38.89,0.86,19.0,15.0,2,15.0,0.0,0,384.0,45.0,1,0
384.0,J1,91,38.89,0.86,19.0,15.0,2,7.5,7.5,0,384.0,15.0,0,0
385.0,J2,90,38.79,0.97,20.0,37.5,5,30.0,7.5,0,385.0,22.5,0,0
385.0,J3,90,38.79,0.97,20.0,15.0,2,15.0,0.0,0,385.0,45.0,1,0
385.0,J1,90,38.79,0.97,20.0,15.0,2,7.5,7.5,0,385.0,15.0,0,0
386.0,J2,90,39.15,1.07,21.0,37.5,5,30.0,7.5,0,386.0,22.5,0,0
386.0,J3,90,39.15,1.07,21.0,15.0,2,15.0,0.0,0,386.0,45.0,1,0
386.0,J1,90,39.15,1.07,21.0,15.0,2,7.5,7.5,0,386.0,22.5,0,0
387.0,J2,90,38.86,1.17,22.0,37.5,5,30.0,7.5,0,387.0,22.5,0,0
387.0,J3,90,38.86,1.17,22.0,15.0,2,15.0,0.0,0,387.0,60.0,1,0
387.0,J1,90,38.86,1.17,22.0,15.0,2,7.5,7.5,0,387.0,22.5,0,0
388.0,J2,90,39.21,1.27,23.0,37.5,5,30.0,7.5,0,388.0,22.5,0,0
388.0,J3,90,39.21,1.27,23.0,15.0,2,15.0,0.0,0,388.0,60.0,1,0
388.0,J1,90,39.21,1.27,23.0,15.0,2,15.0,0.0,0,388.0,22.5,0,0
389.0,J2,90,39.09,1.37,24.0,37.5,5,30.0,7.5,0,389.0,22.5,0,0
389.0,J3,90,39.09,1.37,24.0,15.0,2,15.0,0.0,0,389.0,60.0,1,0
389.0,J1,90,39.09,1.37,24.0,15.0,2,15.0,0.0,0,389.0,30.0,0,0
390.0,J2,90,38.84,1.47,25.0,37.5,5,37.5,0.0,0,390.0,30.0,0,0
390.0,J3,90,38.84,1.47,25.0,15.0,2,15.0,0.0,0,390.0,60.0,1,0
390.0,J1,90,38.84,1.47,25.0,15.0,2,15.0,0.0,0,390.0,30.0,0,0
391.0,J2,89,39.19,1.58,26.0,37.5,5,37.5,0.0,0,391.0,30.0,0,0
391.0,J3,89,39.19,1.58,26.0,15.0,2,15.0,0.0,0,391.0,60.0,1,0
391.0,J1,89,39.19,1.58,26.0,15.0,2,15.0,0.0,0,391.0,30.0,0,0
392.0,J2,89,38.88,1.69,27.0,37.5,5,37.5,0.0,0,392.0,37.5,1,0
392.0,J3,89,38.88,1.69,27.0,15.0,2,15.0,0.0,0,392.0,60.0,1,0
392.0,J1,89,38.88,1.69,27.0,15.0,2,15.0,0.0,0,392.0,30.0,0,0
393.0,J2,89,38.88,1.79,28.0,37.5,5,37.5,0.0,0,393.0,45.0,1,0
393.0,J3,89,38.88,1.79,28.0,15.0,2,15.0,0.0,0,393.0,60.0,1,0
393.0,J1,89,38.88,1.79,28.0,15.0,2,15.0,0.0,0,393.0,30.0,0,0
394.0,J2,88,38.2,1.91,29.0,37.5,5,37.5,0.0,0,394.0,45.0,1,0
394.0,J3,88,38.2,1.91,29.0,15.0,2,15.0,0.0,0,394.0,60.0,1,0
394.0,J1,88,38.2,1.91,29.0,15.0,2,15.0,0.0,0,394.0,45.0,1,0
395.0,J2,88,37.96,2.01,30.0,37.5,5,37.5,0.0,0,395.0,45.0,1,0
395.0,J3,88,37.96,2.01,30.0,15.0,2,15.0,0.0,0,395.0,60.0,1,0
395.0,J1,88,37.96,2.01,30.0,15.0,2,15.0,0.0,0,395.0,52.5,1,0
396.0,J2,88,37.88,2.11,31.0,37.5,5,37.5,0.0,0,396.0,45.0,1,0
396.0,J3,88,37.88,2.11,31.0,15.0,2,15.0,0.0,0,396.0,60.0,1,0
396.0,J1,88,37.88,2.11,31.0,15.0,2,15.0,0.0,0,396.0,52.5,1,0
397.0,J2,89,37.75,2.21,32.0,52.5,7,37.5,15.0,0,397.0,52.5,1,0
397.0,J3,89,37.75,2.21,32.0,15.0,2,15.0,0.0,0,397.0,60.0,1,0
397.0,J1,89,37.75,2.21,32.0,15.0,2,15.0,0.0,0,397.0,52.5,1,0
398.0,J2,90,38.08,2.31,33.0,52.5,7,37.5,15.0,0,398.0,52.5,1,0
398.0,J3,90,38.08,2.31,33.0,15.0,2,15.0,0.0,0,398.0,60.0,1,0
398.0,J1,90,38.08,2.31,33.0,15.0,2,15.0,0.0,0,398.0,52.5,1,0
399.0,J2,90,38.03,2.43,34.0,52.5,7,37.5,15.0,0,399.0,60.0,1,0
399.0,J3,90,38.03,2.43,34.0,15.0,2,15.0,0.0,0,399.0,60.0,1,0
399.0,J1,90,38.03,2.43,34.0,15.0,2,15.0,0.0,0,399.0,60.0,1,0
400.0,J2,94,38.34,2.45,35.0,52.5,7,37.5,15.0,0,400.0,60.0,1,0
400.0,J3,94,38.34,2.45,35.0,15.0,2,15.0,0.0,0,400.0,60.0,1,0
400.0,J1,94,38.34,2.45,35.0,15.0,2,15.0,0.0,0,400.0,60.0,1,0
401.0,J2,94,38.27,2.56,36.0,52.5,7,37.5,15.0,0,401.0,60.0,1,0
401.0,J3,94,38.27,2.56,36.0,15.0,2,15.0,0.0,0,401.0,60.0,1,0
401.0,J1,94,38.27,2.56,36.0,15.0,2,15.0,0.0,0,401.0,60.0,1,0
402.0,J2,94,38.52,2.68,37.0,52.5,7,52.5,0.0,0,402.0,67.5,1,0
402.0,J3,94,38.52,2.68,37.0,15.0,2,15.0,0.0,0,402.0,60.0,1,0
402.0,J1,94,38.52,2.68,37.0,15.0,2,15.0,0.0,0,402.0,60.0,1,0
403.0,J2,94,37.79,2.8,38.0,52.5,7,52.5,0.0,1,403.0,75.0,1,0
403.0,J3,94,37.79,2.8,38.0,15.0,2,15.0,0.0,1,403.0,60.0,1,0
403.0,J1,94,37.79,2.8,38.0,15.0,2,15.0,0.0,1,403.0,60.0,1,0
404.0,J2,93,36.8,2.95,39.0,52.5,7,52.5,0.0,1,404.0,75.0,1,0
404.0,J3,93,36.8,2.95,39.0,15.0,2,15.0,0.0,1,404.0,67.5,1,0
404.0,J1,93,36.8,2.95,39.0,15.0,2,15.0,0.0,1,404.0,60.0,1,0
405.0,J2,92,35.0,3.11,40.0,60.0,8,52.5,7.5,1,405.0,75.0,1,0
405.0,J3,92,35.0,3.11,40.0,15.0,2,15.0,0.0,1,405.0,67.5,1,0
405.0,J1,92,35.0,3.11,40.0,15.0,2,15.0,0.0,1,405.0,60.0,1,0
406.0,J2,89,34.11,0.56,27.0,37.5,5,52.5,-15.0,2,406.0,75.0,1,0
406.0,J3,89,34.11,0.56,27.0,0.0,0,15.0,-15.0,2,406.0,67.5,1,0
406.0,J1,89,34.11,0.56,27.0,0.0,0,15.0,-15.0,2,406.0,60.0,1,0
407.0,J2,90,33.73,0.07,3.0,22.5,3,52.5,-30.0,2,407.0,75.0,1,0
407.0,J3,90,33.73,0.07,3.0,0.0,0,15.0,-15.0,2,407.0,75.0,1,0
407.0,J1,90,33.73,0.07,3.0,0.0,0,15.0,-15.0,2,407.0,60.0,1,0
408.0,J2,88,33.53,0.09,4.0,22.5,3,52.5,-30.0,2,408.0,82.5,1,0
408.0,J3,88,33.53,0.09,4.0,0.0,0,15.0,-15.0,2,408.0,75.0,1,0
408.0,J1,88,33.53,0.09,4.0,7.5,1,15.0,-7.5,2,408.0,60.0,1,0
409.0,J2,87,33.64,0.18,5.0,37.5,5,52.5,-15.0,2,409.0,90.0,1,0
409.0,J3,87,33.64,0.18,5.0,7.5,1,15.0,-7.5,2,409.0,75.0,1,0
409.0,J1,87,33.64,0.18,5.0,15.0,2,15.0,0.0,2,409.0,60.0,1,0
410.0,J2,88,33.9,0.3,6.0,37.5,5,60.0,-22.5,2,410.0,90.0,1,0
410.0,J3,88,33.9,0.3,6.0,7.5,1,15.0,-7.5,2,410.0,75.0,1,0
410.0,J1,88,33.9,0.3,6.0,30.0,4,15.0,15.0,2,410.0,60.0,1,0
411.0,J2,88,33.76,0.43,7.0,45.0,6,37.5,7.5,2,411.0,90.0,1,0
411.0,J3,88,33.76,0.43,7.0,15.0,2,0.0,15.0,2,411.0,82.5,1,0
411.0,J1,88,33.76,0.43,7.0,30.0,4,0.0,30.0,2,411.0,60.0,1,0
412.0,J2,87,32.45,0.59,8.0,52.5,7,22.5,30.0,2,412.0,90.0,1,0
412.0,J3,87,32.45,0.59,8.0,15.0,2,0.0,15.0,2,412.0,75.0,1,0
412.0,J1,87,32.45,0.59,8.0,30.0,4,0.0,30.0,2,412.0,60.0,1,0
413.0,J2,87,31.47,0.77,9.0,60.0,8,22.5,37.5,2,413.0,90.0,1,0
413.0,J3,87,31.47,0.77,9.0,30.0,4,0.0,30.0,2,413.0,82.5,1,0
413.0,J1,87,31.47,0.77,9.0,30.0,4,7.5,22.5,2,413.0,67.5,1,0
414.0,J2,89,30.89,0.97,10.0,75.0,10,37.5,37.5,2,414.0,90.0,1,0
414.0,J3,89,30.89,0.97,10.0,30.0,4,7.5,22.5,2,414.0,82.5,1,0
414.0,J1,89,30.89,0.97,10.0,37.5,5,15.0,22.5,2,414.0,67.5,1,0
415.0,J2,89,30.66,1.22,11.0,90.0,12,37.5,52.5,2,415.0,90.0,1,0
415.0,J3,89,30.66,1.22,11.0,30.0,4,7.5,22.5,2,415.0,82.5,1,0
415.0,J1,89,30.66,1.22,11.0,52.5,7,30.0,22.5,2,415.0,67.5,1,0
416.0,J2,89,30.07,1.51,12.0,105.0,14,45.0,60.0,2,416.0,90.0,1,0
416.0,J3,89,30.07,1.51,12.0,30.0,4,15.0,15.0,2,416.0,97.5,1,0
416.0,J1,89,30.07,1.51,12.0,52.5,7,30.0,22.5,2,416.0,67.5,1,0
417.0,J2,91,30.01,1.76,13.0,112.5,15,52.5,60.0,2,417.0,90.0,1,0
417.0,J3,91,30.01,1.76,13.0,30.0,4,15.0,15.0,2,417.0,105.0,1,0
417.0,J1,91,30.01,1.76,13.0,52.5,7,30.0,22.5,2,417.0,67.5,1,0
418.0,J2,91,29.35,2.05,14.0,120.0,16,60.0,60.0,2,418.0,90.0,1,0
418.0,J3,91,29.35,2.05,14.0,30.0,4,30.0,0.0,2,418.0,112.5,1,0
418.0,J1,91,29.35,2.05,14.0,52.5,7,30.0,22.5,2,418.0,67.5,1,0
419.0,J2,92,29.37,2.34,15.0,120.0,16,75.0,45.0,2,419.0,90.0,1,0
419.0,J3,92,29.37,2.34,15.0,30.0,4,30.0,0.0,2,419.0,112.5,1,0
419.0,J1,92,29.37,2.34,15.0,60.0,8,37.5,22.5,2,419.0,67.5,1,0
420.0,J2,93,28.86,2.63,16.0,135.0,18,90.0,45.0,2,420.0,90.0,1,0
420.0,J3,93,28.86,2.63,16.0,30.0,4,30.0,0.0,2,420.0,112.5,1,0
420.0,J1,93,28.86,2.63,16.0,60.0,8,52.5,7.5,2,420.0,67.5,1,0
421.0,J2,94,29.05,2.93,17.0,135.0,18,105.0,30.0,2,421.0,45.0,1,0
421.0,J3,94,29.05,2.93,17.0,30.0,4,30.0,0.0,2,421.0,67.5,1,0
421.0,J1,94,29.05,2.93,17.0,60.0,8,52.5,7.5,2,421.0,30.0,0,0
422.0,J2,94,29.02,3.27,18.0,150.0,20,112.5,37.5,2,422.0,7.5,0,0
422.0,J3,94,29.02,3.27,18.0,30.0,4,30.0,0.0,2,422.0,22.5,0,0
422.0,J1,94,29.02,3.27,18.0,60.0,8,52.5,7.5,2,422.0,7.5,0,0
423.0,J2,93,28.87,3.65,19.0,150.0,20,120.0,30.0,2,423.0,0.0,0,0
423.0,J3,93,28.87,3.65,19.0,30.0,4,30.0,0.0,2,423.0,0.0,0,0
423.0,J1,93,28.87,3.65,19.0,60.0,8,52.5,7.5,2,423.0,0.0,0,0
424.0,J2,93,28.66,3.99,20.0,150.0,20,120.0,30.0,2,424.0,0.0,0,0
424.0,J3,93,28.66,3.99,20.0,30.0,4,30.0,0.0,2,424.0,0.0,0,0
424.0,J1,93,28.66,3.99,20.0,60.0,8,60.0,0.0,2,424.0,0.0,0,0
425.0,J2,93,28.72,4.33,21.0,150.0,20,135.0,15.0,2,425.0,7.5,0,0
425.0,J3,93,28.72,4.33,21.0,30.0,4,30.0,0.0,2,425.0,0.0,0,0
425.0,J1,93,28.72,4.33,21.0,60.0,8,60.0,0.0,2,425.0,0.0,0,0
426.0,J2,93,28.57,4.68,22.0,150.0,20,135.0,15.0,2,426.0,15.0,0,0
426.0,J3,93,28.57,4.68,22.0,30.0,4,30.0,0.0,2,426.0,0.0,0,0
426.0,J1,93,28.57,4.68,22.0,60.0,8,60.0,0.0,2,426.0,0.0,0,0
427.0,J2,94,28.42,4.97,23.0,150.0,20,150.0,0.0,2,427.0,15.0,0,0
427.0,J3,94,28.42,4.97,23.0,30.0,4,30.0,0.0,2,427.0,0.0,0,0
427.0,J1,94,28.42,4.97,23.0,60.0,8,60.0,0.0,2,427.0,0.0,0,0
428.0,J2,94,28.12,5.32,24.0,157.5,21,150.0,7.5,2,428.0,15.0,0,0
428.0,J3,94,28.12,5.32,24.0,30.0,4,30.0,0.0,2,428.0,0.0,0,0
428.0,J1,94,28.12,5.32,24.0,60.0,8,60.0,0.0,2,428.0,0.0,0,0
429.0,J2,94,27.85,5.67,25.0,157.5,21,150.0,7.5,2,429.0,22.5,0,0
429.0,J3,94,27.85,5.67,25.0,30.0,4,30.0,0.0,2,429.0,0.0,0,0
429.0,J1,94,27.85,5.67,25.0,60.0,8,60.0,0.0,2,429.0,0.0,0,0
430.0,J2,94,27.45,6.02,26.0,157.5,21,150.0,7.5,2,430.0,22.5,0,0
430.0,J3,94,27.45,6.02,26.0,30.0,4,30.0,0.0,2,430.0,0.0,0,0
430.0,J1,94,27.45,6.02,26.0,60.0,8,60.0,0.0,2,430.0,0.0,0,0
431.0,J2,95,27.29,6.32,27.0,157.5,21,150.0,7.5,2,431.0,22.5,0,0
431.0,J3,95,27.29,6.32,27.0,37.5,5,30.0,7.5,2,431.0,0.0,0,0
431.0,J1,95,27.29,6.32,27.0,60.0,8,60.0,0.0,2,431.0,0.0,0,0
432.0,J2,95,26.8,6.69,28.0,172.5,23,150.0,22.5,2,432.0,22.5,0,0
432.0,J3,95,26.8,6.69,28.0,37.5,5,30.0,7.5,2,432.0,0.0,0,0
432.0,J1,95,26.8,6.69,28.0,60.0,8,60.0,0.0,2,432.0,7.5,0,0
433.0,J2,96,26.54,7.01,29.0,180.0,24,157.5,22.5,2,433.0,22.5,0,0
433.0,J3,96,26.54,7.01,29.0,37.5,5,30.0,7.5,2,433.0,0.0,0,0
433.0,J1,96,26.54,7.01,29.0,60.0,8,60.0,0.0,2,433.0,7.5,0,0
434.0,J2,96,26.55,7.39,30.0,180.0,24,157.5,22.5,2,434.0,22.5,0,0
434.0,J3,96,26.55,7.39,30.0,37.5,5,30.0,7.5,2,434.0,0.0,0,0
434.0,J1,96,26.55,7.39,30.0,60.0,8,60.0,0.0,2,434.0,7.5,0,0
435.0,J2,96,26.02,7.77,31.0,180.0,24,157.5,22.5,2,435.0,22.5,0,0
435.0,J3,96,26.02,7.77,31.0,37.5,5,30.0,7.5,2,435.0,0.0,0,0
435.0,J1,96,26.02,7.77,31.0,60.0,8,60.0,0.0,2,435.0,7.5,0,0
436.0,J2,97,25.47,8.07,32.0,180.0,24,157.5,22.5,2,436.0,22.5,0,0
436.0,J3,97,25.47,8.07,32.0,37.5,5,37.5,0.0,2,436.0,0.0,0,0
436.0,J1,97,25.47,8.07,32.0,60.0,8,60.0,0.0,2,436.0,7.5,0,0
437.0,J2,97,24.48,8.47,33.0,187.5,25,172.5,15.0,2,437.0,30.0,0,0
437.0,J3,97,24.48,8.47,33.0,45.0,6,37.5,7.5,2,437.0,7.5,0,0
437.0,J1,97,24.48,8.47,33.0,60.0,8,60.0,0.0,2,437.0,7.5,0,0
438.0,J2,97,23.32,8.88,34.0,187.5,25,180.0,7.5,2,438.0,30.0,0,0
438.0,J3,97,23.32,8.88,34.0,45.0,6,37.5,7.5,2,438.0,7.5,0,0
438.0,J1,97,23.32,8.88,34.0,60.0,8,60.0,0.0,2,438.0,7.5,0,0
439.0,J2,98,23.07,9.22,35.0,202.5,27,180.0,22.5,2,439.0,30.0,0,0
439.0,J3,98,23.07,9.22,35.0,60.0,8,37.5,22.5,2,439.0,7.5,0,0
439.0,J1,98,23.07,9.22,35.0,60.0,8,60.0,0.0,2,439.0,7.5,0,0
440.0,J2,98,22.18,9.68,36.0,202.5,27,180.0,22.5,2,440.0,30.0,0,0
440.0,J3,98,22.18,9.68,36.0,75.0,10,37.5,37.5,2,440.0,15.0,0,0
440.0,J1,98,22.18,9.68,36.0,60.0,8,60.0,0.0,2,440.0,7.5,0,0
441.0,J2,97,21.31,10.27,37.0,202.5,27,180.0,22.5,2,441.0,30.0,0,0
441.0,J3,97,21.31,10.27,37.0,82.5,11,37.5,45.0,2,441.0,15.0,0,0
441.0,J1,97,21.31,10.27,37.0,67.5,9,60.0,7.5,2,441.0,7.5,0,0
442.0,J2,97,21.27,10.76,38.0,202.5,27,187.5,15.0,2,442.0,30.0,0,0
442.0,J3,97,21.27,10.76,38.0,82.5,11,45.0,37.5,2,442.0,15.0,0,0
442.0,J1,97,21.27,10.76,38.0,75.0,10,60.0,15.0,2,442.0,7.5,0,0
443.0,J2,97,21.13,11.28,39.0,202.5,27,187.5,15.0,2,443.0,30.0,0,0
443.0,J3,97,21.13,11.28,39.0,90.0,12,45.0,45.0,2,443.0,15.0,0,0
443.0,J1,97,21.13,11.28,39.0,82.5,11,60.0,22.5,2,443.0,7.5,0,0
444.0,J2,95,20.64,12.05,40.0,202.5,27,202.5,0.0,2,444.0,37.5,1,0
444.0,J3,95,20.64,12.05,40.0,97.5,13,60.0,37.5,2,444.0,15.0,0,0
444.0,J1,95,20.64,12.05,40.0,82.5,11,60.0,22.5,2,444.0,7.5,0,0
445.0,J2,95,20.43,12.59,41.0,202.5,27,202.5,0.0,2,445.0,45.0,1,0
445.0,J3,95,20.43,12.59,41.0,97.5,13,75.0,22.5,2,445.0,15.0,0,0
445.0,J1,95,20.43,12.59,41.0,82.5,11,60.0,22.5,2,445.0,7.5,0,0
446.0,J2,92,19.63,13.55,42.0,202.5,27,202.5,0.0,2,446.0,45.0,1,0
446.0,J3,92,19.63,13.55,42.0,97.5,13,82.5,15.0,2,446.0,15.0,0,0
446.0,J1,92,19.63,13.55,42.0,82.5,11,67.5,15.0,2,446.0,7.5,0,0
447.0,J2,93,19.88,13.96,43.0,202.5,27,202.5,0.0,2,447.0,45.0,1,0
447.0,J3,93,19.88,13.96,43.0,97.5,13,82.5,15.0,2,447.0,15.0,0,0
447.0,J1,93,19.88,13.96,43.0,82.5,11,75.0,7.5,2,447.0,7.5,0,0
448.0,J2,91,19.23,14.82,44.0,202.5,27,202.5,0.0,3,448.0,45.0,1,0
448.0,J3,91,19.23,14.82,44.0,97.5,13,90.0,7.5,3,448.0,15.0,0,0
448.0,J1,91,19.23,14.82,44.0,82.5,11,82.5,0.0,3,448.0,7.5,0,0
449.0,J2,90,18.62,15.56,45.0,202.5,27,202.5,0.0,3,449.0,45.0,1,0
449.0,J3,90,18.62,15.56,45.0,97.5,13,97.5,0.0,3,449.0,15.0,0,0
449.0,J1,90,18.62,15.56,45.0,82.5,11,82.5,0.0,3,449.0,7.5,0,0
450.0,J2,91,18.63,15.95,46.0,202.5,27,202.5,0.0,3,450.0,45.0,1,0
450.0,J3,91,18.63,15.95,46.0,97.5,13,97.5,0.0,3,450.0,15.0,0,0
450.0,J1,91,18.63,15.95,46.0,82.5,11,82.5,0.0,3,450.0,7.5,0,0
451.0,J2,89,18.59,9.84,44.0,157.5,21,202.5,-45.0,0,451.0,45.0,1,0
451.0,J3,89,18.59,9.84,44.0,52.5,7,97.5,-45.0,0,451.0,15.0,0,0
451.0,J1,89,18.59,9.84,44.0,45.0,6,82.5,-37.5,0,451.0,7.5,0,0
452.0,J2,89,20.14,5.48,39.0,112.5,15,202.5,-90.0,0,452.0,45.0,1,0
452.0,J3,89,20.14,5.48,39.0,22.5,3,97.5,-75.0,0,452.0,22.5,0,0
452.0,J1,89,20.14,5.48,39.0,15.0,2,82.5,-67.5,0,452.0,7.5,0,0
453.0,J2,89,22.53,2.71,36.0,75.0,10,202.5,-127.5,0,453.0,52.5,1,0
453.0,J3,89,22.53,2.71,36.0,7.5,1,97.5,-90.0,0,453.0,22.5,0,0
453.0,J1,89,22.53,2.71,36.0,7.5,1,82.5,-75.0,0,453.0,7.5,0,0
454.0,J2,90,25.11,1.77,35.0,60.0,8,202.5,-142.5,0,454.0,52.5,1,0
454.0,J3,90,25.11,1.77,35.0,0.0,0,97.5,-97.5,0,454.0,22.5,0,0
454.0,J1,90,25.11,1.77,35.0,7.5,1,82.5,-75.0,0,454.0,7.5,0,0
455.0,J2,88,27.24,1.03,28.0,37.5,5,202.5,-165.0,0,455.0,52.5,1,0
455.0,J3,88,27.24,1.03,28.0,0.0,0,97.5,-97.5,0,455.0,22.5,0,0
455.0,J1,88,27.24,1.03,28.0,7.5,1,82.5,-75.0,0,455.0,7.5,0,0
456.0,J2,88,29.6,0.38,25.0,15.0,2,157.5,-142.5,0,456.0,52.5,1,0
456.0,J3,88,29.6,0.38,25.0,0.0,0,52.5,-52.5,0,456.0,22.5,0,0
456.0,J1,88,29.6,0.38,25.0,15.0,2,45.0,-30.0,0,456.0,7.5,0,0
457.0,J2,88,32.08,0.12,5.0,7.5,1,112.5,-105.0,0,457.0,52.5,1,0
457.0,J3,88,32.08,0.12,5.0,0.0,0,22.5,-22.5,0,457.0,22.5,0,0
457.0,J1,88,32.08,0.12,5.0,15.0,2,15.0,0.0,0,457.0,7.5,0,0
458.0,J2,87,33.89,0.16,6.0,7.5,1,75.0,-67.5,0,458.0,52.5,1,0
458.0,J3,87,33.89,0.16,6.0,0.0,0,7.5,-7.5,0,458.0,22.5,0,0
458.0,J1,87,33.89,0.16,6.0,15.0,2,7.5,7.5,0,458.0,7.5,0,0
459.0,J2,87,35.47,0.22,7.0,15.0,2,60.0,-45.0,0,459.0,52.5,1,0
459.0,J3,87,35.47,0.22,7.0,0.0,0,0.0,0.0,0,459.0,22.5,0,0
459.0,J1,87,35.47,0.22,7.0,22.5,3,7.5,15.0,0,459.0,7.5,0,0
460.0,J2,89,37.09,0.28,8.0,22.5,3,37.5,-15.0,0,460.0,52.5,1,0
460.0,J3,89,37.09,0.28,8.0,0.0,0,0.0,0.0,0,460.0,22.5,0,0
460.0,J1,89,37.09,0.28,8.0,22.5,3,7.5,15.0,0,460.0,7.5,0,0
461.0,J2,90,37.96,0.34,9.0,22.5,3,15.0,7.5,0,461.0,52.5,1,0
461.0,J3,90,37.96,0.34,9.0,0.0,0,0.0,0.0,0,461.0,22.5,0,0
461.0,J1,90,37.96,0.34,9.0,22.5,3,15.0,7.5,0,461.0,7.5,0,0
462.0,J2,90,38.13,0.41,10.0,22.5,3,7.5,15.0,0,462.0,52.5,1,0
462.0,J3,90,38.13,0.41,10.0,0.0,0,0.0,0.0,0,462.0,22.5,0,0
462.0,J1,90,38.13,0.41,10.0,22.5,3,15.0,7.5,0,462.0,7.5,0,0
463.0,J2,88,39.23,0.49,11.0,22.5,3,7.5,15.0,0,463.0,52.5,1,0
463.0,J3,88,39.23,0.49,11.0,0.0,0,0.0,0.0,0,463.0,22.5,0,0
463.0,J1,88,39.23,0.49,11.0,22.5,3,15.0,7.5,0,463.0,7.5,0,0
464.0,J2,88,39.39,0.56,12.0,22.5,3,15.0,7.5,0,464.0,52.5,1,0
464.0,J3,88,39.39,0.56,12.0,0.0,0,0.0,0.0,0,464.0,22.5,0,0
464.0,J1,88,39.39,0.56,12.0,22.5,3,22.5,0.0,0,464.0,7.5,0,0
465.0,J2,89,39.68,0.62,13.0,22.5,3,22.5,0.0,0,465.0,60.0,1,0
465.0,J3,89,39.68,0.62,13.0,0.0,0,0.0,0.0,0,465.0,30.0,0,0
465.0,J1,89,39.68,0.62,13.0,22.5,3,22.5,0.0,0,465.0,7.5,0,0
466.0,J2,90,39.8,0.68,14.0,22.5,3,22.5,0.0,0,466.0,37.5,1,0
466.0,J3,90,39.8,0.68,14.0,0.0,0,0.0,0.0,0,466.0,7.5,0,0
466.0,J1,90,39.8,0.68,14.0,22.5,3,22.5,0.0,0,466.0,7.5,0,0
467.0,J2,90,39.38,0.74,15.0,22.5,3,22.5,0.0,0,467.0,22.5,0,0
467.0,J3,90,39.38,0.74,15.0,0.0,0,0.0,0.0,0,467.0,15.0,0,0
467.0,J1,90,39.38,0.74,15.0,22.5,3,22.5,0.0,0,467.0,7.5,0,0
468.0,J2,89,39.19,0.84,16.0,30.0,4,22.5,7.5,0,468.0,15.0,0,0
468.0,J3,89,39.19,0.84,16.0,7.5,1,0.0,7.5,0,468.0,22.5,0,0
468.0,J1,89,39.19,0.84,16.0,22.5,3,22.5,0.0,0,468.0,15.0,0,0
469.0,J2,89,39.37,0.94,17.0,37.5,5,22.5,15.0,0,469.0,45.0,1,0
469.0,J3,89,39.37,0.94,17.0,7.5,1,0.0,7.5,0,469.0,30.0,0,0
469.0,J1,89,39.37,0.94,17.0,22.5,3,22.5,0.0,0,469.0,22.5,0,0
470.0,J2,90,39.53,1.03,18.0,37.5,5,22.5,15.0,0,470.0,52.5,1,0
470.0,J3,90,39.53,1.03,18.0,7.5,1,0.0,7.5,0,470.0,30.0,0,0
470.0,J1,90,39.53,1.03,18.0,22.5,3,22.5,0.0,0,470.0,22.5,0,0
471.0,J2,90,39.36,1.13,19.0,37.5,5,22.5,15.0,0,471.0,52.5,1,0
471.0,J3,90,39.36,1.13,19.0,7.5,1,0.0,7.5,0,471.0,30.0,0,0
471.0,J1,90,39.36,1.13,19.0,22.5,3,22.5,0.0,0,471.0,30.0,0,0
472.0,J2,90,39.29,1.23,20.0,37.5,5,22.5,15.0,0,472.0,60.0,1,0
472.0,J3,90,39.29,1.23,20.0,7.5,1,0.0,7.5,0,472.0,30.0,0,0
472.0,J1,90,39.29,1.23,20.0,22.5,3,22.5,0.0,0,472.0,37.5,1,0
473.0,J2,92,39.04,1.3,21.0,37.5,5,30.0,7.5,0,473.0,60.0,1,0
473.0,J3,92,39.04,1.3,21.0,7.5,1,7.5,0.0,0,473.0,37.5,1,0
473.0,J1,92,39.04,1.3,21.0,22.5,3,22.5,0.0,0,473.0,45.0,1,0
474.0,J2,93,39.51,1.39,22.0,37.5,5,37.5,0.0,0,474.0,67.5,1,0
474.0,J3,93,39.51,1.39,22.0,7.5,1,7.5,0.0,0,474.0,37.5,1,0
474.0,J1,93,39.51,1.39,22.0,22.5,3,22.5,0.0,0,474.0,45.0,1,0
475.0,J2,93,39.43,1.49,23.0,45.0,6,37.5,7.5,0,475.0,67.5,1,0
475.0,J3,93,39.43,1.49,23.0,7.5,1,7.5,0.0,0,475.0,45.0,1,0
475.0,J1,93,39.43,1.49,23.0,22.5,3,22.5,0.0,0,475.0,45.0,1,0
476.0,J2,93,39.25,1.6,24.0,45.0,6,37.5,7.5,0,476.0,67.5,1,0
476.0,J3,93,39.25,1.6,24.0,7.5,1,7.5,0.0,0,476.0,52.5,1,0
476.0,J1,93,39.25,1.6,24.0,22.5,3,22.5,0.0,0,476.0,45.0,1,0
477.0,J2,93,39.73,1.71,25.0,45.0,6,37.5,7.5,0,477.0,67.5,1,0
477.0,J3,93,39.73,1.71,25.0,7.5,1,7.5,0.0,0,477.0,45.0,1,0
477.0,J1,93,39.73,1.71,25.0,22.5,3,22.5,0.0,0,477.0,52.5,1,0
478.0,J2,92,39.36,1.84,26.0,45.0,6,37.5,7.5,0,478.0,67.5,1,0
478.0,J3,92,39.36,1.84,26.0,7.5,1,7.5,0.0,0,478.0,45.0,1,0
478.0,J1,92,39.36,1.84,26.0,22.5,3,22.5,0.0,0,478.0,60.0,1,0
479.0,J2,91,39.28,1.97,27.0,45.0,6,37.5,7.5,0,479.0,67.5,1,0
479.0,J3,91,39.28,1.97,27.0,7.5,1,7.5,0.0,0,479.0,45.0,1,0
479.0,J1,91,39.28,1.97,27.0,22.5,3,22.5,0.0,0,479.0,67.5,1,0
480.0,J2,91,39.48,2.08,28.0,45.0,6,45.0,0.0,0,480.0,67.5,1,0
480.0,J3,91,39.48,2.08,28.0,7.5,1,7.5,0.0,0,480.0,45.0,1,0
480.0,J1,91,39.48,2.08,28.0,22.5,3,22.5,0.0,0,480.0,67.5,1,0
481.0,J2,90,39.23,2.21,29.0,45.0,6,45.0,0.0,0,481.0,75.0,1,0
481.0,J3,90,39.23,2.21,29.0,7.5,1,7.5,0.0,0,481.0,45.0,1,0
481.0,J1,90,39.23,2.21,29.0,22.5,3,22.5,0.0,0,481.0,67.5,1,0
482.0,J2,91,39.05,2.3,30.0,45.0,6,45.0,0.0,0,482.0,75.0,1,0
482.0,J3,91,39.05,2.3,30.0,7.5,1,7.5,0.0,0,482.0,45.0,1,0
482.0,J1,91,39.05,2.3,30.0,22.5,3,22.5,0.0,0,482.0,67.5,1,0
483.0,J2,91,38.79,2.41,31.0,45.0,6,45.0,0.0,0,483.0,75.0,1,0
483.0,J3,91,38.79,2.41,31.0,7.5,1,7.5,0.0,0,483.0,60.0,1,0
483.0,J1,91,38.79,2.41,31.0,22.5,3,22.5,0.0,0,483.0,67.5,1,0
484.0,J2,90,38.54,2.54,32.0,45.0,6,45.0,0.0,0,484.0,82.5,1,0
484.0,J3,90,38.54,2.54,32.0,7.5,1,7.5,0.0,0,484.0,60.0,1,0
484.0,J1,90,38.54,2.54,32.0,22.5,3,22.5,0.0,0,484.0,67.5,1,0
485.0,J2,90,38.35,2.66,33.0,45.0,6,45.0,0.0,0,485.0,82.5,1,0
485.0,J3,90,38.35,2.66,33.0,7.5,1,7.5,0.0,0,485.0,60.0,1,0
485.0,J1,90,38.35,2.66,33.0,22.5,3,22.5,0.0,0,485.0,67.5,1,0
486.0,J2,89,38.28,2.81,34.0,52.5,7,45.0,7.5,0,486.0,82.5,1,0
486.0,J3,89,38.28,2.81,34.0,7.5,1,7.5,0.0,0,486.0,60.0,1,0
486.0,J1,89,38.28,2.81,34.0,22.5,3,22.5,0.0,0,486.0,67.5,1,0
487.0,J2,89,38.13,2.94,35.0,52.5,7,45.0,7.5,0,487.0,82.5,1,0
487.0,J3,89,38.13,2.94,35.0,7.5,1,7.5,0.0,0,487.0,60.0,1,0
487.0,J1,89,38.13,2.94,35.0,30.0,4,22.5,7.5,0,487.0,67.5,1,0
488.0,J2,90,37.92,3.04,36.0,52.5,7,45.0,7.5,0,488.0,82.5,1,0
488.0,J3,90,37.92,3.04,36.0,7.5,1,7.5,0.0,0,488.0,60.0,1,0
488.0,J1,90,37.92,3.04,36.0,30.0,4,22.5,7.5,0,488.0,67.5,1,0
489.0,J2,90,37.93,3.18,37.0,52.5,7,45.0,7.5,0,489.0,82.5,1,0
489.0,J3,90,37.93,3.18,37.0,7.5,1,7.5,0.0,0,489.0,60.0,1,0
489.0,J1,90,37.93,3.18,37.0,30.0,4,22.5,7.5,0,489.0,67.5,1,0
490.0,J2,88,37.41,3.39,38.0,52.5,7,45.0,7.5,0,490.0,82.5,1,0
490.0,J3,88,37.41,3.39,38.0,7.5,1,7.5,0.0,0,490.0,60.0,1,0
490.0,J1,88,37.41,3.39,38.0,30.0,4,22.5,7.5,0,490.0,67.5,1,0
491.0,J2,88,37.11,3.52,39.0,52.5,7,52.5,0.0,0,491.0,90.0,1,0
491.0,J3,88,37.11,3.52,39.0,7.5,1,7.5,0.0,0,491.0,60.0,1,0
491.0,J1,88,37.11,3.52,39.0,30.0,4,22.5,7.5,0,491.0,67.5,1,0
492.0,J2,87,36.9,3.7,40.0,52.5,7,52.5,0.0,0,492.0,90.0,1,0
492.0,J3,87,36.9,3.7,40.0,7.5,1,7.5,0.0,0,492.0,60.0,1,0
492.0,J1,87,36.9,3.7,40.0,30.0,4,30.0,0.0,0,492.0,67.5,1,0
493.0,J2,87,36.0,3.84,41.0,52.5,7,52.5,0.0,1,493.0,90.0,1,0
493.0,J3,87,36.0,3.84,41.0,7.5,1,7.5,0.0,1,493.0,60.0,1,0
493.0,J1,87,36.0,3.84,41.0,30.0,4,30.0,0.0,1,493.0,67.5,1,0
494.0,J2,85,34.94,4.08,42.0,60.0,8,52.5,7.5,1,494.0,97.5,1,0
494.0,J3,85,34.94,4.08,42.0,7.5,1,7.5,0.0,1,494.0,60.0,1,0
494.0,J1,85,34.94,4.08,42.0,30.0,4,30.0,0.0,1,494.0,67.5,1,0
495.0,J2,86,33.21,4.2,43.0,67.5,9,52.5,15.0,1,495.0,97.5,1,0
495.0,J3,86,33.21,4.2,43.0,7.5,1,7.5,0.0,1,495.0,60.0,1,0
495.0,J1,86,33.21,4.2,43.0,30.0,4,30.0,0.0,1,495.0,75.0,1,0
496.0,J2,84,32.12,0.9,28.0,37.5,5,52.5,-15.0,2,496.0,97.5,1,0
496.0,J3,84,32.12,0.9,28.0,0.0,0,7.5,-7.5,2,496.0,60.0,1,0
496.0,J1,84,32.12,0.9,28.0,7.5,1,30.0,-22.5,2,496.0,75.0,1,0
497.0,J2,85,31.46,0.12,4.0,37.5,5,52.5,-15.0,2,497.0,97.5,1,0
497.0,J3,85,31.46,0.12,4.0,0.0,0,7.5,-7.5,2,497.0,60.0,1,0
497.0,J1,85,31.46,0.12,4.0,0.0,0,30.0,-30.0,2,497.0,75.0,1,0
498.0,J2,85,30.27,0.12,2.0,45.0,6,52.5,-7.5,2,498.0,105.0,1,0
498.0,J3,85,30.27,0.12,2.0,0.0,0,7.5,-7.5,2,498.0,60.0,1,0
498.0,J1,85,30.27,0.12,2.0,7.5,1,30.0,-22.5,2,498.0,75.0,1,0
499.0,J2,84,29.16,0.18,3.0,30.0,4,60.0,-30.0,2,499.0,105.0,1,0
499.0,J3,84,29.16,0.18,3.0,7.5,1,7.5,0.0,2,499.0,67.5,1,0
499.0,J1,84,29.16,0.18,3.0,15.0,2,30.0,-15.0,2,499.0,75.0,1,0
500.0,J2,84,28.66,0.3,4.0,37.5,5,67.5,-30.0,2,500.0,105.0,1,0
500.0,J3,84,28.66,0.3,4.0,15.0,2,7.5,7.5,2,500.0,82.5,1,0
500.0,J1,84,28.66,0.3,4.0,22.5,3,30.0,-7.5,2,500.0,75.0,1,0
501.0,J2,84,28.53,0.46,5.0,52.5,7,37.5,15.0,2,501.0,105.0,1,0
501.0,J3,84,28.53,0.46,5.0,30.0,4,0.0,30.0,2,501.0,90.0,1,0
501.0,J1,84,28.53,0.46,5.0,22.5,3,7.5,15.0,2,501.0,82.5,1,0
502.0,J2,84,28.83,0.65,6.0,60.0,8,37.5,22.5,2,502.0,105.0,1,0
502.0,J3,84,28.83,0.65,6.0,37.5,5,0.0,37.5,2,502.0,97.5,1,0
502.0,J1,84,28.83,0.65,6.0,22.5,3,0.0,22.5,2,502.0,90.0,1,0
503.0,J2,84,28.77,0.88,7.0,67.5,9,45.0,22.5,2,503.0,105.0,1,0
503.0,J3,84,28.77,0.88,7.0,52.5,7,0.0,52.5,2,503.0,120.0,1,0
503.0,J1,84,28.77,0.88,7.0,22.5,3,7.5,15.0,2,503.0,90.0,1,0
504.0,J2,84,28.1,1.11,8.0,67.5,9,30.0,37.5,2,504.0,112.5,1,0
504.0,J3,84,28.1,1.11,8.0,52.5,7,7.5,45.0,2,504.0,120.0,1,0
504.0,J1,84,28.1,1.11,8.0,22.5,3,15.0,7.5,2,504.0,90.0,1,0
505.0,J2,85,27.71,1.35,9.0,67.5,9,37.5,30.0,2,505.0,105.0,1,0
505.0,J3,85,27.71,1.35,9.0,75.0,10,15.0,60.0,2,505.0,120.0,1,0
505.0,J1,85,27.71,1.35,9.0,22.5,3,22.5,0.0,2,505.0,90.0,1,0
506.0,J2,85,26.79,1.64,10.0,67.5,9,52.5,15.0,2,506.0,112.5,1,0
506.0,J3,85,26.79,1.64,10.0,82.5,11,30.0,52.5,2,506.0,120.0,1,0
506.0,J1,85,26.79,1.64,10.0,30.0,4,22.5,7.5,2,506.0,90.0,1,0
507.0,J2,85,25.89,1.93,11.0,67.5,9,60.0,7.5,2,507.0,112.5,1,0
507.0,J3,85,25.89,1.93,11.0,90.0,12,37.5,52.5,2,507.0,120.0,1,0
507.0,J1,85,25.89,1.93,11.0,30.0,4,22.5,7.5,2,507.0,90.0,1,0
508.0,J2,85,25.4,2.25,12.0,75.0,10,67.5,7.5,2,508.0,112.5,1,0
508.0,J3,85,25.4,2.25,12.0,97.5,13,52.5,45.0,2,508.0,120.0,1,0
508.0,J1,85,25.4,2.25,12.0,30.0,4,22.5,7.5,2,508.0,90.0,1,0
509.0,J2,86,24.59,2.55,13.0,75.0,10,67.5,7.5,2,509.0,112.5,1,0
509.0,J3,86,24.59,2.55,13.0,105.0,14,52.5,52.5,2,509.0,120.0,1,0
509.0,J1,86,24.59,2.55,13.0,30.0,4,22.5,7.5,2,509.0,90.0,1,0
510.0,J2,86,23.93,2.91,14.0,75.0,10,67.5,7.5,2,510.0,112.5,1,0
510.0,J3,86,23.93,2.91,14.0,127.5,17,75.0,52.5,2,510.0,120.0,1,0
510.0,J1,86,23.93,2.91,14.0,30.0,4,22.5,7.5,2,510.0,97.5,1,0
511.0,J2,87,23.22,3.26,15.0,82.5,11,67.5,15.0,2,511.0,67.5,1,0
511.0,J3,87,23.22,3.26,15.0,142.5,19,82.5,60.0,2,511.0,75.0,1,0
511.0,J1,87,23.22,3.26,15.0,30.0,4,30.0,0.0,2,511.0,52.5,1,0
512.0,J2,88,22.53,3.64,16.0,82.5,11,67.5,15.0,2,512.0,37.5,1,0
512.0,J3,88,22.53,3.64,16.0,157.5,21,90.0,67.5,2,512.0,37.5,1,0
512.0,J1,88,22.53,3.64,16.0,30.0,4,30.0,0.0,2,512.0,7.5,0,0
513.0,J2,89,22.41,4.01,17.0,90.0,12,75.0,15.0,2,513.0,15.0,0,0
513.0,J3,89,22.41,4.01,17.0,157.5,21,97.5,60.0,2,513.0,15.0,0,0
513.0,J1,89,22.41,4.01,17.0,30.0,4,30.0,0.0,2,513.0,0.0,0,0
514.0,J2,90,22.18,4.43,18.0,97.5,13,75.0,22.5,2,514.0,0.0,0,0
514.0,J3,90,22.18,4.43,18.0,180.0,24,105.0,75.0,2,514.0,0.0,0,0
514.0,J1,90,22.18,4.43,18.0,37.5,5,30.0,7.5,2,514.0,0.0,0,0
515.0,J2,90,21.91,4.9,19.0,97.5,13,75.0,22.5,2,515.0,0.0,0,0
515.0,J3,90,21.91,4.9,19.0,172.5,23,127.5,45.0,2,515.0,0.0,0,0
515.0,J1,90,21.91,4.9,19.0,52.5,7,30.0,22.5,2,515.0,0.0,0,0
516.0,J2,90,21.84,5.39,20.0,97.5,13,82.5,15.0,2,516.0,0.0,0,0
516.0,J3,90,21.84,5.39,20.0,180.0,24,142.5,37.5,2,516.0,0.0,0,0
516.0,J1,90,21.84,5.39,20.0,52.5,7,30.0,22.5,2,516.0,0.0,0,0
517.0,J2,90,22.13,5.89,21.0,97.5,13,82.5,15.0,2,517.0,0.0,0,0
517.0,J3,90,22.13,5.89,21.0,180.0,24,157.5,22.5,2,517.0,0.0,0,0
517.0,J1,90,22.13,5.89,21.0,60.0,8,30.0,30.0,2,517.0,0.0,0,0
518.0,J2,90,22.05,6.39,22.0,97.5,13,90.0,7.5,2,518.0,0.0,0,0
518.0,J3,90,22.05,6.39,22.0,180.0,24,157.5,22.5,2,518.0,0.0,0,0
518.0,J1,90,22.05,6.39,22.0,60.0,8,30.0,30.0,2,518.0,0.0,0,0
519.0,J2,90,21.85,6.89,23.0,97.5,13,97.5,0.0,2,519.0,0.0,0,0
519.0,J3,90,21.85,6.89,23.0,180.0,24,180.0,0.0,2,519.0,0.0,0,0
519.0,J1,90,21.85,6.89,23.0,60.0,8,37.5,22.5,2,519.0,0.0,0,0
520.0,J2,90,21.86,7.39,24.0,97.5,13,97.5,0.0,2,520.0,0.0,0,0
520.0,J3,90,21.86,7.39,24.0,180.0,24,172.5,7.5,2,520.0,0.0,0,0
520.0,J1,90,21.86,7.39,24.0,60.0,8,52.5,7.5,2,520.0,0.0,0,0
521.0,J2,90,21.72,7.89,25.0,97.5,13,97.5,0.0,2,521.0,0.0,0,0
521.0,J3,90,21.72,7.89,25.0,180.0,24,180.0,0.0,2,521.0,0.0,0,0
521.0,J1,90,21.72,7.89,25.0,60.0,8,52.5,7.5,2,521.0,0.0,0,0
522.0,J2,90,21.5,8.39,26.0,97.5,13,97.5,0.0,2,522.0,0.0,0,0
522.0,J3,90,21.5,8.39,26.0,180.0,24,180.0,0.0,2,522.0,0.0,0,0
522.0,J1,90,21.5,8.39,26.0,60.0,8,60.0,0.0,2,522.0,0.0,0,0
523.0,J2,91,21.56,8.79,27.0,97.5,13,97.5,0.0,2,523.0,7.5,0,0
523.0,J3,91,21.56,8.79,27.0,180.0,24,180.0,0.0,2,523.0,0.0,0,0
523.0,J1,91,21.56,8.79,27.0,60.0,8,60.0,0.0,2,523.0,0.0,0,0
524.0,J2,91,21.3,9.29,28.0,97.5,13,97.5,0.0,2,524.0,7.5,0,0
524.0,J3,91,21.3,9.29,28.0,180.0,24,180.0,0.0,2,524.0,0.0,0,0
524.0,J1,91,21.3,9.29,28.0,60.0,8,60.0,0.0,2,524.0,0.0,0,0
525.0,J2,91,20.65,9.78,29.0,97.5,13,97.5,0.0,2,525.0,7.5,0,0
525.0,J3,91,20.65,9.78,29.0,180.0,24,180.0,0.0,2,525.0,0.0,0,0
525.0,J1,91,20.65,9.78,29.0,60.0,8,60.0,0.0,2,525.0,0.0,0,0
526.0,J2,91,20.39,10.29,30.0,97.5,13,97.5,0.0,2,526.0,7.5,0,0
526.0,J3,91,20.39,10.29,30.0,187.5,25,180.0,7.5,2,526.0,0.0,0,0
526.0,J1,91,20.39,10.29,30.0,60.0,8,60.0,0.0,2,526.0,0.0,0,0
527.0,J2,92,20.35,10.68,31.0,105.0,14,97.5,7.5,2,527.0,7.5,0,0
527.0,J3,92,20.35,10.68,31.0,187.5,25,180.0,7.5,2,527.0,0.0,0,0
527.0,J1,92,20.35,10.68,31.0,60.0,8,60.0,0.0,2,527.0,7.5,0,0
528.0,J2,92,19.65,11.21,32.0,105.0,14,97.5,7.5,2,528.0,7.5,0,0
528.0,J3,92,19.65,11.21,32.0,195.0,26,180.0,15.0,2,528.0,0.0,0,0
528.0,J1,92,19.65,11.21,32.0,60.0,8,60.0,0.0,2,528.0,7.5,0,0
529.0,J2,91,18.5,11.86,33.0,105.0,14,97.5,7.5,2,529.0,7.5,0,0
529.0,J3,91,18.5,11.86,33.0,195.0,26,180.0,15.0,2,529.0,0.0,0,0
529.0,J1,91,18.5,11.86,33.0,60.0,8,60.0,0.0,2,529.0,7.5,0,0
530.0,J2,91,17.99,12.4,34.0,112.5,15,97.5,15.0,2,530.0,7.5,0,0
530.0,J3,91,17.99,12.4,34.0,195.0,26,180.0,15.0,2,530.0,0.0,0,0
530.0,J1,91,17.99,12.4,34.0,60.0,8,60.0,0.0,2,530.0,7.5,0,0
531.0,J2,91,17.82,12.95,35.0,120.0,16,97.5,22.5,2,531.0,7.5,0,0
531.0,J3,91,17.82,12.95,35.0,195.0,26,187.5,7.5,2,531.0,0.0,0,0
531.0,J1,91,17.82,12.95,35.0,60.0,8,60.0,0.0,2,531.0,7.5,0,0
532.0,J2,89,16.76,13.83,36.0,120.0,16,105.0,15.0,2,532.0,7.5,0,0
532.0,J3,89,16.76,13.83,36.0,195.0,26,187.5,7.5,2,532.0,0.0,0,0
532.0,J1,89,16.76,13.83,36.0,82.5,11,60.0,22.5,2,532.0,7.5,0,0
533.0,J2,89,16.85,14.44,37.0,120.0,16,105.0,15.0,2,533.0,7.5,0,0
533.0,J3,89,16.85,14.44,37.0,195.0,26,195.0,0.0,2,533.0,0.0,0,0
533.0,J1,89,16.85,14.44,37.0,90.0,12,60.0,30.0,2,533.0,7.5,0,0
534.0,J2,89,16.64,15.04,38.0,120.0,16,105.0,15.0,2,534.0,7.5,0,0
534.0,J3,89,16.64,15.04,38.0,195.0,26,195.0,0.0,2,534.0,0.0,0,0
534.0,J1,89,16.64,15.04,38.0,90.0,12,60.0,30.0,2,534.0,7.5,0,0
535.0,J2,89,16.41,15.65,39.0,120.0,16,112.5,7.5,2,535.0,7.5,0,0
535.0,J3,89,16.41,15.65,39.0,195.0,26,195.0,0.0,2,535.0,7.5,0,0
535.0,J1,89,16.41,15.65,39.0,90.0,12,60.0,30.0,2,535.0,7.5,0,0
536.0,J2,87,15.75,16.63,40.0,120.0,16,120.0,0.0,2,536.0,7.5,0,0
536.0,J3,87,15.75,16.63,40.0,195.0,26,195.0,0.0,2,536.0,7.5,0,0
536.0,J1,87,15.75,16.63,40.0,90.0,12,60.0,30.0,2,536.0,7.5,0,0
537.0,J2,85,14.88,17.66,41.0,120.0,16,120.0,0.0,2,537.0,7.5,0,0
537.0,J3,85,14.88,17.66,41.0,195.0,26,195.0,0.0,2,537.0,7.5,0,0
537.0,J1,85,14.88,17.66,41.0,90.0,12,82.5,7.5,2,537.0,7.5,0,0
538.0,J2,85,14.54,18.29,42.0,120.0,16,120.0,0.0,3,538.0,7.5,0,0
538.0,J3,85,14.54,18.29,42.0,195.0,26,195.0,0.0,3,538.0,7.5,0,0
538.0,J1,85,14.54,18.29,42.0,90.0,12,90.0,0.0,3,538.0,7.5,0,0
539.0,J2,84,14.1,19.17,43.0,120.0,16,120.0,0.0,3,539.0,7.5,0,0
539.0,J3,84,14.1,19.17,43.0,195.0,26,195.0,0.0,3,539.0,7.5,0,0
539.0,J1,84,14.1,19.17,43.0,97.5,13,90.0,7.5,3,539.0,7.5,0,0
540.0,J2,83,13.27,20.06,44.0,120.0,16,120.0,0.0,3,540.0,7.5,0,0
540.0,J3,83,13.27,20.06,44.0,195.0,26,195.0,0.0,3,540.0,7.5,0,0
540.0,J1,83,13.27,20.06,44.0,97.5,13,90.0,7.5,3,540.0,7.5,0,0
541.0,J2,83,14.23,12.49,42.0,75.0,10,120.0,-45.0,0,541.0,7.5,0,0
541.0,J3,83,14.23,12.49,42.0,157.5,21,195.0,-37.5,0,541.0,7.5,0,0
541.0,J1,83,14.23,12.49,42.0,52.5,7,90.0,-37.5,0,541.0,7.5,0,0
542.0,J2,83,16.25,8.08,41.0,52.5,7,120.0,-67.5,0,542.0,15.0,0,0
542.0,J3,83,16.25,8.08,41.0,120.0,16,195.0,-75.0,0,542.0,7.5,0,0
542.0,J1,83,16.25,8.08,41.0,15.0,2,90.0,-75.0,0,542.0,7.5,0,0
543.0,J2,83,18.47,5.42,38.0,30.0,4,120.0,-90.0,0,543.0,15.0,0,0
543.0,J3,83,18.47,5.42,38.0,97.5,13,195.0,-97.5,0,543.0,7.5,0,0
543.0,J1,83,18.47,5.42,38.0,0.0,0,90.0,-90.0,0,543.0,7.5,0,0
544.0,J2,83,21.32,3.33,37.0,7.5,1,120.0,-112.5,0,544.0,22.5,0,0
544.0,J3,83,21.32,3.33,37.0,75.0,10,195.0,-120.0,0,544.0,7.5,0,0
544.0,J1,83,21.32,3.33,37.0,0.0,0,97.5,-97.5,0,544.0,7.5,0,0
545.0,J2,83,24.02,2.59,37.0,7.5,1,120.0,-112.5,0,545.0,22.5,0,0
545.0,J3,83,24.02,2.59,37.0,60.0,8,195.0,-135.0,0,545.0,7.5,0,0
545.0,J1,83,24.02,2.59,37.0,0.0,0,97.5,-97.5,0,545.0,7.5,0,0
546.0,J2,82,27.09,1.61,36.0,7.5,1,75.0,-67.5,0,546.0,30.0,0,0
546.0,J3,82,27.09,1.61,36.0,45.0,6,157.5,-112.5,0,546.0,7.5,0,0
546.0,J1,82,27.09,1.61,36.0,7.5,1,52.5,-45.0,0,546.0,15.0,0,0
547.0,J2,82,30.04,0.84,32.0,7.5,1,52.5,-45.0,0,547.0,30.0,0,0
547.0,J3,82,30.04,0.84,32.0,30.0,4,120.0,-90.0,0,547.0,7.5,0,0
547.0,J1,82,30.04,0.84,32.0,7.5,1,15.0,-7.5,0,547.0,15.0,0,0
548.0,J2,82,32.16,0.27,8.0,15.0,2,30.0,-15.0,0,548.0,30.0,0,0
548.0,J3,82,32.16,0.27,8.0,15.0,2,97.5,-82.5,0,548.0,7.5,0,0
548.0,J1,82,32.16,0.27,8.0,7.5,1,0.0,7.5,0,548.0,22.5,0,0
549.0,J2,83,34.2,0.33,9.0,15.0,2,7.5,7.5,0,549.0,30.0,0,0
549.0,J3,83,34.2,0.33,9.0,15.0,2,75.0,-60.0,0,549.0,7.5,0,0
549.0,J1,83,34.2,0.33,9.0,7.5,1,0.0,7.5,0,549.0,22.5,0,0
550.0,J2,82,35.31,0.39,10.0,15.0,2,7.5,7.5,0,550.0,30.0,0,0
550.0,J3,82,35.31,0.39,10.0,15.0,2,60.0,-45.0,0,550.0,7.5,0,0
550.0,J1,82,35.31,0.39,10.0,7.5,1,0.0,7.5,0,550.0,30.0,0,0
551.0,J2,82,36.34,0.45,11.0,15.0,2,7.5,7.5,0,551.0,30.0,0,0
551.0,J3,82,36.34,0.45,11.0,15.0,2,45.0,-30.0,0,551.0,7.5,0,0
551.0,J1,82,36.34,0.45,11.0,7.5,1,7.5,0.0,0,551.0,30.0,0,0
552.0,J2,81,37.02,0.52,12.0,15.0,2,7.5,7.5,0,552.0,30.0,0,0
552.0,J3,81,37.02,0.52,12.0,15.0,2,30.0,-15.0,0,552.0,7.5,0,0
552.0,J1,81,37.02,0.52,12.0,7.5,1,7.5,0.0,0,552.0,30.0,0,0
553.0,J2,79,38.42,0.59,13.0,15.0,2,15.0,0.0,0,553.0,30.0,0,0
553.0,J3,79,38.42,0.59,13.0,15.0,2,15.0,0.0,0,553.0,7.5,0,0
553.0,J1,79,38.42,0.59,13.0,7.5,1,7.5,0.0,0,553.0,30.0,0,0
554.0,J2,78,38.74,0.67,14.0,15.0,2,15.0,0.0,0,554.0,30.0,0,0
554.0,J3,78,38.74,0.67,14.0,15.0,2,15.0,0.0,0,554.0,7.5,0,0
554.0,J1,78,38.74,0.67,14.0,7.5,1,7.5,0.0,0,554.0,30.0,0,0
555.0,J2,76,39.01,0.75,15.0,15.0,2,15.0,0.0,0,555.0,30.0,0,0
555.0,J3,76,39.01,0.75,15.0,15.0,2,15.0,0.0,0,555.0,7.5,0,0
555.0,J1,76,39.01,0.75,15.0,7.5,1,7.5,0.0,0,555.0,30.0,0,0
556.0,J2,77,39.28,0.82,16.0,15.0,2,15.0,0.0,0,556.0,15.0,0,0
556.0,J3,77,39.28,0.82,16.0,15.0,2,15.0,0.0,0,556.0,0.0,0,0
556.0,J1,77,39.28,0.82,16.0,15.0,2,7.5,7.5,0,556.0,0.0,0,0
557.0,J2,76,39.61,0.91,17.0,15.0,2,15.0,0.0,0,557.0,7.5,0,0
557.0,J3,76,39.61,0.91,17.0,15.0,2,15.0,0.0,0,557.0,0.0,0,0
557.0,J1,76,39.61,0.91,17.0,15.0,2,7.5,7.5,0,557.0,15.0,0,0
558.0,J2,77,40.08,0.97,18.0,15.0,2,15.0,0.0,0,558.0,15.0,0,0
558.0,J3,77,40.08,0.97,18.0,15.0,2,15.0,0.0,0,558.0,0.0,0,0
558.0,J1,77,40.08,0.97,18.0,15.0,2,7.5,7.5,0,558.0,22.5,0,0
559.0,J2,76,39.78,1.07,19.0,15.0,2,15.0,0.0,0,559.0,37.5,1,0
559.0,J3,76,39.78,1.07,19.0,15.0,2,15.0,0.0,0,559.0,0.0,0,0
559.0,J1,76,39.78,1.07,19.0,15.0,2,7.5,7.5,0,559.0,30.0,0,0
560.0,J2,76,39.98,1.14,20.0,15.0,2,15.0,0.0,0,560.0,52.5,1,0
560.0,J3,76,39.98,1.14,20.0,15.0,2,15.0,0.0,0,560.0,0.0,0,0
560.0,J1,76,39.98,1.14,20.0,15.0,2,7.5,7.5,0,560.0,30.0,0,0
561.0,J2,75,40.08,1.24,21.0,15.0,2,15.0,0.0,0,561.0,60.0,1,0
561.0,J3,75,40.08,1.24,21.0,15.0,2,15.0,0.0,0,561.0,0.0,0,0
561.0,J1,75,40.08,1.24,21.0,15.0,2,15.0,0.0,0,561.0,30.0,0,0
562.0,J2,75,39.74,1.32,22.0,15.0,2,15.0,0.0,0,562.0,67.5,1,0
562.0,J3,75,39.74,1.32,22.0,15.0,2,15.0,0.0,0,562.0,0.0,0,0
562.0,J1,75,39.74,1.32,22.0,15.0,2,15.0,0.0,0,562.0,30.0,0,0
563.0,J2,75,39.9,1.4,23.0,15.0,2,15.0,0.0,0,563.0,67.5,1,0
563.0,J3,75,39.9,1.4,23.0,15.0,2,15.0,0.0,0,563.0,7.5,0,0
563.0,J1,75,39.9,1.4,23.0,15.0,2,15.0,0.0,0,563.0,45.0,1,0
564.0,J2,75,39.58,1.48,24.0,15.0,2,15.0,0.0,0,564.0,67.5,1,0
564.0,J3,75,39.58,1.48,24.0,15.0,2,15.0,0.0,0,564.0,7.5,0,0
564.0,J1,75,39.58,1.48,24.0,15.0,2,15.0,0.0,0,564.0,52.5,1,0
565.0,J2,75,39.42,1.56,25.0,15.0,2,15.0,0.0,0,565.0,75.0,1,0
565.0,J3,75,39.42,1.56,25.0,15.0,2,15.0,0.0,0,565.0,7.5,0,0
565.0,J1,75,39.42,1.56,25.0,15.0,2,15.0,0.0,0,565.0,67.5,1,0
566.0,J2,75,39.55,1.65,26.0,15.0,2,15.0,0.0,0,566.0,75.0,1,0
566.0,J3,75,39.55,1.65,26.0,22.5,3,15.0,7.5,0,566.0,7.5,0,0
566.0,J1,75,39.55,1.65,26.0,15.0,2,15.0,0.0,0,566.0,67.5,1,0
567.0,J2,74,39.23,1.77,27.0,15.0,2,15.0,0.0,0,567.0,75.0,1,0
567.0,J3,74,39.23,1.77,27.0,22.5,3,15.0,7.5,0,567.0,7.5,0,0
567.0,J1,74,39.23,1.77,27.0,15.0,2,15.0,0.0,0,567.0,67.5,1,0
568.0,J2,74,39.1,1.86,28.0,15.0,2,15.0,0.0,0,568.0,75.0,1,0
568.0,J3,74,39.1,1.86,28.0,22.5,3,15.0,7.5,0,568.0,7.5,0,0
568.0,J1,74,39.1,1.86,28.0,15.0,2,15.0,0.0,0,568.0,75.0,1,0
569.0,J2,74,39.02,1.96,29.0,15.0,2,15.0,0.0,0,569.0,75.0,1,0
569.0,J3,74,39.02,1.96,29.0,22.5,3,15.0,7.5,0,569.0,7.5,0,0
569.0,J1,74,39.02,1.96,29.0,15.0,2,15.0,0.0,0,569.0,75.0,1,0
570.0,J2,75,39.42,2.04,30.0,22.5,3,15.0,7.5,0,570.0,82.5,1,0
570.0,J3,75,39.42,2.04,30.0,22.5,3,15.0,7.5,0,570.0,7.5,0,0
570.0,J1,75,39.42,2.04,30.0,15.0,2,15.0,0.0,0,570.0,75.0,1,0
571.0,J2,79,39.55,2.04,31.0,22.5,3,15.0,7.5,0,571.0,82.5,1,0
571.0,J3,79,39.55,2.04,31.0,22.5,3,22.5,0.0,0,571.0,7.5,0,0
571.0,J1,79,39.55,2.04,31.0,15.0,2,15.0,0.0,0,571.0,75.0,1,0
572.0,J2,79,39.59,2.14,32.0,22.5,3,15.0,7.5,0,572.0,82.5,1,0
572.0,J3,79,39.59,2.14,32.0,22.5,3,22.5,0.0,0,572.0,7.5,0,0
572.0,J1,79,39.59,2.14,32.0,15.0,2,15.0,0.0,0,572.0,75.0,1,0
573.0,J2,80,39.77,2.21,33.0,22.5,3,15.0,7.5,0,573.0,82.5,1,0
573.0,J3,80,39.77,2.21,33.0,22.5,3,22.5,0.0,0,573.0,7.5,0,0
573.0,J1,80,39.77,2.21,33.0,15.0,2,15.0,0.0,0,573.0,75.0,1,0
574.0,J2,81,39.89,2.28,34.0,22.5,3,15.0,7.5,0,574.0,82.5,1,0
574.0,J3,81,39.89,2.28,34.0,22.5,3,22.5,0.0,0,574.0,7.5,0,0
574.0,J1,81,39.89,2.28,34.0,15.0,2,15.0,0.0,0,574.0,75.0,1,0
575.0,J2,81,39.94,2.38,35.0,22.5,3,22.5,0.0,0,575.0,82.5,1,0
575.0,J3,81,39.94,2.38,35.0,22.5,3,22.5,0.0,0,575.0,7.5,0,0
575.0,J1,81,39.94,2.38,35.0,15.0,2,15.0,0.0,0,575.0,75.0,1,0
576.0,J2,81,39.44,2.48,36.0,22.5,3,22.5,0.0,0,576.0,82.5,1,0
576.0,J3,81,39.44,2.48,36.0,22.5,3,22.5,0.0,0,576.0,7.5,0,0
576.0,J1,81,39.44,2.48,36.0,15.0,2,15.0,0.0,0,576.0,75.0,1,0
577.0,J2,81,39.7,2.58,37.0,22.5,3,22.5,0.0,0,577.0,82.5,1,0
577.0,J3,81,39.7,2.58,37.0,22.5,3,22.5,0.0,0,577.0,15.0,0,0
577.0,J1,81,39.7,2.58,37.0,15.0,2,15.0,0.0,0,577.0,75.0,1,0
578.0,J2,81,39.59,2.68,38.0,22.5,3,22.5,0.0,0,578.0,90.0,1,0
578.0,J3,81,39.59,2.68,38.0,22.5,3,22.5,0.0,0,578.0,15.0,0,0
578.0,J1,81,39.59,2.68,38.0,15.0,2,15.0,0.0,0,578.0,82.5,1,0
579.0,J2,81,39.8,2.78,39.0,22.5,3,22.5,0.0,0,579.0,90.0,1,0
579.0,J3,81,39.8,2.78,39.0,22.5,3,22.5,0.0,0,579.0,15.0,0,0
579.0,J1,81,39.8,2.78,39.0,15.0,2,15.0,0.0,0,579.0,82.5,1,0
580.0,J2,82,39.62,2.84,40.0,22.5,3,22.5,0.0,0,580.0,90.0,1,0
580.0,J3,82,39.62,2.84,40.0,22.5,3,22.5,0.0,0,580.0,15.0,0,0
580.0,J1,82,39.62,2.84,40.0,15.0,2,15.0,0.0,0,580.0,82.5,1,0
581.0,J2,82,39.78,2.94,41.0,22.5,3,22.5,0.0,0,581.0,90.0,1,0
581.0,J3,82,39.78,2.94,41.0,22.5,3,22.5,0.0,0,581.0,15.0,0,0
581.0,J1,82,39.78,2.94,41.0,15.0,2,15.0,0.0,0,581.0,82.5,1,0
582.0,J2,80,39.5,3.11,42.0,22.5,3,22.5,0.0,0,582.0,97.5,1,0
582.0,J3,80,39.5,3.11,42.0,22.5,3,22.5,0.0,0,582.0,15.0,0,0
582.0,J1,80,39.5,3.11,42.0,15.0,2,15.0,0.0,0,582.0,82.5,1,0
583.0,J2,80,38.7,3.21,43.0,22.5,3,22.5,0.0,1,583.0,97.5,1,0
583.0,J3,80,38.7,3.21,43.0,22.5,3,22.5,0.0,1,583.0,15.0,0,0
583.0,J1,80,38.7,3.21,43.0,15.0,2,15.0,0.0,1,583.0,82.5,1,0
584.0,J2,79,37.04,3.35,44.0,22.5,3,22.5,0.0,1,584.0,97.5,1,0
584.0,J3,79,37.04,3.35,44.0,22.5,3,22.5,0.0,1,584.0,15.0,0,0
584.0,J1,79,37.04,3.35,44.0,15.0,2,15.0,0.0,1,584.0,82.5,1,0
585.0,J2,77,35.1,3.56,45.0,22.5,3,22.5,0.0,1,585.0,105.0,1,0
585.0,J3,77,35.1,3.56,45.0,22.5,3,22.5,0.0,1,585.0,22.5,0,0
585.0,J1,77,35.1,3.56,45.0,22.5,3,15.0,7.5,1,585.0,82.5,1,0
586.0,J2,77,34.35,0.35,21.0,15.0,2,22.5,-7.5,2,586.0,105.0,1,0
586.0,J3,77,34.35,0.35,21.0,15.0,2,22.5,-7.5,2,586.0,22.5,0,0
586.0,J1,77,34.35,0.35,21.0,15.0,2,15.0,0.0,2,586.0,82.5,1,0
587.0,J2,75,33.85,0.16,3.0,22.5,3,22.5,0.0,2,587.0,112.5,1,0
587.0,J3,75,33.85,0.16,3.0,7.5,1,22.5,-15.0,2,587.0,22.5,0,0
587.0,J1,75,33.85,0.16,3.0,15.0,2,15.0,0.0,2,587.0,82.5,1,0
588.0,J2,75,33.64,0.25,4.0,30.0,4,22.5,7.5,2,588.0,135.0,1,0
588.0,J3,75,33.64,0.25,4.0,7.5,1,22.5,-15.0,2,588.0,30.0,0,0
588.0,J1,75,33.64,0.25,4.0,15.0,2,15.0,0.0,2,588.0,82.5,1,0
589.0,J2,73,32.71,0.38,5.0,30.0,4,22.5,7.5,2,589.0,135.0,1,0
589.0,J3,73,32.71,0.38,5.0,7.5,1,22.5,-15.0,2,589.0,30.0,0,0
589.0,J1,73,32.71,0.38,5.0,30.0,4,15.0,15.0,2,589.0,82.5,1,0
590.0,J2,73,32.16,0.53,6.0,37.5,5,22.5,15.0,2,590.0,142.5,1,0
590.0,J3,73,32.16,0.53,6.0,7.5,1,22.5,-15.0,2,590.0,37.5,1,0
590.0,J1,73,32.16,0.53,6.0,37.5,5,22.5,15.0,2,590.0,82.5,1,0
591.0,J2,72,31.51,0.72,7.0,37.5,5,15.0,22.5,2,591.0,142.5,1,0
591.0,J3,72,31.51,0.72,7.0,7.5,1,15.0,-7.5,2,591.0,37.5,1,0
591.0,J1,72,31.51,0.72,7.0,52.5,7,15.0,37.5,2,591.0,82.5,1,0
592.0,J2,71,31.21,0.96,8.0,52.5,7,22.5,30.0,2,592.0,142.5,1,0
592.0,J3,71,31.21,0.96,8.0,7.5,1,7.5,0.0,2,592.0,45.0,1,0
592.0,J1,71,31.21,0.96,8.0,60.0,8,15.0,45.0,2,592.0,90.0,1,0
593.0,J2,71,31.01,1.21,9.0,60.0,8,30.0,30.0,2,593.0,142.5,1,0
593.0,J3,71,31.01,1.21,9.0,7.5,1,7.5,0.0,2,593.0,45.0,1,0
593.0,J1,71,31.01,1.21,9.0,67.5,9,15.0,52.5,2,593.0,90.0,1,0
594.0,J2,69,30.62,1.52,10.0,67.5,9,30.0,37.5,2,594.0,142.5,1,0
594.0,J3,69,30.62,1.52,10.0,7.5,1,7.5,0.0,2,594.0,52.5,1,0
594.0,J1,69,30.62,1.52,10.0,67.5,9,30.0,37.5,2,594.0,90.0,1,0
595.0,J2,68,30.45,1.84,11.0,75.0,10,37.5,37.5,2,595.0,142.5,1,0
595.0,J3,68,30.45,1.84,11.0,7.5,1,7.5,0.0,2,595.0,52.5,1,0
595.0,J1,68,30.45,1.84,11.0,67.5,9,37.5,30.0,2,595.0,90.0,1,0
596.0,J2,69,30.34,2.12,12.0,82.5,11,37.5,45.0,2,596.0,142.5,1,0
596.0,J3,69,30.34,2.12,12.0,7.5,1,7.5,0.0,2,596.0,52.5,1,0
596.0,J1,69,30.34,2.12,12.0,67.5,9,52.5,15.0,2,596.0,97.5,1,0
597.0,J2,69,30.29,2.42,13.0,82.5,11,52.5,30.0,2,597.0,142.5,1,0
597.0,J3,69,30.29,2.42,13.0,7.5,1,7.5,0.0,2,597.0,52.5,1,0
597.0,J1,69,30.29,2.42,13.0,67.5,9,60.0,7.5,2,597.0,97.5,1,0
598.0,J2,69,29.94,2.72,14.0,82.5,11,60.0,22.5,2,598.0,142.5,1,0
598.0,J3,69,29.94,2.72,14.0,7.5,1,7.5,0.0,2,598.0,52.5,1,0
598.0,J1,69,29.94,2.72,14.0,67.5,9,67.5,0.0,2,598.0,97.5,1,0
599.0,J2,69,29.81,3.03,15.0,82.5,11,67.5,15.0,2,599.0,142.5,1,0
599.0,J3,69,29.81,3.03,15.0,7.5,1,7.5,0.0,2,599.0,52.5,1,0
599.0,J1,69,29.81,3.03,15.0,67.5,9,67.5,0.0,2,599.0,97.5,1,0
600.0,J2,68,29.32,3.38,16.0,82.5,11,75.0,7.5,2,600.0,142.5,1,0
600.0,J3,68,29.32,3.38,16.0,7.5,1,7.5,0.0,2,600.0,52.5,1,0
600.0,J1,68,29.32,3.38,16.0,67.5,9,67.5,0.0,2,600.0,97.5,1,0
601.0,J2,68,29.34,3.72,17.0,90.0,12,82.5,7.5,2,601.0,97.5,1,0
601.0,J3,68,29.34,3.72,17.0,7.5,1,7.5,0.0,2,601.0,15.0,0,0
601.0,J1,68,29.34,3.72,17.0,75.0,10,67.5,7.5,2,601.0,52.5,1,0
602.0,J2,67,29.63,4.12,18.0,90.0,12,82.5,7.5,2,602.0,52.5,1,0
602.0,J3,67,29.63,4.12,18.0,7.5,1,7.5,0.0,2,602.0,0.0,0,0
602.0,J1,67,29.63,4.12,18.0,75.0,10,67.5,7.5,2,602.0,30.0,0,0
603.0,J2,67,29.61,4.46,19.0,90.0,12,82.5,7.5,2,603.0,15.0,0,0
603.0,J3,67,29.61,4.46,19.0,7.5,1,7.5,0.0,2,603.0,0.0,0,0
603.0,J1,67,29.61,4.46,19.0,75.0,10,67.5,7.5,2,603.0,7.5,0,0
604.0,J2,66,29.81,4.88,20.0,90.0,12,82.5,7.5,2,604.0,0.0,0,0
604.0,J3,66,29.81,4.88,20.0,7.5,1,7.5,0.0,2,604.0,0.0,0,0
604.0,J1,66,29.81,4.88,20.0,75.0,10,67.5,7.5,2,604.0,0.0,0,0
605.0,J2,65,29.13,5.31,21.0,90.0,12,82.5,7.5,2,605.0,0.0,0,0
605.0,J3,65,29.13,5.31,21.0,7.5,1,7.5,0.0,2,605.0,0.0,0,0
605.0,J1,65,29.13,5.31,21.0,75.0,10,67.5,7.5,2,605.0,0.0,0,0
606.0,J2,65,29.28,5.66,22.0,90.0,12,90.0,0.0,2,606.0,0.0,0,0
606.0,J3,65,29.28,5.66,22.0,7.5,1,7.5,0.0,2,606.0,0.0,0,0
606.0,J1,65,29.28,5.66,22.0,75.0,10,75.0,0.0,2,606.0,0.0,0,0
607.0,J2,65,29.13,6.02,23.0,90.0,12,90.0,0.0,2,607.0,0.0,0,0
607.0,J3,65,29.13,6.02,23.0,7.5,1,7.5,0.0,2,607.0,0.0,0,0
607.0,J1,65,29.13,6.02,23.0,75.0,10,75.0,0.0,2,607.0,0.0,0,0
608.0,J2,65,29.26,6.37,24.0,90.0,12,90.0,0.0,2,608.0,0.0,0,0
608.0,J3,65,29.26,6.37,24.0,7.5,1,7.5,0.0,2,608.0,0.0,0,0
608.0,J1,65,29.26,6.37,24.0,75.0,10,75.0,0.0,2,608.0,0.0,0,0
609.0,J2,66,29.22,6.62,25.0,90.0,12,90.0,0.0,2,609.0,0.0,0,0
609.0,J3,66,29.22,6.62,25.0,7.5,1,7.5,0.0,2,609.0,0.0,0,0
609.0,J1,66,29.22,6.62,25.0,75.0,10,75.0,0.0,2,609.0,0.0,0,0
610.0,J2,66,28.76,6.97,26.0,90.0,12,90.0,0.0,2,610.0,0.0,0,0
610.0,J3,66,28.76,6.97,26.0,7.5,1,7.5,0.0,2,610.0,0.0,0,0
610.0,J1,66,28.76,6.97,26.0,75.0,10,75.0,0.0,2,610.0,0.0,0,0
611.0,J2,66,28.55,7.32,27.0,90.0,12,90.0,0.0,2,611.0,0.0,0,0
611.0,J3,66,28.55,7.32,27.0,7.5,1,7.5,0.0,2,611.0,0.0,0,0
611.0,J1,66,28.55,7.32,27.0,75.0,10,75.0,0.0,2,611.0,0.0,0,0
612.0,J2,67,28.73,7.39,28.0,90.0,12,90.0,0.0,2,612.0,0.0,0,0
612.0,J3,67,28.73,7.39,28.0,7.5,1,7.5,0.0,2,612.0,0.0,0,0
612.0,J1,67,28.73,7.39,28.0,75.0,10,75.0,0.0,2,612.0,0.0,0,0
613.0,J2,68,28.73,7.63,29.0,90.0,12,90.0,0.0,2,613.0,7.5,0,0
613.0,J3,68,28.73,7.63,29.0,7.5,1,7.5,0.0,2,613.0,0.0,0,0
613.0,J1,68,28.73,7.63,29.0,82.5,11,75.0,7.5,2,613.0,0.0,0,0
614.0,J2,68,28.9,7.99,30.0,90.0,12,90.0,0.0,2,614.0,7.5,0,0
614.0,J3,68,28.9,7.99,30.0,7.5,1,7.5,0.0,2,614.0,0.0,0,0
614.0,J1,68,28.9,7.99,30.0,82.5,11,75.0,7.5,2,614.0,0.0,0,0
615.0,J2,69,28.59,8.22,31.0,90.0,12,90.0,0.0,2,615.0,7.5,0,0
615.0,J3,69,28.59,8.22,31.0,7.5,1,7.5,0.0,2,615.0,0.0,0,0
615.0,J1,69,28.59,8.22,31.0,82.5,11,75.0,7.5,2,615.0,0.0,0,0
616.0,J2,69,27.78,8.57,32.0,90.0,12,90.0,0.0,2,616.0,7.5,0,0
616.0,J3,69,27.78,8.57,32.0,7.5,1,7.5,0.0,2,616.0,0.0,0,0
616.0,J1,69,27.78,8.57,32.0,82.5,11,75.0,7.5,2,616.0,7.5,0,0
617.0,J2,69,26.99,8.91,33.0,90.0,12,90.0,0.0,2,617.0,7.5,0,0
617.0,J3,69,26.99,8.91,33.0,7.5,1,7.5,0.0,2,617.0,0.0,0,0
617.0,J1,69,26.99,8.91,33.0,82.5,11,75.0,7.5,2,617.0,7.5,0,0
618.0,J2,69,25.65,9.3,34.0,90.0,12,90.0,0.0,2,618.0,7.5,0,0
618.0,J3,69,25.65,9.3,34.0,22.5,3,7.5,15.0,2,618.0,0.0,0,0
618.0,J1,69,25.65,9.3,34.0,90.0,12,82.5,7.5,2,618.0,7.5,0,0
619.0,J2,67,23.74,9.99,35.0,90.0,12,90.0,0.0,2,619.0,7.5,0,0
619.0,J3,67,23.74,9.99,35.0,22.5,3,7.5,15.0,2,619.0,0.0,0,0
619.0,J1,67,23.74,9.99,35.0,90.0,12,82.5,7.5,2,619.0,7.5,0,0
620.0,J2,65,22.54,10.72,36.0,90.0,12,90.0,0.0,2,620.0,7.5,0,0
620.0,J3,65,22.54,10.72,36.0,30.0,4,7.5,22.5,2,620.0,0.0,0,0
620.0,J1,65,22.54,10.72,36.0,90.0,12,82.5,7.5,2,620.0,7.5,0,0
621.0,J2,63,21.88,11.52,37.0,90.0,12,90.0,0.0,2,621.0,15.0,0,0
621.0,J3,63,21.88,11.52,37.0,30.0,4,7.5,22.5,2,621.0,0.0,0,0
621.0,J1,63,21.88,11.52,37.0,97.5,13,82.5,15.0,2,621.0,7.5,0,0
622.0,J2,63,21.61,12.03,38.0,90.0,12,90.0,0.0,2,622.0,15.0,0,0
622.0,J3,63,21.61,12.03,38.0,45.0,6,7.5,37.5,2,622.0,0.0,0,0
622.0,J1,63,21.61,12.03,38.0,105.0,14,82.5,22.5,2,622.0,7.5,0,0
623.0,J2,63,21.37,12.54,39.0,90.0,12,90.0,0.0,2,623.0,15.0,0,0
623.0,J3,63,21.37,12.54,39.0,45.0,6,22.5,22.5,2,623.0,0.0,0,0
623.0,J1,63,21.37,12.54,39.0,105.0,14,90.0,15.0,2,623.0,7.5,0,0
624.0,J2,64,21.69,12.84,40.0,90.0,12,90.0,0.0,2,624.0,22.5,0,0
624.0,J3,64,21.69,12.84,40.0,45.0,6,22.5,22.5,2,624.0,0.0,0,0
624.0,J1,64,21.69,12.84,40.0,105.0,14,90.0,15.0,2,624.0,15.0,0,0
625.0,J2,64,21.73,13.36,41.0,90.0,12,90.0,0.0,2,625.0,22.5,0,0
625.0,J3,64,21.73,13.36,41.0,52.5,7,30.0,22.5,2,625.0,0.0,0,0
625.0,J1,64,21.73,13.36,41.0,105.0,14,90.0,15.0,2,625.0,15.0,0,0
626.0,J2,63,21.4,14.1,42.0,90.0,12,90.0,0.0,2,626.0,22.5,0,0
626.0,J3,63,21.4,14.1,42.0,52.5,7,30.0,22.5,2,626.0,0.0,0,0
626.0,J1,63,21.4,14.1,42.0,105.0,14,97.5,7.5,2,626.0,15.0,0,0
627.0,J2,60,20.15,15.35,43.0,90.0,12,90.0,0.0,2,627.0,22.5,0,0
627.0,J3,60,20.15,15.35,43.0,52.5,7,45.0,7.5,2,627.0,0.0,0,0
627.0,J1,60,20.15,15.35,43.0,105.0,14,105.0,0.0,2,627.0,15.0,0,0
628.0,J2,60,19.82,15.9,44.0,90.0,12,90.0,0.0,3,628.0,22.5,0,0
628.0,J3,60,19.82,15.9,44.0,52.5,7,45.0,7.5,3,628.0,0.0,0,0
628.0,J1,60,19.82,15.9,44.0,105.0,14,105.0,0.0,3,628.0,15.0,0,0
629.0,J2,59,19.39,16.73,45.0,90.0,12,90.0,0.0,3,629.0,22.5,0,0
629.0,J3,59,19.39,16.73,45.0,52.5,7,45.0,7.5,3,629.0,0.0,0,0
629.0,J1,59,19.39,16.73,45.0,105.0,14,105.0,0.0,3,629.0,15.0,0,0
630.0,J2,59,19.16,17.29,46.0,90.0,12,90.0,0.0,3,630.0,22.5,0,0
630.0,J3,59,19.16,17.29,46.0,52.5,7,52.5,0.0,3,630.0,0.0,0,0
630.0,J1,59,19.16,17.29,46.0,105.0,14,105.0,0.0,3,630.0,15.0,0,0
631.0,J2,61,21.9,8.08,43.0,45.0,6,90.0,-45.0,0,631.0,22.5,0,0
631.0,J3,61,21.9,8.08,43.0,7.5,1,52.5,-45.0,0,631.0,0.0,0,0
631.0,J1,61,21.9,8.08,43.0,67.5,9,105.0,-37.5,0,631.0,15.0,0,0
632.0,J2,62,25.22,2.44,41.0,7.5,1,90.0,-82.5,0,632.0,22.5,0,0
632.0,J3,62,25.22,2.44,41.0,0.0,0,52.5,-52.5,0,632.0,0.0,0,0
632.0,J1,62,25.22,2.44,41.0,37.5,5,105.0,-67.5,0,632.0,15.0,0,0
633.0,J2,62,27.88,0.4,13.0,0.0,0,90.0,-90.0,0,633.0,30.0,0,0
633.0,J3,62,27.88,0.4,13.0,0.0,0,52.5,-52.5,0,633.0,0.0,0,0
633.0,J1,62,27.88,0.4,13.0,15.0,2,105.0,-90.0,0,633.0,15.0,0,0
634.0,J2,60,30.44,0.02,1.0,7.5,1,90.0,-82.5,0,634.0,30.0,0,0
634.0,J3,60,30.44,0.02,1.0,0.0,0,52.5,-52.5,0,634.0,0.0,0,0
634.0,J1,60,30.44,0.02,1.0,0.0,0,105.0,-105.0,0,634.0,15.0,0,0
635.0,J2,63,34.23,0.03,2.0,7.5,1,90.0,-82.5,0,635.0,30.0,0,0
635.0,J3,63,34.23,0.03,2.0,0.0,0,52.5,-52.5,0,635.0,0.0,0,0
635.0,J1,63,34.23,0.03,2.0,0.0,0,105.0,-105.0,0,635.0,15.0,0,0
636.0,J2,63,37.19,0.05,3.0,7.5,1,45.0,-37.5,0,636.0,30.0,0,0
636.0,J3,63,37.19,0.05,3.0,0.0,0,7.5,-7.5,0,636.0,0.0,0,0
636.0,J1,63,37.19,0.05,3.0,0.0,0,67.5,-67.5,0,636.0,15.0,0,0
637.0,J2,67,40.47,0.06,4.0,7.5,1,7.5,0.0,0,637.0,30.0,0,0
637.0,J3,67,40.47,0.06,4.0,0.0,0,0.0,0.0,0,637.0,0.0,0,0
637.0,J1,67,40.47,0.06,4.0,0.0,0,37.5,-37.5,0,637.0,15.0,0,0
638.0,J2,66,40.57,0.09,5.0,7.5,1,0.0,7.5,0,638.0,30.0,0,0
638.0,J3,66,40.57,0.09,5.0,0.0,0,0.0,0.0,0,638.0,0.0,0,0
638.0,J1,66,40.57,0.09,5.0,7.5,1,15.0,-7.5,0,638.0,15.0,0,0
639.0,J2,65,40.89,0.12,6.0,7.5,1,7.5,0.0,0,639.0,30.0,0,0
639.0,J3,65,40.89,0.12,6.0,0.0,0,0.0,0.0,0,639.0,0.0,0,0
639.0,J1,65,40.89,0.12,6.0,7.5,1,0.0,7.5,0,639.0,15.0,0,0
640.0,J2,68,41.35,0.16,7.0,7.5,1,7.5,0.0,0,640.0,30.0,0,0
640.0,J3,68,41.35,0.16,7.0,0.0,0,0.0,0.0,0,640.0,0.0,0,0
640.0,J1,68,41.35,0.16,7.0,15.0,2,0.0,15.0,0,640.0,15.0,0,0
641.0,J2,68,41.66,0.22,8.0,15.0,2,7.5,7.5,0,641.0,30.0,0,0
641.0,J3,68,41.66,0.22,8.0,0.0,0,0.0,0.0,0,641.0,0.0,0,0
641.0,J1,68,41.66,0.22,8.0,15.0,2,0.0,15.0,0,641.0,15.0,0,0
642.0,J2,67,41.47,0.28,9.0,15.0,2,7.5,7.5,0,642.0,30.0,0,0
642.0,J3,67,41.47,0.28,9.0,0.0,0,0.0,0.0,0,642.0,0.0,0,0
642.0,J1,67,41.47,0.28,9.0,15.0,2,0.0,15.0,0,642.0,15.0,0,0
643.0,J2,67,41.74,0.34,10.0,15.0,2,7.5,7.5,0,643.0,30.0,0,0
643.0,J3,67,41.74,0.34,10.0,0.0,0,0.0,0.0,0,643.0,0.0,0,0
643.0,J1,67,41.74,0.34,10.0,15.0,2,7.5,7.5,0,643.0,15.0,0,0
644.0,J2,67,41.68,0.42,11.0,22.5,3,7.5,15.0,0,644.0,30.0,0,0
644.0,J3,67,41.68,0.42,11.0,0.0,0,0.0,0.0,0,644.0,0.0,0,0
644.0,J1,67,41.68,0.42,11.0,15.0,2,7.5,7.5,0,644.0,15.0,0,0
645.0,J2,68,41.45,0.49,12.0,22.5,3,7.5,15.0,0,645.0,37.5,1,0
645.0,J3,68,41.45,0.49,12.0,0.0,0,0.0,0.0,0,645.0,0.0,0,0
645.0,J1,68,41.45,0.49,12.0,15.0,2,15.0,0.0,0,645.0,15.0,0,0
646.0,J2,66,41.27,0.58,13.0,22.5,3,15.0,7.5,0,646.0,15.0,0,0
646.0,J3,66,41.27,0.58,13.0,0.0,0,0.0,0.0,0,646.0,0.0,0,0
646.0,J1,66,41.27,0.58,13.0,15.0,2,15.0,0.0,0,646.0,0.0,0,0
647.0,J2,67,41.56,0.64,14.0,22.5,3,15.0,7.5,0,647.0,15.0,0,0
647.0,J3,67,41.56,0.64,14.0,0.0,0,0.0,0.0,0,647.0,0.0,0,0
647.0,J1,67,41.56,0.64,14.0,15.0,2,15.0,0.0,0,647.0,7.5,0,0
648.0,J2,67,41.08,0.72,15.0,22.5,3,15.0,7.5,0,648.0,15.0,0,0
648.0,J3,67,41.08,0.72,15.0,0.0,0,0.0,0.0,0,648.0,22.5,0,0
648.0,J1,67,41.08,0.72,15.0,15.0,2,15.0,0.0,0,648.0,22.5,0,0
649.0,J2,68,41.25,0.78,16.0,22.5,3,22.5,0.0,0,649.0,30.0,0,0
649.0,J3,68,41.25,0.78,16.0,0.0,0,0.0,0.0,0,649.0,22.5,0,0
649.0,J1,68,41.25,0.78,16.0,15.0,2,15.0,0.0,0,649.0,45.0,1,0
650.0,J2,68,40.93,0.85,17.0,22.5,3,22.5,0.0,0,650.0,37.5,1,0
650.0,J3,68,40.93,0.85,17.0,0.0,0,0.0,0.0,0,650.0,22.5,0,0
650.0,J1,68,40.93,0.85,17.0,15.0,2,15.0,0.0,0,650.0,45.0,1,0
651.0,J2,68,41.39,0.94,18.0,22.5,3,22.5,0.0,0,651.0,37.5,1,0
651.0,J3,68,41.39,0.94,18.0,0.0,0,0.0,0.0,0,651.0,30.0,0,0
651.0,J1,68,41.39,0.94,18.0,22.5,3,15.0,7.5,0,651.0,45.0,1,0
652.0,J2,68,41.24,1.03,19.0,22.5,3,22.5,0.0,0,652.0,37.5,1,0
652.0,J3,68,41.24,1.03,19.0,0.0,0,0.0,0.0,0,652.0,37.5,1,0
652.0,J1,68,41.24,1.03,19.0,22.5,3,15.0,7.5,0,652.0,52.5,1,0
653.0,J2,68,41.04,1.12,20.0,22.5,3,22.5,0.0,0,653.0,37.5,1,0
653.0,J3,68,41.04,1.12,20.0,0.0,0,0.0,0.0,0,653.0,37.5,1,0
653.0,J1,68,41.04,1.12,20.0,22.5,3,15.0,7.5,0,653.0,52.5,1,0
654.0,J2,70,41.1,1.17,21.0,22.5,3,22.5,0.0,0,654.0,52.5,1,0
654.0,J3,70,41.1,1.17,21.0,0.0,0,0.0,0.0,0,654.0,45.0,1,0
654.0,J1,70,41.1,1.17,21.0,22.5,3,15.0,7.5,0,654.0,60.0,1,0
655.0,J2,72,41.39,1.22,22.0,22.5,3,22.5,0.0,0,655.0,60.0,1,0
655.0,J3,72,41.39,1.22,22.0,0.0,0,0.0,0.0,0,655.0,52.5,1,0
655.0,J1,72,41.39,1.22,22.0,22.5,3,15.0,7.5,0,655.0,60.0,1,0
656.0,J2,73,41.29,1.29,23.0,22.5,3,22.5,0.0,0,656.0,67.5,1,0
656.0,J3,73,41.29,1.29,23.0,0.0,0,0.0,0.0,0,656.0,67.5,1,0
656.0,J1,73,41.29,1.29,23.0,22.5,3,22.5,0.0,0,656.0,60.0,1,0
657.0,J2,73,41.0,1.37,24.0,22.5,3,22.5,0.0,0,657.0,75.0,1,0
657.0,J3,73,41.0,1.37,24.0,0.0,0,0.0,0.0,0,657.0,67.5,1,0
657.0,J1,73,41.0,1.37,24.0,22.5,3,22.5,0.0,0,657.0,60.0,1,0
658.0,J2,73,41.37,1.45,25.0,22.5,3,22.5,0.0,0,658.0,82.5,1,0
658.0,J3,73,41.37,1.45,25.0,0.0,0,0.0,0.0,0,658.0,67.5,1,0
658.0,J1,73,41.37,1.45,25.0,22.5,3,22.5,0.0,0,658.0,60.0,1,0
659.0,J2,74,41.36,1.51,26.0,22.5,3,22.5,0.0,0,659.0,82.5,1,0
659.0,J3,74,41.36,1.51,26.0,0.0,0,0.0,0.0,0,659.0,67.5,1,0
659.0,J1,74,41.36,1.51,26.0,22.5,3,22.5,0.0,0,659.0,60.0,1,0
660.0,J2,74,41.44,1.59,27.0,22.5,3,22.5,0.0,0,660.0,90.0,1,0
660.0,J3,74,41.44,1.59,27.0,0.0,0,0.0,0.0,0,660.0,75.0,1,0
660.0,J1,74,41.44,1.59,27.0,22.5,3,22.5,0.0,0,660.0,60.0,1,0
661.0,J2,74,41.15,1.68,28.0,22.5,3,22.5,0.0,0,661.0,90.0,1,0
661.0,J3,74,41.15,1.68,28.0,0.0,0,0.0,0.0,0,661.0,75.0,1,0
661.0,J1,74,41.15,1.68,28.0,22.5,3,22.5,0.0,0,661.0,60.0,1,0
662.0,J2,73,41.35,1.78,29.0,22.5,3,22.5,0.0,0,662.0,90.0,1,0
662.0,J3,73,41.35,1.78,29.0,0.0,0,0.0,0.0,0,662.0,75.0,1,0
662.0,J1,73,41.35,1.78,29.0,22.5,3,22.5,0.0,0,662.0,60.0,1,0
663.0,J2,74,41.29,1.84,30.0,22.5,3,22.5,0.0,0,663.0,90.0,1,0
663.0,J3,74,41.29,1.84,30.0,0.0,0,0.0,0.0,0,663.0,75.0,1,0
663.0,J1,74,41.29,1.84,30.0,22.5,3,22.5,0.0,0,663.0,60.0,1,0
664.0,J2,74,41.25,1.92,31.0,22.5,3,22.5,0.0,0,664.0,90.0,1,0
664.0,J3,74,41.25,1.92,31.0,0.0,0,0.0,0.0,0,664.0,75.0,1,0
664.0,J1,74,41.25,1.92,31.0,22.5,3,22.5,0.0,0,664.0,60.0,1,0
665.0,J2,75,41.34,1.97,32.0,22.5,3,22.5,0.0,0,665.0,90.0,1,0
665.0,J3,75,41.34,1.97,32.0,0.0,0,0.0,0.0,0,665.0,75.0,1,0
665.0,J1,75,41.34,1.97,32.0,22.5,3,22.5,0.0,0,665.0,60.0,1,0
666.0,J2,76,41.48,2.03,33.0,22.5,3,22.5,0.0,0,666.0,90.0,1,0
666.0,J3,76,41.48,2.03,33.0,0.0,0,0.0,0.0,0,666.0,75.0,1,0
666.0,J1,76,41.48,2.03,33.0,22.5,3,22.5,0.0,0,666.0,67.5,1,0
667.0,J2,77,41.39,2.08,34.0,22.5,3,22.5,0.0,0,667.0,90.0,1,0
667.0,J3,77,41.39,2.08,34.0,0.0,0,0.0,0.0,0,667.0,75.0,1,0
667.0,J1,77,41.39,2.08,34.0,22.5,3,22.5,0.0,0,667.0,75.0,1,0
668.0,J2,77,41.33,2.16,35.0,22.5,3,22.5,0.0,0,668.0,90.0,1,0
668.0,J3,77,41.33,2.16,35.0,0.0,0,0.0,0.0,0,668.0,75.0,1,0
668.0,J1,77,41.33,2.16,35.0,22.5,3,22.5,0.0,0,668.0,75.0,1,0
669.0,J2,77,40.92,2.23,36.0,22.5,3,22.5,0.0,0,669.0,97.5,1,0
669.0,J3,77,40.92,2.23,36.0,0.0,0,0.0,0.0,0,669.0,75.0,1,0
669.0,J1,77,40.92,2.23,36.0,22.5,3,22.5,0.0,0,669.0,75.0,1,0
670.0,J2,77,40.8,2.31,37.0,22.5,3,22.5,0.0,0,670.0,97.5,1,0
670.0,J3,77,40.8,2.31,37.0,0.0,0,0.0,0.0,0,670.0,82.5,1,0
670.0,J1,77,40.8,2.31,37.0,22.5,3,22.5,0.0,0,670.0,82.5,1,0
671.0,J2,77,39.97,2.39,38.0,22.5,3,22.5,0.0,0,671.0,105.0,1,0
671.0,J3,77,39.97,2.39,38.0,0.0,0,0.0,0.0,0,671.0,82.5,1,0
671.0,J1,77,39.97,2.39,38.0,22.5,3,22.5,0.0,0,671.0,82.5,1,0
672.0,J2,72,39.03,2.65,39.0,30.0,4,22.5,7.5,0,672.0,112.5,1,0
672.0,J3,72,39.03,2.65,39.0,0.0,0,0.0,0.0,0,672.0,82.5,1,0
672.0,J1,72,39.03,2.65,39.0,22.5,3,22.5,0.0,0,672.0,82.5,1,0
673.0,J2,72,38.56,2.76,40.0,37.5,5,22.5,15.0,1,673.0,112.5,1,0
673.0,J3,72,38.56,2.76,40.0,0.0,0,0.0,0.0,1,673.0,82.5,1,0
673.0,J1,72,38.56,2.76,40.0,22.5,3,22.5,0.0,1,673.0,90.0,1,0
674.0,J2,71,37.51,2.92,41.0,37.5,5,22.5,15.0,1,674.0,105.0,1,0
674.0,J3,71,37.51,2.92,41.0,0.0,0,0.0,0.0,1,674.0,82.5,1,0
674.0,J1,71,37.51,2.92,41.0,22.5,3,22.5,0.0,1,674.0,90.0,1,0
675.0,J2,69,35.96,3.13,42.0,45.0,6,22.5,22.5,1,675.0,120.0,1,0
675.0,J3,69,35.96,3.13,42.0,0.0,0,0.0,0.0,1,675.0,82.5,1,0
675.0,J1,69,35.96,3.13,42.0,22.5,3,22.5,0.0,1,675.0,90.0,1,0
676.0,J2,68,34.8,0.93,33.0,15.0,2,22.5,-7.5,2,676.0,120.0,1,0
676.0,J3,68,34.8,0.93,33.0,0.0,0,0.0,0.0,2,676.0,82.5,1,0
676.0,J1,68,34.8,0.93,33.0,7.5,1,22.5,-15.0,2,676.0,90.0,1,0
677.0,J2,68,34.87,0.01,1.0,0.0,0,30.0,-30.0,2,677.0,120.0,1,0
677.0,J3,68,34.87,0.01,1.0,0.0,0,0.0,0.0,2,677.0,82.5,1,0
677.0,J1,68,34.87,0.01,1.0,7.5,1,22.5,-15.0,2,677.0,90.0,1,0
678.0,J2,69,35.18,0.04,2.0,0.0,0,37.5,-37.5,2,678.0,120.0,1,0
678.0,J3,69,35.18,0.04,2.0,7.5,1,0.0,7.5,2,678.0,82.5,1,0
678.0,J1,69,35.18,0.04,2.0,7.5,1,22.5,-15.0,2,678.0,90.0,1,0
679.0,J2,67,35.57,0.1,3.0,0.0,0,37.5,-37.5,2,679.0,120.0,1,0
679.0,J3,67,35.57,0.1,3.0,15.0,2,0.0,15.0,2,679.0,82.5,1,0
679.0,J1,67,35.57,0.1,3.0,15.0,2,22.5,-7.5,2,679.0,90.0,1,0
680.0,J2,66,35.75,0.2,4.0,7.5,1,45.0,-37.5,2,680.0,120.0,1,0
680.0,J3,66,35.75,0.2,4.0,22.5,3,0.0,22.5,2,680.0,90.0,1,0
680.0,J1,66,35.75,0.2,4.0,15.0,2,22.5,-7.5,2,680.0,90.0,1,0
681.0,J2,66,36.21,0.3,5.0,7.5,1,15.0,-7.5,2,681.0,120.0,1,0
681.0,J3,66,36.21,0.3,5.0,30.0,4,0.0,30.0,2,681.0,90.0,1,0
681.0,J1,66,36.21,0.3,5.0,15.0,2,7.5,7.5,2,681.0,97.5,1,0
682.0,J2,66,36.98,0.42,6.0,15.0,2,0.0,15.0,2,682.0,120.0,1,0
682.0,J3,66,36.98,0.42,6.0,30.0,4,0.0,30.0,2,682.0,105.0,1,0
682.0,J1,66,36.98,0.42,6.0,15.0,2,7.5,7.5,2,682.0,97.5,1,0
683.0,J2,68,36.86,0.54,7.0,15.0,2,0.0,15.0,2,683.0,120.0,1,0
683.0,J3,68,36.86,0.54,7.0,37.5,5,7.5,30.0,2,683.0,105.0,1,0
683.0,J1,68,36.86,0.54,7.0,15.0,2,7.5,7.5,2,683.0,97.5,1,0
684.0,J2,68,36.75,0.69,8.0,15.0,2,0.0,15.0,2,684.0,120.0,1,0
684.0,J3,68,36.75,0.69,8.0,45.0,6,15.0,30.0,2,684.0,105.0,1,0
684.0,J1,68,36.75,0.69,8.0,15.0,2,15.0,0.0,2,684.0,97.5,1,0
685.0,J2,69,36.81,0.84,9.0,22.5,3,7.5,15.0,2,685.0,120.0,1,0
685.0,J3,69,36.81,0.84,9.0,45.0,6,22.5,22.5,2,685.0,105.0,1,0
685.0,J1,69,36.81,0.84,9.0,15.0,2,15.0,0.0,2,685.0,97.5,1,0
686.0,J2,69,35.95,1.01,10.0,22.5,3,7.5,15.0,2,686.0,120.0,1,0
686.0,J3,69,35.95,1.01,10.0,45.0,6,30.0,15.0,2,686.0,105.0,1,0
686.0,J1,69,35.95,1.01,10.0,22.5,3,15.0,7.5,2,686.0,97.5,1,0
687.0,J2,70,35.73,1.2,11.0,22.5,3,15.0,7.5,2,687.0,120.0,1,0
687.0,J3,70,35.73,1.2,11.0,60.0,8,30.0,30.0,2,687.0,105.0,1,0
687.0,J1,70,35.73,1.2,11.0,22.5,3,15.0,7.5,2,687.0,97.5,1,0
688.0,J2,70,34.73,1.4,12.0,22.5,3,15.0,7.5,2,688.0,120.0,1,0
688.0,J3,70,34.73,1.4,12.0,60.0,8,37.5,22.5,2,688.0,105.0,1,0
688.0,J1,70,34.73,1.4,12.0,22.5,3,15.0,7.5,2,688.0,97.5,1,0
689.0,J2,71,34.52,1.59,13.0,22.5,3,15.0,7.5,2,689.0,120.0,1,0
689.0,J3,71,34.52,1.59,13.0,60.0,8,45.0,15.0,2,689.0,105.0,1,0
689.0,J1,71,34.52,1.59,13.0,30.0,4,15.0,15.0,2,689.0,97.5,1,0
690.0,J2,72,34.46,1.79,14.0,30.0,4,22.5,7.5,2,690.0,120.0,1,0
690.0,J3,72,34.46,1.79,14.0,60.0,8,45.0,15.0,2,690.0,105.0,1,0
690.0,J1,72,34.46,1.79,14.0,30.0,4,15.0,15.0,2,690.0,97.5,1,0
691.0,J2,72,33.35,2.01,15.0,30.0,4,22.5,7.5,2,691.0,75.0,1,0
691.0,J3,72,33.35,2.01,15.0,60.0,8,45.0,15.0,2,691.0,67.5,1,0
691.0,J1,72,33.35,2.01,15.0,30.0,4,22.5,7.5,2,691.0,52.5,1,0
692.0,J2,73,32.73,2.22,16.0,37.5,5,22.5,15.0,2,692.0,30.0,0,0
692.0,J3,73,32.73,2.22,16.0,60.0,8,60.0,0.0,2,692.0,30.0,0,0
692.0,J1,73,32.73,2.22,16.0,30.0,4,22.5,7.5,2,692.0,15.0,0,0
693.0,J2,72,32.18,2.5,17.0,45.0,6,22.5,22.5,2,693.0,7.5,0,0
693.0,J3,72,32.18,2.5,17.0,60.0,8,60.0,0.0,2,693.0,7.5,0,0
693.0,J1,72,32.18,2.5,17.0,30.0,4,22.5,7.5,2,693.0,0.0,0,0
694.0,J2,72,31.77,2.78,18.0,45.0,6,22.5,22.5,2,694.0,7.5,0,0
694.0,J3,72,31.77,2.78,18.0,60.0,8,60.0,0.0,2,694.0,7.5,0,0
694.0,J1,72,31.77,2.78,18.0,45.0,6,30.0,15.0,2,694.0,0.0,0,0
695.0,J2,73,31.87,3.03,19.0,45.0,6,30.0,15.0,2,695.0,7.5,0,0
695.0,J3,73,31.87,3.03,19.0,60.0,8,60.0,0.0,2,695.0,7.5,0,0
695.0,J1,73,31.87,3.03,19.0,52.5,7,30.0,22.5,2,695.0,0.0,0,0
696.0,J2,73,31.21,3.32,20.0,45.0,6,30.0,15.0,2,696.0,15.0,0,0
696.0,J3,73,31.21,3.32,20.0,60.0,8,60.0,0.0,2,696.0,7.5,0,0
696.0,J1,73,31.21,3.32,20.0,52.5,7,30.0,22.5,2,696.0,0.0,0,0
697.0,J2,73,30.92,3.62,21.0,52.5,7,37.5,15.0,2,697.0,7.5,0,0
697.0,J3,73,30.92,3.62,21.0,60.0,8,60.0,0.0,2,697.0,7.5,0,0
697.0,J1,73,30.92,3.62,21.0,52.5,7,30.0,22.5,2,697.0,0.0,0,0
698.0,J2,73,30.58,3.92,22.0,52.5,7,45.0,7.5,2,698.0,15.0,0,0
698.0,J3,73,30.58,3.92,22.0,60.0,8,60.0,0.0,2,698.0,7.5,0,0
698.0,J1,73,30.58,3.92,22.0,52.5,7,30.0,22.5,2,698.0,0.0,0,0
699.0,J2,75,30.69,4.13,23.0,60.0,8,45.0,15.0,2,699.0,15.0,0,0
699.0,J3,75,30.69,4.13,23.0,60.0,8,60.0,0.0,2,699.0,7.5,0,0
699.0,J1,75,30.69,4.13,23.0,60.0,8,45.0,15.0,2,699.0,0.0,0,0
700.0,J2,75,30.11,4.45,24.0,60.0,8,45.0,15.0,2,700.0,15.0,0,0
700.0,J3,75,30.11,4.45,24.0,60.0,8,60.0,0.0,2,700.0,7.5,0,0
700.0,J1,75,30.11,4.45,24.0,60.0,8,52.5,7.5,2,700.0,7.5,0,0
701.0,J2,75,29.77,4.77,25.0,60.0,8,45.0,15.0,2,701.0,15.0,0,0
701.0,J3,75,29.77,4.77,25.0,60.0,8,60.0,0.0,2,701.0,7.5,0,0
701.0,J1,75,29.77,4.77,25.0,60.0,8,52.5,7.5,2,701.0,7.5,0,0
702.0,J2,75,29.16,5.11,26.0,67.5,9,52.5,15.0,2,702.0,15.0,0,0
702.0,J3,75,29.16,5.11,26.0,60.0,8,60.0,0.0,2,702.0,7.5,0,0
702.0,J1,75,29.16,5.11,26.0,60.0,8,52.5,7.5,2,702.0,7.5,0,0
703.0,J2,77,29.79,5.31,27.0,75.0,10,52.5,22.5,2,703.0,15.0,0,0
703.0,J3,77,29.79,5.31,27.0,60.0,8,60.0,0.0,2,703.0,7.5,0,0
703.0,J1,77,29.79,5.31,27.0,60.0,8,52.5,7.5,2,703.0,15.0,0,0
704.0,J2,77,29.21,5.66,28.0,75.0,10,60.0,15.0,2,704.0,15.0,0,0
704.0,J3,77,29.21,5.66,28.0,67.5,9,60.0,7.5,2,704.0,7.5,0,0
704.0,J1,77,29.21,5.66,28.0,60.0,8,60.0,0.0,2,704.0,22.5,0,0
705.0,J2,77,28.91,6.01,29.0,75.0,10,60.0,15.0,2,705.0,15.0,0,0
705.0,J3,77,28.91,6.01,29.0,67.5,9,60.0,7.5,2,705.0,7.5,0,0
705.0,J1,77,28.91,6.01,29.0,60.0,8,60.0,0.0,2,705.0,22.5,0,0
706.0,J2,78,28.53,6.28,30.0,75.0,10,60.0,15.0,2,706.0,15.0,0,0
706.0,J3,78,28.53,6.28,30.0,67.5,9,60.0,7.5,2,706.0,15.0,0,0
706.0,J1,78,28.53,6.28,30.0,60.0,8,60.0,0.0,2,706.0,22.5,0,0
707.0,J2,78,27.71,6.64,31.0,75.0,10,67.5,7.5,2,707.0,15.0,0,0
707.0,J3,78,27.71,6.64,31.0,75.0,10,60.0,15.0,2,707.0,15.0,0,0
707.0,J1,78,27.71,6.64,31.0,60.0,8,60.0,0.0,2,707.0,22.5,0,0
708.0,J2,78,27.67,7.01,32.0,82.5,11,75.0,7.5,2,708.0,15.0,0,0
708.0,J3,78,27.67,7.01,32.0,75.0,10,60.0,15.0,2,708.0,15.0,0,0
708.0,J1,78,27.67,7.01,32.0,60.0,8,60.0,0.0,2,708.0,22.5,0,0
709.0,J2,78,27.31,7.4,33.0,90.0,12,75.0,15.0,2,709.0,15.0,0,0
709.0,J3,78,27.31,7.4,33.0,75.0,10,67.5,7.5,2,709.0,15.0,0,0
709.0,J1,78,27.31,7.4,33.0,60.0,8,60.0,0.0,2,709.0,22.5,0,0
710.0,J2,75,25.65,8.09,34.0,90.0,12,75.0,15.0,2,710.0,15.0,0,0
710.0,J3,75,25.65,8.09,34.0,75.0,10,67.5,7.5,2,710.0,15.0,0,0
710.0,J1,75,25.65,8.09,34.0,60.0,8,60.0,0.0,2,710.0,22.5,0,0
711.0,J2,75,25.06,8.51,35.0,90.0,12,75.0,15.0,2,711.0,15.0,0,0
711.0,J3,75,25.06,8.51,35.0,82.5,11,67.5,15.0,2,711.0,15.0,0,0
711.0,J1,75,25.06,8.51,35.0,60.0,8,60.0,0.0,2,711.0,22.5,0,0
712.0,J2,75,24.75,8.84,36.0,90.0,12,75.0,15.0,2,712.0,15.0,0,0
712.0,J3,75,24.75,8.84,36.0,75.0,10,75.0,0.0,2,712.0,15.0,0,0
712.0,J1,75,24.75,8.84,36.0,60.0,8,60.0,0.0,2,712.0,22.5,0,0
713.0,J2,74,23.91,9.39,37.0,90.0,12,82.5,7.5,2,713.0,15.0,0,0
713.0,J3,74,23.91,9.39,37.0,82.5,11,75.0,7.5,2,713.0,15.0,0,0
713.0,J1,74,23.91,9.39,37.0,67.5,9,60.0,7.5,2,713.0,22.5,0,0
714.0,J2,75,24.2,9.69,38.0,90.0,12,90.0,0.0,2,714.0,15.0,0,0
714.0,J3,75,24.2,9.69,38.0,82.5,11,75.0,7.5,2,714.0,15.0,0,0
714.0,J1,75,24.2,9.69,38.0,67.5,9,60.0,7.5,2,714.0,22.5,0,0
715.0,J2,77,24.53,9.86,39.0,90.0,12,90.0,0.0,2,715.0,15.0,0,0
715.0,J3,77,24.53,9.86,39.0,82.5,11,75.0,7.5,2,715.0,15.0,0,0
715.0,J1,77,24.53,9.86,39.0,67.5,9,60.0,7.5,2,715.0,30.0,0,0
716.0,J2,75,23.61,10.57,40.0,90.0,12,90.0,0.0,2,716.0,15.0,0,0
716.0,J3,75,23.61,10.57,40.0,97.5,13,82.5,15.0,2,716.0,15.0,0,0
716.0,J1,75,23.61,10.57,40.0,67.5,9,60.0,7.5,2,716.0,37.5,1,0
717.0,J2,70,21.82,11.83,41.0,90.0,12,90.0,0.0,2,717.0,15.0,0,0
717.0,J3,70,21.82,11.83,41.0,105.0,14,75.0,30.0,2,717.0,15.0,0,0
717.0,J1,70,21.82,11.83,41.0,67.5,9,60.0,7.5,2,717.0,37.5,1,0
718.0,J2,68,20.86,12.71,42.0,90.0,12,90.0,0.0,3,718.0,15.0,0,0
718.0,J3,68,20.86,12.71,42.0,112.5,15,82.5,30.0,3,718.0,15.0,0,0
718.0,J1,68,20.86,12.71,42.0,67.5,9,67.5,0.0,3,718.0,37.5,1,0
719.0,J2,68,20.9,13.24,43.0,90.0,12,90.0,0.0,3,719.0,15.0,0,0
719.0,J3,68,20.9,13.24,43.0,112.5,15,82.5,30.0,3,719.0,15.0,0,0
719.0,J1,68,20.9,13.24,43.0,67.5,9,67.5,0.0,3,719.0,45.0,1,0
720.0,J2,68,20.61,13.76,44.0,90.0,12,90.0,0.0,3,720.0,15.0,0,0
720.0,J3,68,20.61,13.76,44.0,112.5,15,82.5,30.0,3,720.0,15.0,0,0
720.0,J1,68,20.61,13.76,44.0,67.5,9,67.5,0.0,3,720.0,52.5,1,0
721.0,J2,66,21.13,5.67,42.0,45.0,6,90.0,-45.0,0,721.0,15.0,0,0
721.0,J3,66,21.13,5.67,42.0,67.5,9,97.5,-30.0,0,721.0,15.0,0,0
721.0,J1,66,21.13,5.67,42.0,30.0,4,67.5,-37.5,0,721.0,52.5,1,0
722.0,J2,65,23.28,1.08,24.0,7.5,1,90.0,-82.5,0,722.0,15.0,0,0
722.0,J3,65,23.28,1.08,24.0,22.5,3,105.0,-82.5,0,722.0,15.0,0,0
722.0,J1,65,23.28,1.08,24.0,7.5,1,67.5,-60.0,0,722.0,52.5,1,0
723.0,J2,64,25.59,0.0,0.0,0.0,0,90.0,-90.0,0,723.0,15.0,0,0
723.0,J3,64,25.59,0.0,0.0,0.0,0,112.5,-112.5,0,723.0,15.0,0,0
723.0,J1,64,25.59,0.0,0.0,0.0,0,67.5,-67.5,0,723.0,52.5,1,0
724.0,J2,64,29.08,0.0,0.0,0.0,0,90.0,-90.0,0,724.0,15.0,0,0
724.0,J3,64,29.08,0.0,0.0,0.0,0,112.5,-112.5,0,724.0,15.0,0,0
724.0,J1,64,29.08,0.0,0.0,0.0,0,67.5,-67.5,0,724.0,52.5,1,0
725.0,J2,64,32.44,0.02,1.0,7.5,1,90.0,-82.5,0,725.0,15.0,0,0
725.0,J3,64,32.44,0.02,1.0,0.0,0,112.5,-112.5,0,725.0,15.0,0,0
725.0,J1,64,32.44,0.02,1.0,0.0,0,67.5,-67.5,0,725.0,52.5,1,0
726.0,J2,62,35.36,0.05,2.0,15.0,2,45.0,-30.0,0,726.0,15.0,0,0
726.0,J3,62,35.36,0.05,2.0,0.0,0,67.5,-67.5,0,726.0,15.0,0,0
726.0,J1,62,35.36,0.05,2.0,0.0,0,30.0,-30.0,0,726.0,52.5,1,0
727.0,J2,63,38.37,0.08,3.0,15.0,2,7.5,7.5,0,727.0,15.0,0,0
727.0,J3,63,38.37,0.08,3.0,0.0,0,22.5,-22.5,0,727.0,15.0,0,0
727.0,J1,63,38.37,0.08,3.0,0.0,0,7.5,-7.5,0,727.0,52.5,1,0
728.0,J2,64,39.85,0.11,4.0,15.0,2,0.0,15.0,0,728.0,15.0,0,0
728.0,J3,64,39.85,0.11,4.0,0.0,0,0.0,0.0,0,728.0,15.0,0,0
728.0,J1,64,39.85,0.11,4.0,0.0,0,0.0,0.0,0,728.0,52.5,1,0
729.0,J2,64,40.11,0.16,5.0,22.5,3,0.0,22.5,0,729.0,15.0,0,0
729.0,J3,64,40.11,0.16,5.0,0.0,0,0.0,0.0,0,729.0,15.0,0,0
729.0,J1,64,40.11,0.16,5.0,0.0,0,0.0,0.0,0,729.0,52.5,1,0
730.0,J2,65,41.16,0.2,6.0,22.5,3,7.5,15.0,0,730.0,15.0,0,0
730.0,J3,65,41.16,0.2,6.0,0.0,0,0.0,0.0,0,730.0,15.0,0,0
730.0,J1,65,41.16,0.2,6.0,0.0,0,0.0,0.0,0,730.0,52.5,1,0
731.0,J2,66,41.33,0.24,7.0,22.5,3,15.0,7.5,0,731.0,15.0,0,0
731.0,J3,66,41.33,0.24,7.0,0.0,0,0.0,0.0,0,731.0,15.0,0,0
731.0,J1,66,41.33,0.24,7.0,0.0,0,0.0,0.0,0,731.0,52.5,1,0
732.0,J2,66,41.34,0.3,8.0,22.5,3,15.0,7.5,0,732.0,15.0,0,0
732.0,J3,66,41.34,0.3,8.0,0.0,0,0.0,0.0,0,732.0,15.0,0,0
732.0,J1,66,41.34,0.3,8.0,7.5,1,0.0,7.5,0,732.0,52.5,1,0
733.0,J2,66,41.28,0.36,9.0,22.5,3,15.0,7.5,0,733.0,15.0,0,0
733.0,J3,66,41.28,0.36,9.0,0.0,0,0.0,0.0,0,733.0,15.0,0,0
733.0,J1,66,41.28,0.36,9.0,7.5,1,0.0,7.5,0,733.0,52.5,1,0
734.0,J2,66,40.6,0.42,10.0,22.5,3,22.5,0.0,0,734.0,15.0,0,0
734.0,J3,66,40.6,0.42,10.0,0.0,0,0.0,0.0,0,734.0,15.0,0,0
734.0,J1,66,40.6,0.42,10.0,7.5,1,0.0,7.5,0,734.0,52.5,1,0
735.0,J2,67,40.7,0.48,11.0,22.5,3,22.5,0.0,0,735.0,22.5,0,0
735.0,J3,67,40.7,0.48,11.0,0.0,0,0.0,0.0,0,735.0,22.5,0,0
735.0,J1,67,40.7,0.48,11.0,7.5,1,0.0,7.5,0,735.0,52.5,1,0
736.0,J2,67,40.33,0.54,12.0,22.5,3,22.5,0.0,0,736.0,7.5,0,0
736.0,J3,67,40.33,0.54,12.0,0.0,0,0.0,0.0,0,736.0,15.0,0,0
736.0,J1,67,40.33,0.54,12.0,7.5,1,0.0,7.5,0,736.0,22.5,0,0
737.0,J2,67,40.35,0.63,13.0,30.0,4,22.5,7.5,0,737.0,22.5,0,0
737.0,J3,67,40.35,0.63,13.0,7.5,1,0.0,7.5,0,737.0,15.0,0,0
737.0,J1,67,40.35,0.63,13.0,7.5,1,7.5,0.0,0,737.0,15.0,0,0
738.0,J2,69,40.56,0.7,14.0,30.0,4,22.5,7.5,0,738.0,22.5,0,0
738.0,J3,69,40.56,0.7,14.0,7.5,1,0.0,7.5,0,738.0,22.5,0,0
738.0,J1,69,40.56,0.7,14.0,7.5,1,7.5,0.0,0,738.0,30.0,0,0
739.0,J2,69,39.77,0.78,15.0,30.0,4,22.5,7.5,0,739.0,22.5,0,0
739.0,J3,69,39.77,0.78,15.0,7.5,1,0.0,7.5,0,739.0,30.0,0,0
739.0,J1,69,39.77,0.78,15.0,7.5,1,7.5,0.0,0,739.0,37.5,1,0
740.0,J2,69,39.84,0.88,16.0,30.0,4,22.5,7.5,0,740.0,37.5,1,0
740.0,J3,69,39.84,0.88,16.0,15.0,2,0.0,15.0,0,740.0,30.0,0,0
740.0,J1,69,39.84,0.88,16.0,7.5,1,7.5,0.0,0,740.0,45.0,1,0
741.0,J2,68,39.59,1.0,17.0,30.0,4,22.5,7.5,0,741.0,45.0,1,0
741.0,J3,68,39.59,1.0,17.0,15.0,2,0.0,15.0,0,741.0,37.5,1,0
741.0,J1,68,39.59,1.0,17.0,7.5,1,7.5,0.0,0,741.0,52.5,1,0
742.0,J2,67,38.99,1.12,18.0,30.0,4,30.0,0.0,0,742.0,45.0,1,0
742.0,J3,67,38.99,1.12,18.0,15.0,2,7.5,7.5,0,742.0,37.5,1,0
742.0,J1,67,38.99,1.12,18.0,7.5,1,7.5,0.0,0,742.0,52.5,1,0
743.0,J2,66,38.61,1.24,19.0,30.0,4,30.0,0.0,0,743.0,45.0,1,0
743.0,J3,66,38.61,1.24,19.0,15.0,2,7.5,7.5,0,743.0,45.0,1,0
743.0,J1,66,38.61,1.24,19.0,7.5,1,7.5,0.0,0,743.0,60.0,1,0
744.0,J2,67,38.66,1.34,20.0,37.5,5,30.0,7.5,0,744.0,60.0,1,0
744.0,J3,67,38.66,1.34,20.0,15.0,2,7.5,7.5,0,744.0,45.0,1,0
744.0,J1,67,38.66,1.34,20.0,7.5,1,7.5,0.0,0,744.0,60.0,1,0
745.0,J2,67,38.35,1.48,21.0,45.0,6,30.0,15.0,0,745.0,67.5,1,0
745.0,J3,67,38.35,1.48,21.0,15.0,2,15.0,0.0,0,745.0,45.0,1,0
745.0,J1,67,38.35,1.48,21.0,7.5,1,7.5,0.0,0,745.0,60.0,1,0
746.0,J2,66,38.85,1.64,22.0,45.0,6,30.0,15.0,0,746.0,67.5,1,0
746.0,J3,66,38.85,1.64,22.0,15.0,2,15.0,0.0,0,746.0,45.0,1,0
746.0,J1,66,38.85,1.64,22.0,7.5,1,7.5,0.0,0,746.0,67.5,1,0
747.0,J2,66,38.37,1.77,23.0,45.0,6,30.0,15.0,0,747.0,67.5,1,0
747.0,J3,66,38.37,1.77,23.0,15.0,2,15.0,0.0,0,747.0,52.5,1,0
747.0,J1,66,38.37,1.77,23.0,7.5,1,7.5,0.0,0,747.0,67.5,1,0
748.0,J2,66,38.26,1.91,24.0,45.0,6,30.0,15.0,0,748.0,75.0,1,0
748.0,J3,66,38.26,1.91,24.0,15.0,2,15.0,0.0,0,748.0,60.0,1,0
748.0,J1,66,38.26,1.91,24.0,7.5,1,7.5,0.0,0,748.0,67.5,1,0
749.0,J2,66,38.2,2.05,25.0,45.0,6,37.5,7.5,0,749.0,82.5,1,0
749.0,J3,66,38.2,2.05,25.0,15.0,2,15.0,0.0,0,749.0,67.5,1,0
749.0,J1,66,38.2,2.05,25.0,7.5,1,7.5,0.0,0,749.0,67.5,1,0
750.0,J2,66,37.51,2.18,26.0,45.0,6,45.0,0.0,0,750.0,97.5,1,0
750.0,J3,66,37.51,2.18,26.0,15.0,2,15.0,0.0,0,750.0,67.5,1,0
750.0,J1,66,37.51,2.18,26.0,7.5,1,7.5,0.0,0,750.0,67.5,1,0
751.0,J2,66,37.47,2.32,27.0,45.0,6,45.0,0.0,0,751.0,105.0,1,0
751.0,J3,66,37.47,2.32,27.0,15.0,2,15.0,0.0,0,751.0,75.0,1,0
751.0,J1,66,37.47,2.32,27.0,7.5,1,7.5,0.0,0,751.0,75.0,1,0
752.0,J2,65,37.51,2.51,28.0,45.0,6,45.0,0.0,0,752.0,105.0,1,0
752.0,J3,65,37.51,2.51,28.0,22.5,3,15.0,7.5,0,752.0,82.5,1,0
752.0,J1,65,37.51,2.51,28.0,7.5,1,7.5,0.0,0,752.0,75.0,1,0
753.0,J2,66,37.41,2.64,29.0,52.5,7,45.0,7.5,0,753.0,112.5,1,0
753.0,J3,66,37.41,2.64,29.0,22.5,3,15.0,7.5,0,753.0,82.5,1,0
753.0,J1,66,37.41,2.64,29.0,7.5,1,7.5,0.0,0,753.0,75.0,1,0
754.0,J2,66,37.45,2.8,30.0,52.5,7,45.0,7.5,0,754.0,112.5,1,0
754.0,J3,66,37.45,2.8,30.0,22.5,3,15.0,7.5,0,754.0,82.5,1,0
754.0,J1,66,37.45,2.8,30.0,7.5,1,7.5,0.0,0,754.0,75.0,1,0
755.0,J2,66,37.42,2.97,31.0,52.5,7,45.0,7.5,0,755.0,112.5,1,0
755.0,J3,66,37.42,2.97,31.0,22.5,3,15.0,7.5,0,755.0,82.5,1,0
755.0,J1,66,37.42,2.97,31.0,7.5,1,7.5,0.0,0,755.0,75.0,1,0
756.0,J2,67,37.19,3.09,32.0,52.5,7,45.0,7.5,0,756.0,112.5,1,0
756.0,J3,67,37.19,3.09,32.0,22.5,3,15.0,7.5,0,756.0,82.5,1,0
756.0,J1,67,37.19,3.09,32.0,7.5,1,7.5,0.0,0,756.0,75.0,1,0
757.0,J2,67,37.38,3.25,33.0,52.5,7,45.0,7.5,0,757.0,112.5,1,0
757.0,J3,67,37.38,3.25,33.0,22.5,3,22.5,0.0,0,757.0,82.5,1,0
757.0,J1,67,37.38,3.25,33.0,7.5,1,7.5,0.0,0,757.0,75.0,1,0
758.0,J2,67,37.74,3.42,34.0,52.5,7,52.5,0.0,0,758.0,120.0,1,0
758.0,J3,67,37.74,3.42,34.0,22.5,3,22.5,0.0,0,758.0,82.5,1,0
758.0,J1,67,37.74,3.42,34.0,7.5,1,7.5,0.0,0,758.0,82.5,1,0
759.0,J2,68,37.71,3.53,35.0,52.5,7,52.5,0.0,0,759.0,112.5,1,0
759.0,J3,68,37.71,3.53,35.0,22.5,3,22.5,0.0,0,759.0,82.5,1,0
759.0,J1,68,37.71,3.53,35.0,7.5,1,7.5,0.0,0,759.0,82.5,1,0
760.0,J2,69,37.8,3.64,36.0,52.5,7,52.5,0.0,0,760.0,120.0,1,0
760.0,J3,69,37.8,3.64,36.0,22.5,3,22.5,0.0,0,760.0,82.5,1,0
760.0,J1,69,37.8,3.64,36.0,7.5,1,7.5,0.0,0,760.0,82.5,1,0
761.0,J2,70,37.92,3.74,37.0,52.5,7,52.5,0.0,0,761.0,127.5,1,0
761.0,J3,70,37.92,3.74,37.0,22.5,3,22.5,0.0,0,761.0,82.5,1,0
761.0,J1,70,37.92,3.74,37.0,7.5,1,7.5,0.0,0,761.0,82.5,1,0
762.0,J2,68,37.82,4.01,38.0,52.5,7,52.5,0.0,0,762.0,127.5,1,0
762.0,J3,68,37.82,4.01,38.0,22.5,3,22.5,0.0,0,762.0,82.5,1,0
762.0,J1,68,37.82,4.01,38.0,7.5,1,7.5,0.0,0,762.0,82.5,1,0
763.0,J2,68,36.77,4.18,39.0,52.5,7,52.5,0.0,1,763.0,127.5,1,0
763.0,J3,68,36.77,4.18,39.0,22.5,3,22.5,0.0,1,763.0,82.5,1,0
763.0,J1,68,36.77,4.18,39.0,7.5,1,7.5,0.0,1,763.0,82.5,1,0
764.0,J2,65,34.43,4.54,40.0,52.5,7,52.5,0.0,1,764.0,135.0,1,0
764.0,J3,65,34.43,4.54,40.0,22.5,3,22.5,0.0,1,764.0,82.5,1,0
764.0,J1,65,34.43,4.54,40.0,7.5,1,7.5,0.0,1,764.0,90.0,1,0
765.0,J2,64,31.37,4.81,41.0,60.0,8,52.5,7.5,1,765.0,135.0,1,0
765.0,J3,64,31.37,4.81,41.0,30.0,4,22.5,7.5,1,765.0,90.0,1,0
765.0,J1,64,31.37,4.81,41.0,7.5,1,7.5,0.0,1,765.0,90.0,1,0
766.0,J2,64,29.82,1.27,30.0,37.5,5,52.5,-15.0,2,766.0,135.0,1,0
766.0,J3,64,29.82,1.27,30.0,7.5,1,22.5,-15.0,2,766.0,90.0,1,0
766.0,J1,64,29.82,1.27,30.0,7.5,1,7.5,0.0,2,766.0,90.0,1,0
767.0,J2,64,29.35,0.53,23.0,22.5,3,52.5,-30.0,2,767.0,135.0,1,0
767.0,J3,64,29.35,0.53,23.0,15.0,2,22.5,-7.5,2,767.0,90.0,1,0
767.0,J1,64,29.35,0.53,23.0,7.5,1,7.5,0.0,2,767.0,90.0,1,0
768.0,J2,64,28.58,0.28,4.0,15.0,2,52.5,-37.5,2,768.0,135.0,1,0
768.0,J3,64,28.58,0.28,4.0,22.5,3,22.5,0.0,2,768.0,90.0,1,0
768.0,J1,64,28.58,0.28,4.0,15.0,2,7.5,7.5,2,768.0,90.0,1,0
769.0,J2,65,29.19,0.48,5.0,45.0,6,52.5,-7.5,2,769.0,135.0,1,0
769.0,J3,65,29.19,0.48,5.0,30.0,4,22.5,7.5,2,769.0,90.0,1,0
769.0,J1,65,29.19,0.48,5.0,22.5,3,7.5,15.0,2,769.0,90.0,1,0
770.0,J2,64,29.39,0.7,6.0,52.5,7,60.0,-7.5,2,770.0,135.0,1,0
770.0,J3,64,29.39,0.7,6.0,30.0,4,30.0,0.0,2,770.0,90.0,1,0
770.0,J1,64,29.39,0.7,6.0,22.5,3,7.5,15.0,2,770.0,90.0,1,0
771.0,J2,64,29.6,0.94,7.0,52.5,7,37.5,15.0,2,771.0,135.0,1,0
771.0,J3,64,29.6,0.94,7.0,30.0,4,7.5,22.5,2,771.0,97.5,1,0
771.0,J1,64,29.6,0.94,7.0,30.0,4,7.5,22.5,2,771.0,90.0,1,0
772.0,J2,63,29.43,1.22,8.0,60.0,8,22.5,37.5,2,772.0,135.0,1,0
772.0,J3,63,29.43,1.22,8.0,30.0,4,15.0,15.0,2,772.0,105.0,1,0
772.0,J1,63,29.43,1.22,8.0,37.5,5,7.5,30.0,2,772.0,90.0,1,0
773.0,J2,63,29.17,1.52,9.0,60.0,8,15.0,45.0,2,773.0,135.0,1,0
773.0,J3,63,29.17,1.52,9.0,37.5,5,22.5,15.0,2,773.0,105.0,1,0
773.0,J1,63,29.17,1.52,9.0,45.0,6,15.0,30.0,2,773.0,97.5,1,0
774.0,J2,63,28.56,1.84,10.0,67.5,9,45.0,22.5,2,774.0,135.0,1,0
774.0,J3,63,28.56,1.84,10.0,37.5,5,30.0,7.5,2,774.0,105.0,1,0
774.0,J1,63,28.56,1.84,10.0,45.0,6,22.5,22.5,2,774.0,105.0,1,0
775.0,J2,63,28.21,2.17,11.0,67.5,9,52.5,15.0,2,775.0,135.0,1,0
775.0,J3,63,28.21,2.17,11.0,45.0,6,30.0,15.0,2,775.0,105.0,1,0
775.0,J1,63,28.21,2.17,11.0,45.0,6,22.5,22.5,2,775.0,105.0,1,0
776.0,J2,63,27.8,2.52,12.0,67.5,9,52.5,15.0,2,776.0,135.0,1,0
776.0,J3,63,27.8,2.52,12.0,52.5,7,30.0,22.5,2,776.0,112.5,1,0
776.0,J1,63,27.8,2.52,12.0,45.0,6,30.0,15.0,2,776.0,105.0,1,0
777.0,J2,63,27.26,2.86,13.0,67.5,9,60.0,7.5,2,777.0,135.0,1,0
777.0,J3,63,27.26,2.86,13.0,45.0,6,30.0,15.0,2,777.0,120.0,1,0
777.0,J1,63,27.26,2.86,13.0,52.5,7,37.5,15.0,2,777.0,105.0,1,0
778.0,J2,64,27.09,3.17,14.0,67.5,9,60.0,7.5,2,778.0,135.0,1,0
778.0,J3,64,27.09,3.17,14.0,45.0,6,37.5,7.5,2,778.0,120.0,1,0
778.0,J1,64,27.09,3.17,14.0,60.0,8,45.0,15.0,2,778.0,105.0,1,0
779.0,J2,65,27.1,3.49,15.0,67.5,9,67.5,0.0,2,779.0,142.5,1,0
779.0,J3,65,27.1,3.49,15.0,45.0,6,37.5,7.5,2,779.0,120.0,1,0
779.0,J1,65,27.1,3.49,15.0,67.5,9,45.0,22.5,2,779.0,105.0,1,0
780.0,J2,65,26.76,3.86,16.0,67.5,9,67.5,0.0,2,780.0,142.5,1,0
780.0,J3,65,26.76,3.86,16.0,45.0,6,45.0,0.0,2,780.0,120.0,1,0
780.0,J1,65,26.76,3.86,16.0,67.5,9,45.0,22.5,2,780.0,105.0,1,0
781.0,J2,65,26.46,4.25,17.0,75.0,10,67.5,7.5,2,781.0,97.5,1,0
781.0,J3,65,26.46,4.25,17.0,45.0,6,52.5,-7.5,2,781.0,75.0,1,0
781.0,J1,65,26.46,4.25,17.0,67.5,9,45.0,22.5,2,781.0,60.0,1,0
782.0,J2,65,26.12,4.63,18.0,75.0,10,67.5,7.5,2,782.0,52.5,1,0
782.0,J3,65,26.12,4.63,18.0,45.0,6,45.0,0.0,2,782.0,30.0,0,0
782.0,J1,65,26.12,4.63,18.0,67.5,9,52.5,15.0,2,782.0,22.5,0,0
783.0,J2,65,26.09,5.05,19.0,75.0,10,67.5,7.5,2,783.0,30.0,0,0
783.0,J3,65,26.09,5.05,19.0,60.0,8,45.0,15.0,2,783.0,7.5,0,0
783.0,J1,65,26.09,5.05,19.0,67.5,9,60.0,7.5,2,783.0,0.0,0,0
784.0,J2,66,26.36,5.39,20.0,82.5,11,67.5,15.0,2,784.0,15.0,0,0
784.0,J3,66,26.36,5.39,20.0,60.0,8,45.0,15.0,2,784.0,0.0,0,0
784.0,J1,66,26.36,5.39,20.0,67.5,9,67.5,0.0,2,784.0,7.5,0,0
785.0,J2,66,26.49,5.82,21.0,82.5,11,67.5,15.0,2,785.0,7.5,0,0
785.0,J3,66,26.49,5.82,21.0,60.0,8,45.0,15.0,2,785.0,0.0,0,0
785.0,J1,66,26.49,5.82,21.0,67.5,9,67.5,0.0,2,785.0,7.5,0,0
786.0,J2,68,26.61,6.06,22.0,82.5,11,75.0,7.5,2,786.0,7.5,0,0
786.0,J3,68,26.61,6.06,22.0,60.0,8,45.0,15.0,2,786.0,0.0,0,0
786.0,J1,68,26.61,6.06,22.0,67.5,9,67.5,0.0,2,786.0,7.5,0,0
787.0,J2,68,26.79,6.47,23.0,82.5,11,75.0,7.5,2,787.0,7.5,0,0
787.0,J3,68,26.79,6.47,23.0,60.0,8,45.0,15.0,2,787.0,0.0,0,0
787.0,J1,68,26.79,6.47,23.0,67.5,9,67.5,0.0,2,787.0,7.5,0,0
788.0,J2,68,26.45,6.88,24.0,82.5,11,75.0,7.5,2,788.0,7.5,0,0
788.0,J3,68,26.45,6.88,24.0,60.0,8,60.0,0.0,2,788.0,0.0,0,0
788.0,J1,68,26.45,6.88,24.0,67.5,9,67.5,0.0,2,788.0,15.0,0,0
789.0,J2,69,26.45,7.19,25.0,82.5,11,82.5,0.0,2,789.0,7.5,0,0
789.0,J3,69,26.45,7.19,25.0,60.0,8,60.0,0.0,2,789.0,0.0,0,0
789.0,J1,69,26.45,7.19,25.0,67.5,9,67.5,0.0,2,789.0,22.5,0,0
790.0,J2,69,26.19,7.59,26.0,82.5,11,82.5,0.0,2,790.0,7.5,0,0
790.0,J3,69,26.19,7.59,26.0,60.0,8,60.0,0.0,2,790.0,0.0,0,0
790.0,J1,69,26.19,7.59,26.0,67.5,9,67.5,0.0,2,790.0,22.5,0,0
791.0,J2,69,26.12,8.01,27.0,90.0,12,82.5,7.5,2,791.0,7.5,0,0
791.0,J3,69,26.12,8.01,27.0,60.0,8,60.0,0.0,2,791.0,0.0,0,0
791.0,J1,69,26.12,8.01,27.0,67.5,9,67.5,0.0,2,791.0,22.5,0,0
792.0,J2,69,25.68,8.43,28.0,90.0,12,82.5,7.5,2,792.0,7.5,0,0
792.0,J3,69,25.68,8.43,28.0,60.0,8,60.0,0.0,2,792.0,0.0,0,0
792.0,J1,69,25.68,8.43,28.0,67.5,9,67.5,0.0,2,792.0,30.0,0,0
793.0,J2,69,25.33,8.86,29.0,90.0,12,82.5,7.5,2,793.0,7.5,0,0
793.0,J3,69,25.33,8.86,29.0,60.0,8,60.0,0.0,2,793.0,0.0,0,0
793.0,J1,69,25.33,8.86,29.0,67.5,9,67.5,0.0,2,793.0,37.5,1,0
794.0,J2,69,25.06,9.29,30.0,97.5,13,82.5,15.0,2,794.0,7.5,0,0
794.0,J3,69,25.06,9.29,30.0,60.0,8,60.0,0.0,2,794.0,0.0,0,0
794.0,J1,69,25.06,9.29,30.0,67.5,9,67.5,0.0,2,794.0,37.5,1,0
795.0,J2,69,24.88,9.74,31.0,97.5,13,82.5,15.0,2,795.0,7.5,0,0
795.0,J3,69,24.88,9.74,31.0,60.0,8,60.0,0.0,2,795.0,0.0,0,0
795.0,J1,69,24.88,9.74,31.0,75.0,10,67.5,7.5,2,795.0,37.5,1,0
796.0,J2,70,24.42,10.04,32.0,97.5,13,90.0,7.5,2,796.0,7.5,0,0
796.0,J3,70,24.42,10.04,32.0,60.0,8,60.0,0.0,2,796.0,0.0,0,0
796.0,J1,70,24.42,10.04,32.0,75.0,10,67.5,7.5,2,796.0,37.5,1,0
797.0,J2,71,23.32,10.34,33.0,97.5,13,90.0,7.5,2,797.0,7.5,0,0
797.0,J3,71,23.32,10.34,33.0,60.0,8,60.0,0.0,2,797.0,0.0,0,0
797.0,J1,71,23.32,10.34,33.0,75.0,10,67.5,7.5,2,797.0,37.5,1,0
798.0,J2,72,21.99,10.64,34.0,105.0,14,90.0,15.0,2,798.0,15.0,0,0
798.0,J3,72,21.99,10.64,34.0,60.0,8,60.0,0.0,2,798.0,7.5,0,0
798.0,J1,72,21.99,10.64,34.0,75.0,10,67.5,7.5,2,798.0,37.5,1,0
799.0,J2,72,20.36,11.1,35.0,105.0,14,97.5,7.5,2,799.0,22.5,0,0
799.0,J3,72,20.36,11.1,35.0,67.5,9,60.0,7.5,2,799.0,7.5,0,0
799.0,J1,72,20.36,11.1,35.0,75.0,10,67.5,7.5,2,799.0,37.5,1,0
800.0,J2,71,18.77,11.75,36.0,105.0,14,97.5,7.5,2,800.0,22.5,0,0
800.0,J3,71,18.77,11.75,36.0,82.5,11,60.0,22.5,2,800.0,7.5,0,0
800.0,J1,71,18.77,11.75,36.0,75.0,10,75.0,0.0,2,800.0,37.5,1,0
801.0,J2,71,18.22,12.27,37.0,105.0,14,97.5,7.5,2,801.0,22.5,0,0
801.0,J3,71,18.22,12.27,37.0,90.0,12,60.0,30.0,2,801.0,7.5,0,0
801.0,J1,71,18.22,12.27,37.0,82.5,11,75.0,7.5,2,801.0,37.5,1,0
802.0,J2,71,17.74,12.82,38.0,105.0,14,97.5,7.5,2,802.0,22.5,0,0
802.0,J3,71,17.74,12.82,38.0,97.5,13,60.0,37.5,2,802.0,15.0,0,0
802.0,J1,71,17.74,12.82,38.0,90.0,12,75.0,15.0,2,802.0,37.5,1,0
803.0,J2,72,18.01,13.22,39.0,105.0,14,105.0,0.0,2,803.0,22.5,0,0
803.0,J3,72,18.01,13.22,39.0,120.0,16,60.0,60.0,2,803.0,15.0,0,0
803.0,J1,72,18.01,13.22,39.0,90.0,12,75.0,15.0,2,803.0,45.0,1,0
804.0,J2,72,18.01,13.82,40.0,112.5,15,105.0,7.5,2,804.0,22.5,0,0
804.0,J3,72,18.01,13.82,40.0,120.0,16,67.5,52.5,2,804.0,15.0,0,0
804.0,J1,72,18.01,13.82,40.0,90.0,12,75.0,15.0,2,804.0,45.0,1,0
805.0,J2,71,17.36,14.59,41.0,105.0,14,105.0,0.0,2,805.0,22.5,0,0
805.0,J3,71,17.36,14.59,41.0,120.0,16,82.5,37.5,2,805.0,15.0,0,0
805.0,J1,71,17.36,14.59,41.0,90.0,12,75.0,15.0,2,805.0,45.0,1,0
806.0,J2,73,18.22,14.78,42.0,112.5,15,105.0,7.5,2,806.0,22.5,0,0
806.0,J3,73,18.22,14.78,42.0,120.0,16,90.0,30.0,2,806.0,15.0,0,0
806.0,J1,73,18.22,14.78,42.0,90.0,12,82.5,7.5,2,806.0,45.0,1,0
807.0,J2,71,17.34,15.8,43.0,112.5,15,105.0,7.5,2,807.0,22.5,0,0
807.0,J3,71,17.34,15.8,43.0,120.0,16,97.5,22.5,2,807.0,15.0,0,0
807.0,J1,71,17.34,15.8,43.0,90.0,12,90.0,0.0,2,807.0,45.0,1,0
808.0,J2,70,17.05,16.64,44.0,112.5,15,105.0,7.5,3,808.0,22.5,0,0
808.0,J3,70,17.05,16.64,44.0,120.0,16,120.0,0.0,3,808.0,15.0,0,0
808.0,J1,70,17.05,16.64,44.0,90.0,12,90.0,0.0,3,808.0,45.0,1,0
809.0,J2,69,16.16,17.51,45.0,112.5,15,112.5,0.0,3,809.0,22.5,0,0
809.0,J3,69,16.16,17.51,45.0,120.0,16,120.0,0.0,3,809.0,15.0,0,0
809.0,J1,69,16.16,17.51,45.0,90.0,12,90.0,0.0,3,809.0,45.0,1,0
810.0,J2,69,15.94,18.14,46.0,112.5,15,105.0,7.5,3,810.0,22.5,0,0
810.0,J3,69,15.94,18.14,46.0,120.0,16,120.0,0.0,3,810.0,15.0,0,0
810.0,J1,69,15.94,18.14,46.0,97.5,13,90.0,7.5,3,810.0,45.0,1,0
811.0,J2,71,18.43,8.52,44.0,67.5,9,112.5,-45.0,0,811.0,22.5,0,0
811.0,J3,71,18.43,8.52,44.0,75.0,10,120.0,-45.0,0,811.0,15.0,0,0
811.0,J1,71,18.43,8.52,44.0,52.5,7,90.0,-37.5,0,811.0,45.0,1,0
812.0,J2,72,21.45,2.88,43.0,37.5,5,112.5,-75.0,0,812.0,22.5,0,0
812.0,J3,72,21.45,2.88,43.0,37.5,5,120.0,-82.5,0,812.0,15.0,0,0
812.0,J1,72,21.45,2.88,43.0,7.5,1,90.0,-82.5,0,812.0,45.0,1,0
813.0,J2,71,24.08,0.66,16.0,15.0,2,112.5,-97.5,0,813.0,22.5,0,0
813.0,J3,71,24.08,0.66,16.0,15.0,2,120.0,-105.0,0,813.0,15.0,0,0
813.0,J1,71,24.08,0.66,16.0,0.0,0,90.0,-90.0,0,813.0,45.0,1,0
814.0,J2,70,26.99,0.0,0.0,0.0,0,112.5,-112.5,0,814.0,22.5,0,0
814.0,J3,70,26.99,0.0,0.0,0.0,0,120.0,-120.0,0,814.0,15.0,0,0
814.0,J1,70,26.99,0.0,0.0,0.0,0,90.0,-90.0,0,814.0,45.0,1,0
815.0,J2,71,30.72,0.0,0.0,0.0,0,112.5,-112.5,0,815.0,22.5,0,0
815.0,J3,71,30.72,0.0,0.0,0.0,0,120.0,-120.0,0,815.0,15.0,0,0
815.0,J1,71,30.72,0.0,0.0,0.0,0,97.5,-97.5,0,815.0,45.0,1,0
816.0,J2,71,34.24,0.0,0.0,0.0,0,67.5,-67.5,0,816.0,22.5,0,0
816.0,J3,71,34.24,0.0,0.0,0.0,0,75.0,-75.0,0,816.0,15.0,0,0
816.0,J1,71,34.24,0.0,0.0,0.0,0,52.5,-52.5,0,816.0,52.5,1,0
817.0,J2,71,37.06,0.0,0.0,0.0,0,37.5,-37.5,0,817.0,22.5,0,0
817.0,J3,71,37.06,0.0,0.0,0.0,0,37.5,-37.5,0,817.0,15.0,0,0
817.0,J1,71,37.06,0.0,0.0,0.0,0,7.5,-7.5,0,817.0,52.5,1,0
818.0,J2,70,39.56,0.0,0.0,0.0,0,15.0,-15.0,0,818.0,22.5,0,0
818.0,J3,70,39.56,0.0,0.0,0.0,0,15.0,-15.0,0,818.0,15.0,0,0
818.0,J1,70,39.56,0.0,0.0,0.0,0,0.0,0.0,0,818.0,52.5,1,0
819.0,J2,72,40.9,0.0,0.0,0.0,0,0.0,0.0,0,819.0,22.5,0,0
819.0,J3,72,40.9,0.0,0.0,0.0,0,0.0,0.0,0,819.0,15.0,0,0
819.0,J1,72,40.9,0.0,0.0,0.0,0,0.0,0.0,0,819.0,60.0,1,0
820.0,J2,73,42.1,0.0,0.0,0.0,0,0.0,0.0,0,820.0,22.5,0,0
820.0,J3,73,42.1,0.0,0.0,0.0,0,0.0,0.0,0,820.0,15.0,0,0
820.0,J1,73,42.1,0.0,0.0,0.0,0,0.0,0.0,0,820.0,60.0,1,0
821.0,J2,74,42.31,0.0,0.0,0.0,0,0.0,0.0,0,821.0,22.5,0,0
821.0,J3,74,42.31,0.0,0.0,0.0,0,0.0,0.0,0,821.0,15.0,0,0
821.0,J1,74,42.31,0.0,0.0,0.0,0,0.0,0.0,0,821.0,60.0,1,0
822.0,J2,74,42.53,0.0,0.0,0.0,0,0.0,0.0,0,822.0,22.5,0,0
822.0,J3,74,42.53,0.0,0.0,0.0,0,0.0,0.0,0,822.0,15.0,0,0
822.0,J1,74,42.53,0.0,0.0,0.0,0,0.0,0.0,0,822.0,60.0,1,0
823.0,J2,73,42.81,0.01,1.0,7.5,1,0.0,7.5,0,823.0,30.0,0,0
823.0,J3,73,42.81,0.01,1.0,0.0,0,0.0,0.0,0,823.0,15.0,0,0
823.0,J1,73,42.81,0.01,1.0,0.0,0,0.0,0.0,0,823.0,60.0,1,0
824.0,J2,75,43.37,0.03,2.0,7.5,1,0.0,7.5,0,824.0,30.0,0,0
824.0,J3,75,43.37,0.03,2.0,0.0,0,0.0,0.0,0,824.0,15.0,0,0
824.0,J1,75,43.37,0.03,2.0,0.0,0,0.0,0.0,0,824.0,60.0,1,0
825.0,J2,75,43.12,0.04,3.0,7.5,1,0.0,7.5,0,825.0,30.0,0,0
825.0,J3,75,43.12,0.04,3.0,0.0,0,0.0,0.0,0,825.0,15.0,0,0
825.0,J1,75,43.12,0.04,3.0,0.0,0,0.0,0.0,0,825.0,60.0,1,0
826.0,J2,75,43.47,0.05,4.0,7.5,1,0.0,7.5,0,826.0,7.5,0,0
826.0,J3,75,43.47,0.05,4.0,0.0,0,0.0,0.0,0,826.0,0.0,0,0
826.0,J1,75,43.47,0.05,4.0,0.0,0,0.0,0.0,0,826.0,30.0,0,0
827.0,J2,77,43.39,0.08,5.0,7.5,1,0.0,7.5,0,827.0,7.5,0,0
827.0,J3,77,43.39,0.08,5.0,0.0,0,0.0,0.0,0,827.0,7.5,0,0
827.0,J1,77,43.39,0.08,5.0,7.5,1,0.0,7.5,0,827.0,15.0,0,0
828.0,J2,77,43.54,0.1,6.0,7.5,1,7.5,0.0,0,828.0,22.5,0,0
828.0,J3,77,43.54,0.1,6.0,0.0,0,0.0,0.0,0,828.0,7.5,0,0
828.0,J1,77,43.54,0.1,6.0,7.5,1,0.0,7.5,0,828.0,0.0,0,0
829.0,J2,78,43.58,0.13,7.0,7.5,1,7.5,0.0,0,829.0,45.0,1,0
829.0,J3,78,43.58,0.13,7.0,0.0,0,0.0,0.0,0,829.0,7.5,0,0
829.0,J1,78,43.58,0.13,7.0,7.5,1,0.0,7.5,0,829.0,7.5,0,0
830.0,J2,79,43.24,0.15,8.0,7.5,1,7.5,0.0,0,830.0,60.0,1,0
830.0,J3,79,43.24,0.15,8.0,0.0,0,0.0,0.0,0,830.0,15.0,0,0
830.0,J1,79,43.24,0.15,8.0,7.5,1,0.0,7.5,0,830.0,7.5,0,0
831.0,J2,78,43.63,0.18,9.0,7.5,1,7.5,0.0,0,831.0,67.5,1,0
831.0,J3,78,43.63,0.18,9.0,0.0,0,0.0,0.0,0,831.0,15.0,0,0
831.0,J1,78,43.63,0.18,9.0,7.5,1,0.0,7.5,0,831.0,15.0,0,0
832.0,J2,80,43.78,0.2,10.0,7.5,1,7.5,0.0,0,832.0,75.0,1,0
832.0,J3,80,43.78,0.2,10.0,0.0,0,0.0,0.0,0,832.0,22.5,0,0
832.0,J1,80,43.78,0.2,10.0,7.5,1,7.5,0.0,0,832.0,15.0,0,0
833.0,J2,80,43.19,0.23,11.0,7.5,1,7.5,0.0,0,833.0,75.0,1,0
833.0,J3,80,43.19,0.23,11.0,0.0,0,0.0,0.0,0,833.0,30.0,0,0
833.0,J1,80,43.19,0.23,11.0,7.5,1,7.5,0.0,0,833.0,15.0,0,0
834.0,J2,80,43.33,0.25,12.0,7.5,1,7.5,0.0,0,834.0,75.0,1,0
834.0,J3,80,43.33,0.25,12.0,0.0,0,0.0,0.0,0,834.0,30.0,0,0
834.0,J1,80,43.33,0.25,12.0,7.5,1,7.5,0.0,0,834.0,15.0,0,0
835.0,J2,80,42.96,0.29,13.0,7.5,1,7.5,0.0,0,835.0,75.0,1,0
835.0,J3,80,42.96,0.29,13.0,7.5,1,0.0,7.5,0,835.0,30.0,0,0
835.0,J1,80,42.96,0.29,13.0,7.5,1,7.5,0.0,0,835.0,15.0,0,0
836.0,J2,81,43.42,0.32,14.0,7.5,1,7.5,0.0,0,836.0,82.5,1,0
836.0,J3,81,43.42,0.32,14.0,7.5,1,0.0,7.5,0,836.0,30.0,0,0
836.0,J1,81,43.42,0.32,14.0,7.5,1,7.5,0.0,0,836.0,15.0,0,0
837.0,J2,82,43.26,0.35,15.0,7.5,1,7.5,0.0,0,837.0,82.5,1,0
837.0,J3,82,43.26,0.35,15.0,7.5,1,0.0,7.5,0,837.0,30.0,0,0
837.0,J1,82,43.26,0.35,15.0,7.5,1,7.5,0.0,0,837.0,30.0,0,0
838.0,J2,82,43.24,0.39,16.0,7.5,1,7.5,0.0,0,838.0,90.0,1,0
838.0,J3,82,43.24,0.39,16.0,7.5,1,0.0,7.5,0,838.0,30.0,0,0
838.0,J1,82,43.24,0.39,16.0,7.5,1,7.5,0.0,0,838.0,30.0,0,0
839.0,J2,82,43.06,0.43,17.0,7.5,1,7.5,0.0,0,839.0,97.5,1,0
839.0,J3,82,43.06,0.43,17.0,7.5,1,0.0,7.5,0,839.0,30.0,0,0
839.0,J1,82,43.06,0.43,17.0,7.5,1,7.5,0.0,0,839.0,37.5,1,0
840.0,J2,82,42.9,0.46,18.0,7.5,1,7.5,0.0,0,840.0,112.5,1,0
840.0,J3,82,42.9,0.46,18.0,7.5,1,7.5,0.0,0,840.0,30.0,0,0
840.0,J1,82,42.9,0.46,18.0,7.5,1,7.5,0.0,0,840.0,52.5,1,0
841.0,J2,82,42.44,0.5,19.0,7.5,1,7.5,0.0,0,841.0,112.5,1,0
841.0,J3,82,42.44,0.5,19.0,7.5,1,7.5,0.0,0,841.0,30.0,0,0
841.0,J1,82,42.44,0.5,19.0,7.5,1,7.5,0.0,0,841.0,60.0,1,0
842.0,J2,82,41.91,0.55,20.0,15.0,2,7.5,7.5,0,842.0,112.5,1,0
842.0,J3,82,41.91,0.55,20.0,7.5,1,7.5,0.0,0,842.0,30.0,0,0
842.0,J1,82,41.91,0.55,20.0,7.5,1,7.5,0.0,0,842.0,60.0,1,0
843.0,J2,82,41.54,0.6,21.0,15.0,2,7.5,7.5,0,843.0,120.0,1,0
843.0,J3,82,41.54,0.6,21.0,7.5,1,7.5,0.0,0,843.0,37.5,1,0
843.0,J1,82,41.54,0.6,21.0,7.5,1,7.5,0.0,0,843.0,75.0,1,0
844.0,J2,83,41.32,0.65,22.0,22.5,3,7.5,15.0,0,844.0,120.0,1,0
844.0,J3,83,41.32,0.65,22.0,7.5,1,7.5,0.0,0,844.0,37.5,1,0
844.0,J1,83,41.32,0.65,22.0,7.5,1,7.5,0.0,0,844.0,75.0,1,0
845.0,J2,83,40.68,0.71,23.0,22.5,3,7.5,15.0,0,845.0,120.0,1,0
845.0,J3,83,40.68,0.71,23.0,7.5,1,7.5,0.0,0,845.0,37.5,1,0
845.0,J1,83,40.68,0.71,23.0,7.5,1,7.5,0.0,0,845.0,75.0,1,0
846.0,J2,84,40.91,0.79,24.0,30.0,4,7.5,22.5,0,846.0,120.0,1,0
846.0,J3,84,40.91,0.79,24.0,7.5,1,7.5,0.0,0,846.0,37.5,1,0
846.0,J1,84,40.91,0.79,24.0,15.0,2,7.5,7.5,0,846.0,75.0,1,0
847.0,J2,84,40.68,0.87,25.0,30.0,4,15.0,15.0,0,847.0,120.0,1,0
847.0,J3,84,40.68,0.87,25.0,7.5,1,7.5,0.0,0,847.0,45.0,1,0
847.0,J1,84,40.68,0.87,25.0,15.0,2,7.5,7.5,0,847.0,75.0,1,0
848.0,J2,86,40.54,0.94,26.0,30.0,4,15.0,15.0,0,848.0,120.0,1,0
848.0,J3,86,40.54,0.94,26.0,7.5,1,7.5,0.0,0,848.0,45.0,1,0
848.0,J1,86,40.54,0.94,26.0,22.5,3,7.5,15.0,0,848.0,75.0,1,0
849.0,J2,86,40.4,1.03,27.0,30.0,4,22.5,7.5,0,849.0,120.0,1,0
849.0,J3,86,40.4,1.03,27.0,7.5,1,7.5,0.0,0,849.0,45.0,1,0
849.0,J1,86,40.4,1.03,27.0,22.5,3,7.5,15.0,0,849.0,75.0,1,0
850.0,J2,85,40.32,1.15,28.0,30.0,4,22.5,7.5,0,850.0,127.5,1,0
850.0,J3,85,40.32,1.15,28.0,7.5,1,7.5,0.0,0,850.0,45.0,1,0
850.0,J1,85,40.32,1.15,28.0,30.0,4,7.5,22.5,0,850.0,75.0,1,0
851.0,J2,84,40.48,1.27,29.0,30.0,4,30.0,0.0,0,851.0,127.5,1,0
851.0,J3,84,40.48,1.27,29.0,7.5,1,7.5,0.0,0,851.0,45.0,1,0
851.0,J1,84,40.48,1.27,29.0,30.0,4,15.0,15.0,0,851.0,75.0,1,0
852.0,J2,83,40.0,1.4,30.0,30.0,4,30.0,0.0,0,852.0,127.5,1,0
852.0,J3,83,40.0,1.4,30.0,7.5,1,7.5,0.0,0,852.0,45.0,1,0
852.0,J1,83,40.0,1.4,30.0,30.0,4,15.0,15.0,0,852.0,75.0,1,0
853.0,J2,83,39.8,1.51,31.0,30.0,4,30.0,0.0,1,853.0,127.5,1,0
853.0,J3,83,39.8,1.51,31.0,7.5,1,7.5,0.0,1,853.0,45.0,1,0
853.0,J1,83,39.8,1.51,31.0,30.0,4,22.5,7.5,1,853.0,75.0,1,0
854.0,J2,81,38.52,1.65,32.0,30.0,4,30.0,0.0,1,854.0,135.0,1,0
854.0,J3,81,38.52,1.65,32.0,7.5,1,7.5,0.0,1,854.0,45.0,1,0
854.0,J1,81,38.52,1.65,32.0,30.0,4,22.5,7.5,1,854.0,75.0,1,0
855.0,J2,79,36.84,1.81,33.0,30.0,4,30.0,0.0,1,855.0,142.5,1,0
855.0,J3,79,36.84,1.81,33.0,7.5,1,7.5,0.0,1,855.0,45.0,1,0
855.0,J1,79,36.84,1.81,33.0,30.0,4,30.0,0.0,1,855.0,75.0,1,0
856.0,J2,78,35.29,0.18,13.0,15.0,2,30.0,-15.0,2,856.0,150.0,1,0
856.0,J3,78,35.29,0.18,13.0,0.0,0,7.5,-7.5,2,856.0,45.0,1,0
856.0,J1,78,35.29,0.18,13.0,0.0,0,30.0,-30.0,2,856.0,82.5,1,0
857.0,J2,77,34.13,0.05,2.0,7.5,1,30.0,-22.5,2,857.0,157.5,1,0
857.0,J3,77,34.13,0.05,2.0,0.0,0,7.5,-7.5,2,857.0,45.0,1,0
857.0,J1,77,34.13,0.05,2.0,15.0,2,30.0,-15.0,2,857.0,90.0,1,0
858.0,J2,76,33.85,0.12,3.0,15.0,2,30.0,-15.0,2,858.0,157.5,1,0
858.0,J3,76,33.85,0.12,3.0,0.0,0,7.5,-7.5,2,858.0,45.0,1,0
858.0,J1,76,33.85,0.12,3.0,22.5,3,30.0,-7.5,2,858.0,90.0,1,0
859.0,J2,74,33.83,0.24,4.0,37.5,5,30.0,7.5,2,859.0,157.5,1,0
859.0,J3,74,33.83,0.24,4.0,0.0,0,7.5,-7.5,2,859.0,52.5,1,0
859.0,J1,74,33.83,0.24,4.0,30.0,4,30.0,0.0,2,859.0,90.0,1,0
860.0,J2,73,33.48,0.4,5.0,52.5,7,30.0,22.5,2,860.0,165.0,1,0
860.0,J3,73,33.48,0.4,5.0,0.0,0,7.5,-7.5,2,860.0,52.5,1,0
860.0,J1,73,33.48,0.4,5.0,30.0,4,30.0,0.0,2,860.0,90.0,1,0
861.0,J2,73,33.21,0.56,6.0,60.0,8,15.0,45.0,2,861.0,165.0,1,0
861.0,J3,73,33.21,0.56,6.0,0.0,0,0.0,0.0,2,861.0,52.5,1,0
861.0,J1,73,33.21,0.56,6.0,30.0,4,0.0,30.0,2,861.0,90.0,1,0
862.0,J2,72,32.9,0.75,7.0,67.5,9,7.5,60.0,2,862.0,165.0,1,0
862.0,J3,72,32.9,0.75,7.0,0.0,0,0.0,0.0,2,862.0,60.0,1,0
862.0,J1,72,32.9,0.75,7.0,30.0,4,15.0,15.0,2,862.0,90.0,1,0
863.0,J2,73,32.68,0.96,8.0,67.5,9,15.0,52.5,2,863.0,165.0,1,0
863.0,J3,73,32.68,0.96,8.0,7.5,1,0.0,7.5,2,863.0,60.0,1,0
863.0,J1,73,32.68,0.96,8.0,45.0,6,22.5,22.5,2,863.0,90.0,1,0
864.0,J2,73,32.35,1.19,9.0,67.5,9,37.5,30.0,2,864.0,165.0,1,0
864.0,J3,73,32.35,1.19,9.0,7.5,1,0.0,7.5,2,864.0,67.5,1,0
864.0,J1,73,32.35,1.19,9.0,52.5,7,30.0,22.5,2,864.0,97.5,1,0
865.0,J2,70,32.0,1.53,10.0,75.0,10,52.5,22.5,2,865.0,165.0,1,0
865.0,J3,70,32.0,1.53,10.0,7.5,1,0.0,7.5,2,865.0,67.5,1,0
865.0,J1,70,32.0,1.53,10.0,67.5,9,30.0,37.5,2,865.0,97.5,1,0
866.0,J2,70,31.71,1.81,11.0,75.0,10,60.0,15.0,2,866.0,165.0,1,0
866.0,J3,70,31.71,1.81,11.0,7.5,1,0.0,7.5,2,866.0,67.5,1,0
866.0,J1,70,31.71,1.81,11.0,67.5,9,30.0,37.5,2,866.0,97.5,1,0
867.0,J2,70,31.62,2.1,12.0,75.0,10,67.5,7.5,2,867.0,165.0,1,0
867.0,J3,70,31.62,2.1,12.0,7.5,1,0.0,7.5,2,867.0,67.5,1,0
867.0,J1,70,31.62,2.1,12.0,67.5,9,30.0,37.5,2,867.0,97.5,1,0
868.0,J2,71,31.93,2.37,13.0,75.0,10,67.5,7.5,2,868.0,165.0,1,0
868.0,J3,71,31.93,2.37,13.0,7.5,1,7.5,0.0,2,868.0,67.5,1,0
868.0,J1,71,31.93,2.37,13.0,75.0,10,45.0,30.0,2,868.0,105.0,1,0
869.0,J2,71,31.77,2.66,14.0,75.0,10,67.5,7.5,2,869.0,165.0,1,0
869.0,J3,71,31.77,2.66,14.0,7.5,1,7.5,0.0,2,869.0,67.5,1,0
869.0,J1,71,31.77,2.66,14.0,75.0,10,52.5,22.5,2,869.0,105.0,1,0
870.0,J2,71,31.66,2.97,15.0,82.5,11,75.0,7.5,2,870.0,165.0,1,0
870.0,J3,71,31.66,2.97,15.0,7.5,1,7.5,0.0,2,870.0,75.0,1,0
870.0,J1,71,31.66,2.97,15.0,75.0,10,67.5,7.5,2,870.0,105.0,1,0
871.0,J2,72,31.52,3.24,16.0,82.5,11,75.0,7.5,2,871.0,120.0,1,0
871.0,J3,72,31.52,3.24,16.0,7.5,1,7.5,0.0,2,871.0,30.0,0,0
871.0,J1,72,31.52,3.24,16.0,75.0,10,67.5,7.5,2,871.0,60.0,1,0
872.0,J2,73,31.75,3.49,17.0,82.5,11,75.0,7.5,2,872.0,75.0,1,0
872.0,J3,73,31.75,3.49,17.0,7.5,1,7.5,0.0,2,872.0,0.0,0,0
872.0,J1,73,31.75,3.49,17.0,75.0,10,67.5,7.5,2,872.0,37.5,1,0
873.0,J2,73,31.4,3.79,18.0,82.5,11,75.0,7.5,2,873.0,52.5,1,0
873.0,J3,73,31.4,3.79,18.0,7.5,1,7.5,0.0,2,873.0,0.0,0,0
873.0,J1,73,31.4,3.79,18.0,75.0,10,75.0,0.0,2,873.0,15.0,0,0
874.0,J2,74,31.64,4.04,19.0,82.5,11,75.0,7.5,2,874.0,30.0,0,0
874.0,J3,74,31.64,4.04,19.0,7.5,1,7.5,0.0,2,874.0,0.0,0,0
874.0,J1,74,31.64,4.04,19.0,75.0,10,75.0,0.0,2,874.0,7.5,0,0
875.0,J2,74,30.8,4.34,20.0,82.5,11,82.5,0.0,2,875.0,7.5,0,0
875.0,J3,74,30.8,4.34,20.0,7.5,1,7.5,0.0,2,875.0,0.0,0,0
875.0,J1,74,30.8,4.34,20.0,75.0,10,75.0,0.0,2,875.0,7.5,0,0
876.0,J2,75,30.59,4.57,21.0,82.5,11,82.5,0.0,2,876.0,0.0,0,0
876.0,J3,75,30.59,4.57,21.0,7.5,1,7.5,0.0,2,876.0,0.0,0,0
876.0,J1,75,30.59,4.57,21.0,75.0,10,75.0,0.0,2,876.0,7.5,0,0
877.0,J2,76,30.49,4.82,22.0,82.5,11,82.5,0.0,2,877.0,0.0,0,0
877.0,J3,76,30.49,4.82,22.0,15.0,2,7.5,7.5,2,877.0,0.0,0,0
877.0,J1,76,30.49,4.82,22.0,75.0,10,75.0,0.0,2,877.0,15.0,0,0
878.0,J2,78,30.96,5.01,23.0,90.0,12,82.5,7.5,2,878.0,0.0,0,0
878.0,J3,78,30.96,5.01,23.0,15.0,2,7.5,7.5,2,878.0,0.0,0,0
878.0,J1,78,30.96,5.01,23.0,82.5,11,75.0,7.5,2,878.0,15.0,0,0
879.0,J2,79,30.95,5.27,24.0,90.0,12,82.5,7.5,2,879.0,0.0,0,0
879.0,J3,79,30.95,5.27,24.0,15.0,2,7.5,7.5,2,879.0,0.0,0,0
879.0,J1,79,30.95,5.27,24.0,82.5,11,75.0,7.5,2,879.0,15.0,0,0
880.0,J2,79,30.51,5.58,25.0,90.0,12,82.5,7.5,2,880.0,0.0,0,0
880.0,J3,79,30.51,5.58,25.0,15.0,2,7.5,7.5,2,880.0,0.0,0,0
880.0,J1,79,30.51,5.58,25.0,82.5,11,75.0,7.5,2,880.0,15.0,0,0
881.0,J2,79,30.0,5.9,26.0,90.0,12,82.5,7.5,2,881.0,0.0,0,0
881.0,J3,79,30.0,5.9,26.0,15.0,2,7.5,7.5,2,881.0,0.0,0,0
881.0,J1,79,30.0,5.9,26.0,82.5,11,75.0,7.5,2,881.0,15.0,0,0
882.0,J2,79,29.37,6.23,27.0,97.5,13,82.5,15.0,2,882.0,0.0,0,0
882.0,J3,79,29.37,6.23,27.0,15.0,2,15.0,0.0,2,882.0,0.0,0,0
882.0,J1,79,29.37,6.23,27.0,82.5,11,75.0,7.5,2,882.0,15.0,0,0
883.0,J2,79,28.83,6.56,28.0,97.5,13,90.0,7.5,2,883.0,0.0,0,0
883.0,J3,79,28.83,6.56,28.0,15.0,2,15.0,0.0,2,883.0,0.0,0,0
883.0,J1,79,28.83,6.56,28.0,82.5,11,82.5,0.0,2,883.0,15.0,0,0
884.0,J2,80,27.85,6.8,29.0,97.5,13,90.0,7.5,2,884.0,0.0,0,0
884.0,J3,80,27.85,6.8,29.0,15.0,2,15.0,0.0,2,884.0,0.0,0,0
884.0,J1,80,27.85,6.8,29.0,82.5,11,82.5,0.0,2,884.0,15.0,0,0
885.0,J2,80,27.02,7.15,30.0,105.0,14,90.0,15.0,2,885.0,0.0,0,0
885.0,J3,80,27.02,7.15,30.0,22.5,3,15.0,7.5,2,885.0,0.0,0,0
885.0,J1,80,27.02,7.15,30.0,82.5,11,82.5,0.0,2,885.0,15.0,0,0
886.0,J2,81,26.6,7.41,31.0,105.0,14,90.0,15.0,2,886.0,0.0,0,0
886.0,J3,81,26.6,7.41,31.0,22.5,3,15.0,7.5,2,886.0,0.0,0,0
886.0,J1,81,26.6,7.41,31.0,82.5,11,82.5,0.0,2,886.0,15.0,0,0
887.0,J2,81,25.89,7.77,32.0,112.5,15,97.5,15.0,2,887.0,0.0,0,0
887.0,J3,81,25.89,7.77,32.0,22.5,3,15.0,7.5,2,887.0,0.0,0,0
887.0,J1,81,25.89,7.77,32.0,82.5,11,82.5,0.0,2,887.0,15.0,0,0
888.0,J2,81,25.32,8.17,33.0,135.0,18,97.5,37.5,2,888.0,0.0,0,0
888.0,J3,81,25.32,8.17,33.0,30.0,4,15.0,15.0,2,888.0,7.5,0,0
888.0,J1,81,25.32,8.17,33.0,82.5,11,82.5,0.0,2,888.0,15.0,0,0
889.0,J2,81,24.61,8.58,34.0,135.0,18,97.5,37.5,2,889.0,0.0,0,0
889.0,J3,81,24.61,8.58,34.0,30.0,4,15.0,15.0,2,889.0,7.5,0,0
889.0,J1,81,24.61,8.58,34.0,82.5,11,82.5,0.0,2,889.0,15.0,0,0
890.0,J2,78,23.12,9.36,35.0,142.5,19,105.0,37.5,2,890.0,0.0,0,0
890.0,J3,78,23.12,9.36,35.0,37.5,5,22.5,15.0,2,890.0,7.5,0,0
890.0,J1,78,23.12,9.36,35.0,82.5,11,82.5,0.0,2,890.0,15.0,0,0
891.0,J2,76,22.36,10.07,36.0,142.5,19,105.0,37.5,2,891.0,7.5,0,0
891.0,J3,76,22.36,10.07,36.0,37.5,5,22.5,15.0,2,891.0,7.5,0,0
891.0,J1,76,22.36,10.07,36.0,82.5,11,82.5,0.0,2,891.0,15.0,0,0
892.0,J2,74,21.45,10.84,37.0,142.5,19,112.5,30.0,2,892.0,7.5,0,0
892.0,J3,74,21.45,10.84,37.0,45.0,6,22.5,22.5,2,892.0,7.5,0,0
892.0,J1,74,21.45,10.84,37.0,90.0,12,82.5,7.5,2,892.0,15.0,0,0
893.0,J2,75,21.56,11.19,38.0,142.5,19,135.0,7.5,2,893.0,7.5,0,0
893.0,J3,75,21.56,11.19,38.0,45.0,6,30.0,15.0,2,893.0,7.5,0,0
893.0,J1,75,21.56,11.19,38.0,90.0,12,82.5,7.5,2,893.0,15.0,0,0
894.0,J2,77,22.14,11.39,39.0,142.5,19,135.0,7.5,2,894.0,7.5,0,0
894.0,J3,77,22.14,11.39,39.0,52.5,7,30.0,22.5,2,894.0,15.0,0,0
894.0,J1,77,22.14,11.39,39.0,90.0,12,82.5,7.5,2,894.0,15.0,0,0
895.0,J2,78,22.49,11.73,40.0,142.5,19,142.5,0.0,2,895.0,7.5,0,0
895.0,J3,78,22.49,11.73,40.0,52.5,7,37.5,15.0,2,895.0,15.0,0,0
895.0,J1,78,22.49,11.73,40.0,90.0,12,82.5,7.5,2,895.0,15.0,0,0
896.0,J2,77,21.99,12.39,41.0,142.5,19,142.5,0.0,2,896.0,7.5,0,0
896.0,J3,77,21.99,12.39,41.0,52.5,7,37.5,15.0,2,896.0,15.0,0,0
896.0,J1,77,21.99,12.39,41.0,97.5,13,82.5,15.0,2,896.0,15.0,0,0
897.0,J2,73,20.42,13.6,42.0,142.5,19,142.5,0.0,2,897.0,7.5,0,0
897.0,J3,73,20.42,13.6,42.0,52.5,7,45.0,7.5,2,897.0,15.0,0,0
897.0,J1,73,20.42,13.6,42.0,97.5,13,90.0,7.5,2,897.0,15.0,0,0
898.0,J2,72,20.02,14.33,43.0,142.5,19,142.5,0.0,3,898.0,7.5,0,0
898.0,J3,72,20.02,14.33,43.0,52.5,7,45.0,7.5,3,898.0,15.0,0,0
898.0,J1,72,20.02,14.33,43.0,97.5,13,90.0,7.5,3,898.0,15.0,0,0
899.0,J2,71,19.6,15.08,44.0,142.5,19,142.5,0.0,3,899.0,7.5,0,0
899.0,J3,71,19.6,15.08,44.0,52.5,7,52.5,0.0,3,899.0,15.0,0,0
899.0,J1,71,19.6,15.08,44.0,97.5,13,90.0,7.5,3,899.0,15.0,0,0
900.0,J2,71,19.76,15.63,45.0,142.5,19,142.5,0.0,3,900.0,7.5,0,0
900.0,J3,71,19.76,15.63,45.0,52.5,7,52.5,0.0,3,900.0,15.0,0,0
900.0,J1,71,19.76,15.63,45.0,97.5,13,90.0,7.5,3,900.0,15.0,0,0
901.0,J2,68,20.51,8.22,43.0,97.5,13,142.5,-45.0,0,901.0,15.0,0,0
901.0,J3,68,20.51,8.22,43.0,15.0,2,52.5,-37.5,0,901.0,15.0,0,0
901.0,J1,68,20.51,8.22,43.0,52.5,7,97.5,-45.0,0,901.0,15.0,0,0
902.0,J2,68,22.79,3.35,39.0,52.5,7,142.5,-90.0,0,902.0,15.0,0,0
902.0,J3,68,22.79,3.35,39.0,0.0,0,52.5,-52.5,0,902.0,15.0,0,0
902.0,J1,68,22.79,3.35,39.0,30.0,4,97.5,-67.5,0,902.0,15.0,0,0
903.0,J2,66,25.18,0.68,17.0,15.0,2,142.5,-127.5,0,903.0,15.0,0,0
903.0,J3,66,25.18,0.68,17.0,0.0,0,52.5,-52.5,0,903.0,15.0,0,0
903.0,J1,66,25.18,0.68,17.0,7.5,1,97.5,-90.0,0,903.0,15.0,0,0
904.0,J2,66,28.53,0.0,0.0,0.0,0,142.5,-142.5,0,904.0,15.0,0,0
904.0,J3,66,28.53,0.0,0.0,0.0,0,52.5,-52.5,0,904.0,15.0,0,0
904.0,J1,66,28.53,0.0,0.0,0.0,0,97.5,-97.5,0,904.0,15.0,0,0
905.0,J2,65,31.27,0.0,0.0,0.0,0,142.5,-142.5,0,905.0,15.0,0,0
905.0,J3,65,31.27,0.0,0.0,0.0,0,52.5,-52.5,0,905.0,15.0,0,0
905.0,J1,65,31.27,0.0,0.0,0.0,0,97.5,-97.5,0,905.0,15.0,0,0
906.0,J2,64,35.04,0.0,0.0,0.0,0,97.5,-97.5,0,906.0,15.0,0,0
906.0,J3,64,35.04,0.0,0.0,0.0,0,15.0,-15.0,0,906.0,15.0,0,0
906.0,J1,64,35.04,0.0,0.0,0.0,0,52.5,-52.5,0,906.0,15.0,0,0
907.0,J2,65,38.05,0.0,0.0,0.0,0,52.5,-52.5,0,907.0,15.0,0,0
907.0,J3,65,38.05,0.0,0.0,0.0,0,0.0,0.0,0,907.0,15.0,0,0
907.0,J1,65,38.05,0.0,0.0,0.0,0,30.0,-30.0,0,907.0,15.0,0,0
908.0,J2,64,40.0,0.0,0.0,0.0,0,15.0,-15.0,0,908.0,15.0,0,0
908.0,J3,64,40.0,0.0,0.0,0.0,0,0.0,0.0,0,908.0,15.0,0,0
908.0,J1,64,40.0,0.0,0.0,0.0,0,7.5,-7.5,0,908.0,15.0,0,0
909.0,J2,65,41.33,0.0,0.0,0.0,0,0.0,0.0,0,909.0,15.0,0,0
909.0,J3,65,41.33,0.0,0.0,0.0,0,0.0,0.0,0,909.0,15.0,0,0
909.0,J1,65,41.33,0.0,0.0,0.0,0,0.0,0.0,0,909.0,15.0,0,0
910.0,J2,65,41.81,0.02,1.0,0.0,0,0.0,0.0,0,910.0,15.0,0,0
910.0,J3,65,41.81,0.02,1.0,0.0,0,0.0,0.0,0,910.0,15.0,0,0
910.0,J1,65,41.81,0.02,1.0,0.0,0,0.0,0.0,0,910.0,15.0,0,0
911.0,J2,66,42.5,0.0,0.0,0.0,0,0.0,0.0,0,911.0,22.5,0,0
911.0,J3,66,42.5,0.0,0.0,0.0,0,0.0,0.0,0,911.0,15.0,0,0
911.0,J1,66,42.5,0.0,0.0,0.0,0,0.0,0.0,0,911.0,15.0,0,0
912.0,J2,66,42.47,0.0,0.0,0.0,0,0.0,0.0,0,912.0,22.5,0,0
912.0,J3,66,42.47,0.0,0.0,0.0,0,0.0,0.0,0,912.0,15.0,0,0
912.0,J1,66,42.47,0.0,0.0,0.0,0,0.0,0.0,0,912.0,22.5,0,0
913.0,J2,67,42.78,0.01,1.0,7.5,1,0.0,7.5,0,913.0,22.5,0,0
913.0,J3,67,42.78,0.01,1.0,0.0,0,0.0,0.0,0,913.0,15.0,0,0
913.0,J1,67,42.78,0.01,1.0,0.0,0,0.0,0.0,0,913.0,22.5,0,0
914.0,J2,66,42.81,0.03,2.0,7.5,1,0.0,7.5,0,914.0,22.5,0,0
914.0,J3,66,42.81,0.03,2.0,0.0,0,0.0,0.0,0,914.0,15.0,0,0
914.0,J1,66,42.81,0.03,2.0,0.0,0,0.0,0.0,0,914.0,22.5,0,0
915.0,J2,67,43.3,0.04,3.0,7.5,1,0.0,7.5,0,915.0,22.5,0,0
915.0,J3,67,43.3,0.04,3.0,0.0,0,0.0,0.0,0,915.0,15.0,0,0
915.0,J1,67,43.3,0.04,3.0,0.0,0,0.0,0.0,0,915.0,22.5,0,0
916.0,J2,69,42.96,0.07,4.0,7.5,1,0.0,7.5,0,916.0,7.5,0,0
916.0,J3,69,42.96,0.07,4.0,0.0,0,0.0,0.0,0,916.0,0.0,0,0
916.0,J1,69,42.96,0.07,4.0,7.5,1,0.0,7.5,0,916.0,15.0,0,0
917.0,J2,69,43.25,0.1,5.0,7.5,1,0.0,7.5,0,917.0,7.5,0,0
917.0,J3,69,43.25,0.1,5.0,0.0,0,0.0,0.0,0,917.0,0.0,0,0
917.0,J1,69,43.25,0.1,5.0,7.5,1,0.0,7.5,0,917.0,7.5,0,0
918.0,J2,69,43.3,0.13,6.0,7.5,1,7.5,0.0,0,918.0,15.0,0,0
918.0,J3,69,43.3,0.13,6.0,0.0,0,0.0,0.0,0,918.0,7.5,0,0
918.0,J1,69,43.3,0.13,6.0,7.5,1,0.0,7.5,0,918.0,15.0,0,0
919.0,J2,70,42.53,0.16,7.0,7.5,1,7.5,0.0,0,919.0,15.0,0,0
919.0,J3,70,42.53,0.16,7.0,0.0,0,0.0,0.0,0,919.0,15.0,0,0
919.0,J1,70,42.53,0.16,7.0,7.5,1,0.0,7.5,0,919.0,30.0,0,0
920.0,J2,70,42.49,0.19,8.0,7.5,1,7.5,0.0,0,920.0,30.0,0,0
920.0,J3,70,42.49,0.19,8.0,0.0,0,0.0,0.0,0,920.0,22.5,0,0
920.0,J1,70,42.49,0.19,8.0,7.5,1,0.0,7.5,0,920.0,45.0,1,0
921.0,J2,71,42.14,0.23,9.0,15.0,2,7.5,7.5,0,921.0,30.0,0,0
921.0,J3,71,42.14,0.23,9.0,0.0,0,0.0,0.0,0,921.0,22.5,0,0
921.0,J1,71,42.14,0.23,9.0,7.5,1,7.5,0.0,0,921.0,45.0,1,0
922.0,J2,71,41.73,0.27,10.0,15.0,2,7.5,7.5,0,922.0,37.5,1,0
922.0,J3,71,41.73,0.27,10.0,0.0,0,0.0,0.0,0,922.0,22.5,0,0
922.0,J1,71,41.73,0.27,10.0,7.5,1,7.5,0.0,0,922.0,52.5,1,0
923.0,J2,71,41.38,0.31,11.0,15.0,2,7.5,7.5,0,923.0,45.0,1,0
923.0,J3,71,41.38,0.31,11.0,0.0,0,0.0,0.0,0,923.0,22.5,0,0
923.0,J1,71,41.38,0.31,11.0,7.5,1,7.5,0.0,0,923.0,60.0,1,0
924.0,J2,71,41.4,0.38,12.0,22.5,3,7.5,15.0,0,924.0,45.0,1,0
924.0,J3,71,41.4,0.38,12.0,0.0,0,0.0,0.0,0,924.0,22.5,0,0
924.0,J1,71,41.4,0.38,12.0,15.0,2,7.5,7.5,0,924.0,60.0,1,0
925.0,J2,72,41.49,0.44,13.0,22.5,3,7.5,15.0,0,925.0,45.0,1,0
925.0,J3,72,41.49,0.44,13.0,0.0,0,0.0,0.0,0,925.0,37.5,1,0
925.0,J1,72,41.49,0.44,13.0,15.0,2,7.5,7.5,0,925.0,60.0,1,0
926.0,J2,71,41.73,0.52,14.0,22.5,3,15.0,7.5,0,926.0,45.0,1,0
926.0,J3,71,41.73,0.52,14.0,0.0,0,0.0,0.0,0,926.0,37.5,1,0
926.0,J1,71,41.73,0.52,14.0,15.0,2,7.5,7.5,0,926.0,75.0,1,0
927.0,J2,71,41.26,0.59,15.0,22.5,3,15.0,7.5,0,927.0,52.5,1,0
927.0,J3,71,41.26,0.59,15.0,0.0,0,0.0,0.0,0,927.0,37.5,1,0
927.0,J1,71,41.26,0.59,15.0,15.0,2,7.5,7.5,0,927.0,82.5,1,0
928.0,J2,71,41.22,0.66,16.0,22.5,3,15.0,7.5,0,928.0,67.5,1,0
928.0,J3,71,41.22,0.66,16.0,0.0,0,0.0,0.0,0,928.0,37.5,1,0
928.0,J1,71,41.22,0.66,16.0,15.0,2,7.5,7.5,0,928.0,90.0,1,0
929.0,J2,71,41.27,0.73,17.0,22.5,3,22.5,0.0,0,929.0,75.0,1,0
929.0,J3,71,41.27,0.73,17.0,0.0,0,0.0,0.0,0,929.0,37.5,1,0
929.0,J1,71,41.27,0.73,17.0,15.0,2,15.0,0.0,0,929.0,97.5,1,0
930.0,J2,72,41.74,0.79,18.0,22.5,3,22.5,0.0,0,930.0,82.5,1,0
930.0,J3,72,41.74,0.79,18.0,0.0,0,0.0,0.0,0,930.0,37.5,1,0
930.0,J1,72,41.74,0.79,18.0,15.0,2,15.0,0.0,0,930.0,105.0,1,0
931.0,J2,73,41.2,0.85,19.0,22.5,3,22.5,0.0,0,931.0,90.0,1,0
931.0,J3,73,41.2,0.85,19.0,0.0,0,0.0,0.0,0,931.0,37.5,1,0
931.0,J1,73,41.2,0.85,19.0,15.0,2,15.0,0.0,0,931.0,105.0,1,0
932.0,J2,73,41.12,0.92,20.0,22.5,3,22.5,0.0,0,932.0,90.0,1,0
932.0,J3,73,41.12,0.92,20.0,0.0,0,0.0,0.0,0,932.0,37.5,1,0
932.0,J1,73,41.12,0.92,20.0,15.0,2,15.0,0.0,0,932.0,105.0,1,0
933.0,J2,75,40.73,0.97,21.0,30.0,4,22.5,7.5,0,933.0,90.0,1,0
933.0,J3,75,40.73,0.97,21.0,0.0,0,0.0,0.0,0,933.0,37.5,1,0
933.0,J1,75,40.73,0.97,21.0,15.0,2,15.0,0.0,0,933.0,105.0,1,0
934.0,J2,75,40.92,1.05,22.0,30.0,4,22.5,7.5,0,934.0,90.0,1,0
934.0,J3,75,40.92,1.05,22.0,0.0,0,0.0,0.0,0,934.0,37.5,1,0
934.0,J1,75,40.92,1.05,22.0,15.0,2,15.0,0.0,0,934.0,112.5,1,0
935.0,J2,76,41.24,1.12,23.0,30.0,4,22.5,7.5,0,935.0,90.0,1,0
935.0,J3,76,41.24,1.12,23.0,0.0,0,0.0,0.0,0,935.0,37.5,1,0
935.0,J1,76,41.24,1.12,23.0,15.0,2,15.0,0.0,0,935.0,120.0,1,0
936.0,J2,76,40.95,1.2,24.0,30.0,4,22.5,7.5,0,936.0,97.5,1,0
936.0,J3,76,40.95,1.2,24.0,0.0,0,0.0,0.0,0,936.0,37.5,1,0
936.0,J1,76,40.95,1.2,24.0,15.0,2,15.0,0.0,0,936.0,120.0,1,0
937.0,J2,76,41.47,1.28,25.0,30.0,4,22.5,7.5,0,937.0,97.5,1,0
937.0,J3,76,41.47,1.28,25.0,0.0,0,0.0,0.0,0,937.0,45.0,1,0
937.0,J1,76,41.47,1.28,25.0,15.0,2,15.0,0.0,0,937.0,120.0,1,0
938.0,J2,76,41.16,1.36,26.0,30.0,4,30.0,0.0,0,938.0,97.5,1,0
938.0,J3,76,41.16,1.36,26.0,0.0,0,0.0,0.0,0,938.0,52.5,1,0
938.0,J1,76,41.16,1.36,26.0,15.0,2,15.0,0.0,0,938.0,120.0,1,0
939.0,J2,77,41.17,1.42,27.0,30.0,4,30.0,0.0,0,939.0,97.5,1,0
939.0,J3,77,41.17,1.42,27.0,0.0,0,0.0,0.0,0,939.0,52.5,1,0
939.0,J1,77,41.17,1.42,27.0,15.0,2,15.0,0.0,0,939.0,120.0,1,0
940.0,J2,77,41.38,1.49,28.0,30.0,4,30.0,0.0,0,940.0,97.5,1,0
940.0,J3,77,41.38,1.49,28.0,0.0,0,0.0,0.0,0,940.0,52.5,1,0
940.0,J1,77,41.38,1.49,28.0,15.0,2,15.0,0.0,0,940.0,120.0,1,0
941.0,J2,77,41.37,1.57,29.0,30.0,4,30.0,0.0,0,941.0,97.5,1,0
941.0,J3,77,41.37,1.57,29.0,0.0,0,0.0,0.0,0,941.0,52.5,1,0
941.0,J1,77,41.37,1.57,29.0,15.0,2,15.0,0.0,0,941.0,120.0,1,0
942.0,J2,75,40.79,1.69,30.0,30.0,4,30.0,0.0,0,942.0,97.5,1,0
942.0,J3,75,40.79,1.69,30.0,0.0,0,0.0,0.0,0,942.0,52.5,1,0
942.0,J1,75,40.79,1.69,30.0,15.0,2,15.0,0.0,0,942.0,120.0,1,0
943.0,J2,75,40.08,1.77,31.0,30.0,4,30.0,0.0,1,943.0,97.5,1,0
943.0,J3,75,40.08,1.77,31.0,0.0,0,0.0,0.0,1,943.0,52.5,1,0
943.0,J1,75,40.08,1.77,31.0,15.0,2,15.0,0.0,1,943.0,120.0,1,0
944.0,J2,75,38.53,1.85,32.0,30.0,4,30.0,0.0,1,944.0,97.5,1,0
944.0,J3,75,38.53,1.85,32.0,0.0,0,0.0,0.0,1,944.0,52.5,1,0
944.0,J1,75,38.53,1.85,32.0,15.0,2,15.0,0.0,1,944.0,120.0,1,0
945.0,J2,75,36.32,1.95,33.0,37.5,5,30.0,7.5,1,945.0,105.0,1,0
945.0,J3,75,36.32,1.95,33.0,0.0,0,0.0,0.0,1,945.0,52.5,1,0
945.0,J1,75,36.32,1.95,33.0,15.0,2,15.0,0.0,1,945.0,120.0,1,0
946.0,J2,77,34.24,0.21,14.0,15.0,2,30.0,-15.0,2,946.0,112.5,1,0
946.0,J3,77,34.24,0.21,14.0,0.0,0,0.0,0.0,2,946.0,52.5,1,0
946.0,J1,77,34.24,0.21,14.0,0.0,0,15.0,-15.0,2,946.0,120.0,1,0
947.0,J2,76,32.71,0.07,3.0,15.0,2,30.0,-15.0,2,947.0,112.5,1,0
947.0,J3,76,32.71,0.07,3.0,0.0,0,0.0,0.0,2,947.0,52.5,1,0
947.0,J1,76,32.71,0.07,3.0,7.5,1,15.0,-7.5,2,947.0,127.5,1,0
948.0,J2,76,32.05,0.17,4.0,15.0,2,30.0,-15.0,2,948.0,112.5,1,0
948.0,J3,76,32.05,0.17,4.0,22.5,3,0.0,22.5,2,948.0,52.5,1,0
948.0,J1,76,32.05,0.17,4.0,22.5,3,15.0,7.5,2,948.0,127.5,1,0
949.0,J2,74,31.65,0.35,5.0,30.0,4,30.0,0.0,2,949.0,112.5,1,0
949.0,J3,74,31.65,0.35,5.0,22.5,3,0.0,22.5,2,949.0,52.5,1,0
949.0,J1,74,31.65,0.35,5.0,45.0,6,15.0,30.0,2,949.0,127.5,1,0
950.0,J2,74,31.31,0.54,6.0,37.5,5,37.5,0.0,2,950.0,112.5,1,0
950.0,J3,74,31.31,0.54,6.0,22.5,3,0.0,22.5,2,950.0,52.5,1,0
950.0,J1,74,31.31,0.54,6.0,45.0,6,15.0,30.0,2,950.0,127.5,1,0
951.0,J2,74,31.02,0.74,7.0,37.5,5,15.0,22.5,2,951.0,112.5,1,0
951.0,J3,74,31.02,0.74,7.0,30.0,4,0.0,30.0,2,951.0,52.5,1,0
951.0,J1,74,31.02,0.74,7.0,45.0,6,0.0,45.0,2,951.0,135.0,1,0
952.0,J2,74,29.84,0.97,8.0,37.5,5,15.0,22.5,2,952.0,127.5,1,0
952.0,J3,74,29.84,0.97,8.0,37.5,5,0.0,37.5,2,952.0,60.0,1,0
952.0,J1,74,29.84,0.97,8.0,52.5,7,7.5,45.0,2,952.0,142.5,1,0
953.0,J2,75,28.56,1.19,9.0,37.5,5,15.0,22.5,2,953.0,127.5,1,0
953.0,J3,75,28.56,1.19,9.0,37.5,5,22.5,15.0,2,953.0,60.0,1,0
953.0,J1,75,28.56,1.19,9.0,52.5,7,22.5,30.0,2,953.0,142.5,1,0
954.0,J2,74,27.62,1.49,10.0,52.5,7,30.0,22.5,2,954.0,127.5,1,0
954.0,J3,74,27.62,1.49,10.0,45.0,6,22.5,22.5,2,954.0,67.5,1,0
954.0,J1,74,27.62,1.49,10.0,60.0,8,45.0,15.0,2,954.0,142.5,1,0
955.0,J2,76,27.59,1.75,11.0,60.0,8,37.5,22.5,2,955.0,127.5,1,0
955.0,J3,76,27.59,1.75,11.0,52.5,7,22.5,30.0,2,955.0,67.5,1,0
955.0,J1,76,27.59,1.75,11.0,60.0,8,45.0,15.0,2,955.0,142.5,1,0
956.0,J2,75,27.28,2.12,12.0,67.5,9,37.5,30.0,2,956.0,127.5,1,0
956.0,J3,75,27.28,2.12,12.0,67.5,9,30.0,37.5,2,956.0,67.5,1,0
956.0,J1,75,27.28,2.12,12.0,60.0,8,45.0,15.0,2,956.0,142.5,1,0
957.0,J2,75,27.05,2.48,13.0,75.0,10,37.5,37.5,2,957.0,127.5,1,0
957.0,J3,75,27.05,2.48,13.0,67.5,9,37.5,30.0,2,957.0,67.5,1,0
957.0,J1,75,27.05,2.48,13.0,60.0,8,52.5,7.5,2,957.0,142.5,1,0
958.0,J2,76,27.23,2.82,14.0,82.5,11,37.5,45.0,2,958.0,127.5,1,0
958.0,J3,76,27.23,2.82,14.0,67.5,9,37.5,30.0,2,958.0,67.5,1,0
958.0,J1,76,27.23,2.82,14.0,60.0,8,52.5,7.5,2,958.0,142.5,1,0
959.0,J2,76,27.14,3.18,15.0,82.5,11,52.5,30.0,2,959.0,127.5,1,0
959.0,J3,76,27.14,3.18,15.0,67.5,9,45.0,22.5,2,959.0,67.5,1,0
959.0,J1,76,27.14,3.18,15.0,60.0,8,60.0,0.0,2,959.0,142.5,1,0
960.0,J2,77,27.13,3.53,16.0,90.0,12,60.0,30.0,2,960.0,127.5,1,0
960.0,J3,77,27.13,3.53,16.0,75.0,10,52.5,22.5,2,960.0,67.5,1,0
960.0,J1,77,27.13,3.53,16.0,60.0,8,60.0,0.0,2,960.0,142.5,1,0
961.0,J2,78,27.42,3.87,17.0,90.0,12,67.5,22.5,2,961.0,82.5,1,0
961.0,J3,78,27.42,3.87,17.0,75.0,10,67.5,7.5,2,961.0,22.5,0,0
961.0,J1,78,27.42,3.87,17.0,60.0,8,60.0,0.0,2,961.0,105.0,1,0
962.0,J2,79,27.6,4.2,18.0,90.0,12,75.0,15.0,2,962.0,37.5,1,0
962.0,J3,79,27.6,4.2,18.0,75.0,10,67.5,7.5,2,962.0,7.5,0,0
962.0,J1,79,27.6,4.2,18.0,60.0,8,60.0,0.0,2,962.0,75.0,1,0
963.0,J2,80,27.38,4.53,19.0,90.0,12,82.5,7.5,2,963.0,0.0,0,0
963.0,J3,80,27.38,4.53,19.0,75.0,10,67.5,7.5,2,963.0,7.5,0,0
963.0,J1,80,27.38,4.53,19.0,60.0,8,60.0,0.0,2,963.0,52.5,1,0
964.0,J2,81,27.48,4.84,20.0,90.0,12,82.5,7.5,2,964.0,0.0,0,0
964.0,J3,81,27.48,4.84,20.0,75.0,10,67.5,7.5,2,964.0,7.5,0,0
964.0,J1,81,27.48,4.84,20.0,60.0,8,60.0,0.0,2,964.0,30.0,0,0
965.0,J2,81,26.78,5.21,21.0,90.0,12,90.0,0.0,2,965.0,7.5,0,0
965.0,J3,81,26.78,5.21,21.0,75.0,10,75.0,0.0,2,965.0,22.5,0,0
965.0,J1,81,26.78,5.21,21.0,60.0,8,60.0,0.0,2,965.0,7.5,0,0
966.0,J2,82,26.66,5.52,22.0,90.0,12,90.0,0.0,2,966.0,7.5,0,0
966.0,J3,82,26.66,5.52,22.0,75.0,10,75.0,0.0,2,966.0,22.5,0,0
966.0,J1,82,26.66,5.52,22.0,67.5,9,60.0,7.5,2,966.0,0.0,0,0
967.0,J2,82,26.53,5.91,23.0,90.0,12,90.0,0.0,2,967.0,15.0,0,0
967.0,J3,82,26.53,5.91,23.0,75.0,10,75.0,0.0,2,967.0,22.5,0,0
967.0,J1,82,26.53,5.91,23.0,75.0,10,60.0,15.0,2,967.0,7.5,0,0
968.0,J2,82,25.47,6.3,24.0,90.0,12,90.0,0.0,2,968.0,15.0,0,0
968.0,J3,82,25.47,6.3,24.0,75.0,10,75.0,0.0,2,968.0,22.5,0,0
968.0,J1,82,25.47,6.3,24.0,75.0,10,60.0,15.0,2,968.0,7.5,0,0
969.0,J2,82,24.93,6.71,25.0,97.5,13,90.0,7.5,2,969.0,0.0,0,0
969.0,J3,82,24.93,6.71,25.0,75.0,10,75.0,0.0,2,969.0,22.5,0,0
969.0,J1,82,24.93,6.71,25.0,75.0,10,60.0,15.0,2,969.0,7.5,0,0
970.0,J2,82,24.24,7.13,26.0,97.5,13,90.0,7.5,2,970.0,0.0,0,0
970.0,J3,82,24.24,7.13,26.0,82.5,11,75.0,7.5,2,970.0,22.5,0,0
970.0,J1,82,24.24,7.13,26.0,82.5,11,60.0,22.5,2,970.0,7.5,0,0
971.0,J2,83,24.11,7.48,27.0,105.0,14,90.0,15.0,2,971.0,0.0,0,0
971.0,J3,83,24.11,7.48,27.0,82.5,11,75.0,7.5,2,971.0,22.5,0,0
971.0,J1,83,24.11,7.48,27.0,82.5,11,67.5,15.0,2,971.0,7.5,0,0
972.0,J2,83,23.84,7.93,28.0,112.5,15,90.0,22.5,2,972.0,0.0,0,0
972.0,J3,83,23.84,7.93,28.0,82.5,11,75.0,7.5,2,972.0,22.5,0,0
972.0,J1,83,23.84,7.93,28.0,82.5,11,75.0,7.5,2,972.0,7.5,0,0
973.0,J2,83,23.51,8.39,29.0,112.5,15,90.0,22.5,2,973.0,0.0,0,0
973.0,J3,83,23.51,8.39,29.0,82.5,11,75.0,7.5,2,973.0,30.0,0,0
973.0,J1,83,23.51,8.39,29.0,90.0,12,75.0,15.0,2,973.0,7.5,0,0
974.0,J2,84,23.86,8.7,30.0,105.0,14,97.5,7.5,2,974.0,0.0,0,0
974.0,J3,84,23.86,8.7,30.0,82.5,11,75.0,7.5,2,974.0,30.0,0,0
974.0,J1,84,23.86,8.7,30.0,90.0,12,75.0,15.0,2,974.0,7.5,0,0
975.0,J2,84,23.61,9.17,31.0,120.0,16,97.5,22.5,2,975.0,0.0,0,0
975.0,J3,84,23.61,9.17,31.0,82.5,11,82.5,0.0,2,975.0,30.0,0,0
975.0,J1,84,23.61,9.17,31.0,90.0,12,82.5,7.5,2,975.0,7.5,0,0
976.0,J2,84,23.04,9.63,32.0,120.0,16,105.0,15.0,2,976.0,0.0,0,0
976.0,J3,84,23.04,9.63,32.0,82.5,11,82.5,0.0,2,976.0,30.0,0,0
976.0,J1,84,23.04,9.63,32.0,90.0,12,82.5,7.5,2,976.0,7.5,0,0
977.0,J2,87,23.76,9.75,33.0,120.0,16,112.5,7.5,2,977.0,0.0,0,0
977.0,J3,87,23.76,9.75,33.0,82.5,11,82.5,0.0,2,977.0,30.0,0,0
977.0,J1,87,23.76,9.75,33.0,90.0,12,82.5,7.5,2,977.0,7.5,0,0
978.0,J2,87,23.63,10.2,34.0,120.0,16,112.5,7.5,2,978.0,0.0,0,0
978.0,J3,87,23.63,10.2,34.0,82.5,11,82.5,0.0,2,978.0,30.0,0,0
978.0,J1,87,23.63,10.2,34.0,90.0,12,90.0,0.0,2,978.0,7.5,0,0
979.0,J2,88,23.22,10.52,35.0,120.0,16,105.0,15.0,2,979.0,0.0,0,0
979.0,J3,88,23.22,10.52,35.0,82.5,11,82.5,0.0,2,979.0,30.0,0,0
979.0,J1,88,23.22,10.52,35.0,90.0,12,90.0,0.0,2,979.0,7.5,0,0
980.0,J2,86,22.39,11.23,36.0,120.0,16,120.0,0.0,2,980.0,0.0,0,0
980.0,J3,86,22.39,11.23,36.0,90.0,12,82.5,7.5,2,980.0,30.0,0,0
980.0,J1,86,22.39,11.23,36.0,90.0,12,90.0,0.0,2,980.0,7.5,0,0
981.0,J2,85,21.92,11.85,37.0,120.0,16,120.0,0.0,2,981.0,0.0,0,0
981.0,J3,85,21.92,11.85,37.0,90.0,12,82.5,7.5,2,981.0,30.0,0,0
981.0,J1,85,21.92,11.85,37.0,97.5,13,90.0,7.5,2,981.0,7.5,0,0
982.0,J2,83,21.06,12.65,38.0,120.0,16,120.0,0.0,2,982.0,0.0,0,0
982.0,J3,83,21.06,12.65,38.0,105.0,14,82.5,22.5,2,982.0,30.0,0,0
982.0,J1,83,21.06,12.65,38.0,97.5,13,90.0,7.5,2,982.0,7.5,0,0
983.0,J2,83,21.04,13.17,39.0,120.0,16,120.0,0.0,2,983.0,0.0,0,0
983.0,J3,83,21.04,13.17,39.0,105.0,14,82.5,22.5,2,983.0,30.0,0,0
983.0,J1,83,21.04,13.17,39.0,97.5,13,90.0,7.5,2,983.0,7.5,0,0
984.0,J2,83,20.97,13.69,40.0,120.0,16,120.0,0.0,2,984.0,7.5,0,0
984.0,J3,83,20.97,13.69,40.0,105.0,14,82.5,22.5,2,984.0,30.0,0,0
984.0,J1,83,20.97,13.69,40.0,97.5,13,90.0,7.5,2,984.0,7.5,0,0
985.0,J2,84,21.34,14.04,41.0,120.0,16,120.0,0.0,2,985.0,7.5,0,0
985.0,J3,84,21.34,14.04,41.0,105.0,14,90.0,15.0,2,985.0,30.0,0,0
985.0,J1,84,21.34,14.04,41.0,97.5,13,90.0,7.5,2,985.0,7.5,0,0
986.0,J2,84,20.96,14.55,42.0,120.0,16,120.0,0.0,2,986.0,7.5,0,0
986.0,J3,84,20.96,14.55,42.0,105.0,14,90.0,15.0,2,986.0,30.0,0,0
986.0,J1,84,20.96,14.55,42.0,97.5,13,97.5,0.0,2,986.0,7.5,0,0
987.0,J2,81,19.99,15.62,43.0,120.0,16,120.0,0.0,2,987.0,15.0,0,0
987.0,J3,81,19.99,15.62,43.0,105.0,14,105.0,0.0,2,987.0,30.0,0,0
987.0,J1,81,19.99,15.62,43.0,97.5,13,97.5,0.0,2,987.0,7.5,0,0
988.0,J2,80,19.44,16.35,44.0,120.0,16,120.0,0.0,3,988.0,15.0,0,0
988.0,J3,80,19.44,16.35,44.0,105.0,14,105.0,0.0,3,988.0,30.0,0,0
988.0,J1,80,19.44,16.35,44.0,97.5,13,97.5,0.0,3,988.0,7.5,0,0
989.0,J2,80,19.07,16.89,45.0,120.0,16,120.0,0.0,3,989.0,15.0,0,0
989.0,J3,80,19.07,16.89,45.0,105.0,14,105.0,0.0,3,989.0,30.0,0,0
989.0,J1,80,19.07,16.89,45.0,97.5,13,97.5,0.0,3,989.0,7.5,0,0
990.0,J2,79,17.97,17.65,46.0,120.0,16,120.0,0.0,3,990.0,15.0,0,0
990.0,J3,79,17.97,17.65,46.0,105.0,14,105.0,0.0,3,990.0,30.0,0,0
990.0,J1,79,17.97,17.65,46.0,97.5,13,97.5,0.0,3,990.0,7.5,0,0
991.0,J2,79,19.14,9.25,45.0,75.0,10,120.0,-45.0,0,991.0,15.0,0,0
991.0,J3,79,19.14,9.25,45.0,67.5,9,105.0,-37.5,0,991.0,30.0,0,0
991.0,J1,79,19.14,9.25,45.0,52.5,7,97.5,-45.0,0,991.0,7.5,0,0
992.0,J2,79,20.56,2.52,39.0,30.0,4,120.0,-90.0,0,992.0,15.0,0,0
992.0,J3,79,20.56,2.52,39.0,30.0,4,105.0,-75.0,0,992.0,30.0,0,0
992.0,J1,79,20.56,2.52,39.0,15.0,2,97.5,-82.5,0,992.0,7.5,0,0
993.0,J2,79,22.79,0.27,19.0,7.5,1,120.0,-112.5,0,993.0,15.0,0,0
993.0,J3,79,22.79,0.27,19.0,7.5,1,105.0,-97.5,0,993.0,30.0,0,0
993.0,J1,79,22.79,0.27,19.0,0.0,0,97.5,-97.5,0,993.0,7.5,0,0
994.0,J2,79,25.63,0.05,3.0,7.5,1,120.0,-112.5,0,994.0,22.5,0,0
994.0,J3,79,25.63,0.05,3.0,7.5,1,105.0,-97.5,0,994.0,30.0,0,0
994.0,J1,79,25.63,0.05,3.0,0.0,0,97.5,-97.5,0,994.0,7.5,0,0
995.0,J2,79,28.56,0.09,4.0,7.5,1,120.0,-112.5,0,995.0,22.5,0,0
995.0,J3,79,28.56,0.09,4.0,7.5,1,105.0,-97.5,0,995.0,30.0,0,0
995.0,J1,79,28.56,0.09,4.0,0.0,0,97.5,-97.5,0,995.0,7.5,0,0
996.0,J2,79,31.56,0.14,5.0,15.0,2,75.0,-60.0,0,996.0,22.5,0,0
996.0,J3,79,31.56,0.14,5.0,7.5,1,67.5,-60.0,0,996.0,30.0,0,0
996.0,J1,79,31.56,0.14,5.0,0.0,0,52.5,-52.5,0,996.0,7.5,0,0
997.0,J2,79,34.28,0.16,6.0,7.5,1,30.0,-22.5,0,997.0,22.5,0,0
997.0,J3,79,34.28,0.16,6.0,7.5,1,30.0,-22.5,0,997.0,30.0,0,0
997.0,J1,79,34.28,0.16,6.0,0.0,0,15.0,-15.0,0,997.0,7.5,0,0
998.0,J2,80,36.33,0.21,7.0,15.0,2,7.5,7.5,0,998.0,30.0,0,0
998.0,J3,80,36.33,0.21,7.0,7.5,1,7.5,0.0,0,998.0,30.0,0,0
998.0,J1,80,36.33,0.21,7.0,0.0,0,0.0,0.0,0,998.0,7.5,0,0
999.0,J2,80,37.32,0.26,8.0,15.0,2,7.5,7.5,0,999.0,30.0,0,0
999.0,J3,80,37.32,0.26,8.0,7.5,1,7.5,0.0,0,999.0,30.0,0,0
999.0,J1,80,37.32,0.26,8.0,0.0,0,0.0,0.0,0,999.0,7.5,0,0
1000.0,J2,80,38.11,0.33,9.0,15.0,2,7.5,7.5,0,1000.0,30.0,0,0
1000.0,J3,80,38.11,0.33,9.0,7.5,1,7.5,0.0,0,1000.0,30.0,0,0
1000.0,J1,80,38.11,0.33,9.0,7.5,1,0.0,7.5,0,1000.0,7.5,0,0
1001.0,J2,80,38.85,0.39,10.0,15.0,2,15.0,0.0,0,1001.0,30.0,0,0
1001.0,J3,80,38.85,0.39,10.0,7.5,1,7.5,0.0,0,1001.0,30.0,0,0
1001.0,J1,80,38.85,0.39,10.0,7.5,1,0.0,7.5,0,1001.0,7.5,0,0
1002.0,J2,80,38.82,0.45,11.0,15.0,2,7.5,7.5,0,1002.0,30.0,0,0
1002.0,J3,80,38.82,0.45,11.0,7.5,1,7.5,0.0,0,1002.0,30.0,0,0
1002.0,J1,80,38.82,0.45,11.0,7.5,1,0.0,7.5,0,1002.0,7.5,0,0
1003.0,J2,80,39.04,0.41,12.0,15.0,2,15.0,0.0,0,1003.0,30.0,0,0
1003.0,J3,80,39.04,0.41,12.0,7.5,1,7.5,0.0,0,1003.0,30.0,0,0
1003.0,J1,80,39.04,0.41,12.0,15.0,2,0.0,15.0,0,1003.0,7.5,0,0
1004.0,J2,80,39.3,0.49,13.0,15.0,2,15.0,0.0,0,1004.0,30.0,0,0
1004.0,J3,80,39.3,0.49,13.0,7.5,1,7.5,0.0,0,1004.0,30.0,0,0
1004.0,J1,80,39.3,0.49,13.0,22.5,3,0.0,22.5,0,1004.0,7.5,0,0
1005.0,J2,81,39.06,0.56,14.0,15.0,2,15.0,0.0,0,1005.0,30.0,0,0
1005.0,J3,81,39.06,0.56,14.0,7.5,1,7.5,0.0,0,1005.0,30.0,0,0
1005.0,J1,81,39.06,0.56,14.0,22.5,3,7.5,15.0,0,1005.0,7.5,0,0
1006.0,J2,82,39.39,0.63,15.0,15.0,2,15.0,0.0,0,1006.0,7.5,0,0
1006.0,J3,82,39.39,0.63,15.0,15.0,2,7.5,7.5,0,1006.0,15.0,0,0
1006.0,J1,82,39.39,0.63,15.0,22.5,3,7.5,15.0,0,1006.0,7.5,0,0
1007.0,J2,80,39.2,0.74,16.0,15.0,2,15.0,0.0,0,1007.0,7.5,0,0
1007.0,J3,80,39.2,0.74,16.0,15.0,2,7.5,7.5,0,1007.0,7.5,0,0
1007.0,J1,80,39.2,0.74,16.0,22.5,3,7.5,15.0,0,1007.0,7.5,0,0
1008.0,J2,81,39.13,0.81,17.0,15.0,2,15.0,0.0,0,1008.0,7.5,0,0
1008.0,J3,81,39.13,0.81,17.0,15.0,2,7.5,7.5,0,1008.0,7.5,0,0
1008.0,J1,81,39.13,0.81,17.0,22.5,3,15.0,7.5,0,1008.0,7.5,0,0
1009.0,J2,81,39.35,0.9,18.0,15.0,2,15.0,0.0,0,1009.0,7.5,0,0
1009.0,J3,81,39.35,0.9,18.0,15.0,2,7.5,7.5,0,1009.0,7.5,0,0
1009.0,J1,81,39.35,0.9,18.0,22.5,3,22.5,0.0,0,1009.0,15.0,0,0
1010.0,J2,81,39.64,0.99,19.0,15.0,2,15.0,0.0,0,1010.0,7.5,0,0
1010.0,J3,81,39.64,0.99,19.0,15.0,2,7.5,7.5,0,1010.0,7.5,0,0
1010.0,J1,81,39.64,0.99,19.0,22.5,3,22.5,0.0,0,1010.0,15.0,0,0
1011.0,J2,82,39.67,1.06,20.0,15.0,2,15.0,0.0,0,1011.0,7.5,0,0
1011.0,J3,82,39.67,1.06,20.0,15.0,2,15.0,0.0,0,1011.0,15.0,0,0
1011.0,J1,82,39.67,1.06,20.0,22.5,3,22.5,0.0,0,1011.0,15.0,0,0
1012.0,J2,83,39.42,1.13,21.0,15.0,2,15.0,0.0,0,1012.0,15.0,0,0
1012.0,J3,83,39.42,1.13,21.0,15.0,2,15.0,0.0,0,1012.0,22.5,0,0
1012.0,J1,83,39.42,1.13,21.0,22.5,3,22.5,0.0,0,1012.0,15.0,0,0
1013.0,J2,83,39.22,1.22,22.0,15.0,2,15.0,0.0,0,1013.0,15.0,0,0
1013.0,J3,83,39.22,1.22,22.0,15.0,2,15.0,0.0,0,1013.0,22.5,0,0
1013.0,J1,83,39.22,1.22,22.0,22.5,3,22.5,0.0,0,1013.0,30.0,0,0
1014.0,J2,83,39.09,1.3,23.0,15.0,2,15.0,0.0,0,1014.0,22.5,0,0
1014.0,J3,83,39.09,1.3,23.0,15.0,2,15.0,0.0,0,1014.0,30.0,0,0
1014.0,J1,83,39.09,1.3,23.0,22.5,3,22.5,0.0,0,1014.0,37.5,1,0
1015.0,J2,84,39.2,1.38,24.0,15.0,2,15.0,0.0,0,1015.0,22.5,0,0
1015.0,J3,84,39.2,1.38,24.0,15.0,2,15.0,0.0,0,1015.0,37.5,1,0
1015.0,J1,84,39.2,1.38,24.0,30.0,4,22.5,7.5,0,1015.0,52.5,1,0
1016.0,J2,83,38.66,1.51,25.0,15.0,2,15.0,0.0,0,1016.0,30.0,0,0
1016.0,J3,83,38.66,1.51,25.0,15.0,2,15.0,0.0,0,1016.0,45.0,1,0
1016.0,J1,83,38.66,1.51,25.0,37.5,5,22.5,15.0,0,1016.0,52.5,1,0
1017.0,J2,84,38.72,1.6,26.0,15.0,2,15.0,0.0,0,1017.0,30.0,0,0
1017.0,J3,84,38.72,1.6,26.0,15.0,2,15.0,0.0,0,1017.0,45.0,1,0
1017.0,J1,84,38.72,1.6,26.0,37.5,5,22.5,15.0,0,1017.0,52.5,1,0
1018.0,J2,86,38.52,1.66,27.0,15.0,2,15.0,0.0,0,1018.0,30.0,0,0
1018.0,J3,86,38.52,1.66,27.0,15.0,2,15.0,0.0,0,1018.0,45.0,1,0
1018.0,J1,86,38.52,1.66,27.0,37.5,5,22.5,15.0,0,1018.0,52.5,1,0
1019.0,J2,86,38.24,1.78,28.0,15.0,2,15.0,0.0,0,1019.0,30.0,0,0
1019.0,J3,86,38.24,1.78,28.0,15.0,2,15.0,0.0,0,1019.0,52.5,1,0
1019.0,J1,86,38.24,1.78,28.0,45.0,6,22.5,22.5,0,1019.0,67.5,1,0
1020.0,J2,87,38.49,1.89,29.0,15.0,2,15.0,0.0,0,1020.0,30.0,0,0
1020.0,J3,87,38.49,1.89,29.0,15.0,2,15.0,0.0,0,1020.0,52.5,1,0
1020.0,J1,87,38.49,1.89,29.0,52.5,7,30.0,22.5,0,1020.0,67.5,1,0
1021.0,J2,87,38.61,2.01,30.0,15.0,2,15.0,0.0,0,1021.0,30.0,0,0
1021.0,J3,87,38.61,2.01,30.0,15.0,2,15.0,0.0,0,1021.0,52.5,1,0
1021.0,J1,87,38.61,2.01,30.0,52.5,7,37.5,15.0,0,1021.0,67.5,1,0
1022.0,J2,87,38.37,2.14,31.0,15.0,2,15.0,0.0,0,1022.0,45.0,1,0
1022.0,J3,87,38.37,2.14,31.0,15.0,2,15.0,0.0,0,1022.0,52.5,1,0
1022.0,J1,87,38.37,2.14,31.0,52.5,7,37.5,15.0,0,1022.0,67.5,1,0
1023.0,J2,87,38.31,2.26,32.0,15.0,2,15.0,0.0,0,1023.0,45.0,1,0
1023.0,J3,87,38.31,2.26,32.0,15.0,2,15.0,0.0,0,1023.0,52.5,1,0
1023.0,J1,87,38.31,2.26,32.0,52.5,7,37.5,15.0,0,1023.0,75.0,1,0
1024.0,J2,88,38.72,2.36,33.0,15.0,2,15.0,0.0,0,1024.0,45.0,1,0
1024.0,J3,88,38.72,2.36,33.0,15.0,2,15.0,0.0,0,1024.0,67.5,1,0
1024.0,J1,88,38.72,2.36,33.0,52.5,7,45.0,7.5,0,1024.0,75.0,1,0
1025.0,J2,88,38.69,2.49,34.0,15.0,2,15.0,0.0,0,1025.0,45.0,1,0
1025.0,J3,88,38.69,2.49,34.0,15.0,2,15.0,0.0,0,1025.0,67.5,1,0
1025.0,J1,88,38.69,2.49,34.0,52.5,7,52.5,0.0,0,1025.0,75.0,1,0
1026.0,J2,88,38.62,2.61,35.0,15.0,2,15.0,0.0,0,1026.0,52.5,1,0
1026.0,J3,88,38.62,2.61,35.0,15.0,2,15.0,0.0,0,1026.0,67.5,1,0
1026.0,J1,88,38.62,2.61,35.0,52.5,7,52.5,0.0,0,1026.0,75.0,1,0
1027.0,J2,88,38.53,2.74,36.0,15.0,2,15.0,0.0,0,1027.0,52.5,1,0
1027.0,J3,88,38.53,2.74,36.0,15.0,2,15.0,0.0,0,1027.0,67.5,1,0
1027.0,J1,88,38.53,2.74,36.0,52.5,7,52.5,0.0,0,1027.0,75.0,1,0
1028.0,J2,88,38.59,2.86,37.0,15.0,2,15.0,0.0,0,1028.0,67.5,1,0
1028.0,J3,88,38.59,2.86,37.0,15.0,2,15.0,0.0,0,1028.0,75.0,1,0
1028.0,J1,88,38.59,2.86,37.0,52.5,7,52.5,0.0,0,1028.0,75.0,1,0
1029.0,J2,88,38.66,2.99,38.0,15.0,2,15.0,0.0,0,1029.0,67.5,1,0
1029.0,J3,88,38.66,2.99,38.0,15.0,2,15.0,0.0,0,1029.0,75.0,1,0
1029.0,J1,88,38.66,2.99,38.0,52.5,7,52.5,0.0,0,1029.0,75.0,1,0
1030.0,J2,88,38.44,3.11,39.0,15.0,2,15.0,0.0,0,1030.0,67.5,1,0
1030.0,J3,88,38.44,3.11,39.0,15.0,2,15.0,0.0,0,1030.0,82.5,1,0
1030.0,J1,88,38.44,3.11,39.0,52.5,7,52.5,0.0,0,1030.0,75.0,1,0
1031.0,J2,88,38.55,3.24,40.0,15.0,2,15.0,0.0,0,1031.0,60.0,1,0
1031.0,J3,88,38.55,3.24,40.0,15.0,2,15.0,0.0,0,1031.0,82.5,1,0
1031.0,J1,88,38.55,3.24,40.0,52.5,7,52.5,0.0,0,1031.0,75.0,1,0
1032.0,J2,85,37.92,3.48,41.0,15.0,2,15.0,0.0,0,1032.0,67.5,1,0
1032.0,J3,85,37.92,3.48,41.0,15.0,2,15.0,0.0,0,1032.0,82.5,1,0
1032.0,J1,85,37.92,3.48,41.0,52.5,7,52.5,0.0,0,1032.0,75.0,1,0
1033.0,J2,86,37.44,3.57,42.0,15.0,2,15.0,0.0,1,1033.0,75.0,1,0
1033.0,J3,86,37.44,3.57,42.0,15.0,2,15.0,0.0,1,1033.0,82.5,1,0
1033.0,J1,86,37.44,3.57,42.0,52.5,7,52.5,0.0,1,1033.0,75.0,1,0
1034.0,J2,83,35.56,3.83,43.0,15.0,2,15.0,0.0,1,1034.0,90.0,1,0
1034.0,J3,83,35.56,3.83,43.0,15.0,2,15.0,0.0,1,1034.0,82.5,1,0
1034.0,J1,83,35.56,3.83,43.0,52.5,7,52.5,0.0,1,1034.0,75.0,1,0
1035.0,J2,81,33.15,4.09,44.0,22.5,3,15.0,7.5,1,1035.0,90.0,1,0
1035.0,J3,81,33.15,4.09,44.0,22.5,3,15.0,7.5,1,1035.0,82.5,1,0
1035.0,J1,81,33.15,4.09,44.0,52.5,7,52.5,0.0,1,1035.0,82.5,1,0
1036.0,J2,78,32.0,0.78,21.0,7.5,1,15.0,-7.5,2,1036.0,90.0,1,0
1036.0,J3,78,32.0,0.78,21.0,15.0,2,15.0,0.0,2,1036.0,90.0,1,0
1036.0,J1,78,32.0,0.78,21.0,22.5,3,52.5,-30.0,2,1036.0,90.0,1,0
1037.0,J2,76,31.05,0.16,3.0,22.5,3,15.0,7.5,2,1037.0,97.5,1,0
1037.0,J3,76,31.05,0.16,3.0,15.0,2,15.0,0.0,2,1037.0,90.0,1,0
1037.0,J1,76,31.05,0.16,3.0,15.0,2,52.5,-37.5,2,1037.0,90.0,1,0
1038.0,J2,77,30.94,0.29,4.0,22.5,3,15.0,7.5,2,1038.0,97.5,1,0
1038.0,J3,77,30.94,0.29,4.0,22.5,3,15.0,7.5,2,1038.0,90.0,1,0
1038.0,J1,77,30.94,0.29,4.0,30.0,4,52.5,-22.5,2,1038.0,97.5,1,0
1039.0,J2,78,30.93,0.44,5.0,22.5,3,15.0,7.5,2,1039.0,97.5,1,0
1039.0,J3,78,30.93,0.44,5.0,30.0,4,15.0,15.0,2,1039.0,90.0,1,0
1039.0,J1,78,30.93,0.44,5.0,37.5,5,52.5,-15.0,2,1039.0,97.5,1,0
1040.0,J2,78,30.95,0.63,6.0,37.5,5,22.5,15.0,2,1040.0,97.5,1,0
1040.0,J3,78,30.95,0.63,6.0,30.0,4,22.5,7.5,2,1040.0,90.0,1,0
1040.0,J1,78,30.95,0.63,6.0,45.0,6,52.5,-7.5,2,1040.0,112.5,1,0
1041.0,J2,78,31.31,0.86,7.0,45.0,6,7.5,37.5,2,1041.0,97.5,1,0
1041.0,J3,78,31.31,0.86,7.0,37.5,5,15.0,22.5,2,1041.0,90.0,1,0
1041.0,J1,78,31.31,0.86,7.0,52.5,7,22.5,30.0,2,1041.0,112.5,1,0
1042.0,J2,78,30.33,1.09,8.0,45.0,6,22.5,22.5,2,1042.0,97.5,1,0
1042.0,J3,78,30.33,1.09,8.0,37.5,5,15.0,22.5,2,1042.0,90.0,1,0
1042.0,J1,78,30.33,1.09,8.0,52.5,7,15.0,37.5,2,1042.0,112.5,1,0
1043.0,J2,78,29.69,1.35,9.0,45.0,6,22.5,22.5,2,1043.0,97.5,1,0
1043.0,J3,78,29.69,1.35,9.0,45.0,6,22.5,22.5,2,1043.0,90.0,1,0
1043.0,J1,78,29.69,1.35,9.0,60.0,8,30.0,30.0,2,1043.0,127.5,1,0
1044.0,J2,78,29.2,1.63,10.0,60.0,8,22.5,37.5,2,1044.0,97.5,1,0
1044.0,J3,78,29.2,1.63,10.0,45.0,6,30.0,15.0,2,1044.0,90.0,1,0
1044.0,J1,78,29.2,1.63,10.0,60.0,8,37.5,22.5,2,1044.0,135.0,1,0
1045.0,J2,79,27.88,1.9,11.0,67.5,9,37.5,30.0,2,1045.0,97.5,1,0
1045.0,J3,79,27.88,1.9,11.0,45.0,6,30.0,15.0,2,1045.0,97.5,1,0
1045.0,J1,79,27.88,1.9,11.0,60.0,8,45.0,15.0,2,1045.0,135.0,1,0
1046.0,J2,80,27.21,2.17,12.0,67.5,9,45.0,22.5,2,1046.0,97.5,1,0
1046.0,J3,80,27.21,2.17,12.0,45.0,6,37.5,7.5,2,1046.0,105.0,1,0
1046.0,J1,80,27.21,2.17,12.0,67.5,9,52.5,15.0,2,1046.0,135.0,1,0
1047.0,J2,80,25.87,2.49,13.0,67.5,9,45.0,22.5,2,1047.0,97.5,1,0
1047.0,J3,80,25.87,2.49,13.0,52.5,7,37.5,15.0,2,1047.0,105.0,1,0
1047.0,J1,80,25.87,2.49,13.0,67.5,9,52.5,15.0,2,1047.0,135.0,1,0
1048.0,J2,81,25.38,2.79,14.0,75.0,10,45.0,30.0,2,1048.0,97.5,1,0
1048.0,J3,81,25.38,2.79,14.0,60.0,8,45.0,15.0,2,1048.0,105.0,1,0
1048.0,J1,81,25.38,2.79,14.0,67.5,9,60.0,7.5,2,1048.0,135.0,1,0
1049.0,J2,82,25.26,3.11,15.0,82.5,11,60.0,22.5,2,1049.0,97.5,1,0
1049.0,J3,82,25.26,3.11,15.0,67.5,9,45.0,22.5,2,1049.0,105.0,1,0
1049.0,J1,82,25.26,3.11,15.0,67.5,9,60.0,7.5,2,1049.0,135.0,1,0
1050.0,J2,82,24.73,3.49,16.0,97.5,13,67.5,30.0,2,1050.0,97.5,1,0
1050.0,J3,82,24.73,3.49,16.0,67.5,9,45.0,22.5,2,1050.0,105.0,1,0
1050.0,J1,82,24.73,3.49,16.0,67.5,9,60.0,7.5,2,1050.0,135.0,1,0
1051.0,J2,83,24.81,3.86,17.0,105.0,14,67.5,37.5,2,1051.0,52.5,1,0
1051.0,J3,83,24.81,3.86,17.0,75.0,10,45.0,30.0,2,1051.0,67.5,1,0
1051.0,J1,83,24.81,3.86,17.0,75.0,10,67.5,7.5,2,1051.0,97.5,1,0
1052.0,J2,82,24.53,4.33,18.0,105.0,14,67.5,37.5,2,1052.0,7.5,0,0
1052.0,J3,82,24.53,4.33,18.0,82.5,11,52.5,30.0,2,1052.0,22.5,0,0
1052.0,J1,82,24.53,4.33,18.0,75.0,10,67.5,7.5,2,1052.0,60.0,1,0
1053.0,J2,82,24.39,4.77,19.0,112.5,15,75.0,37.5,2,1053.0,0.0,0,0
1053.0,J3,82,24.39,4.77,19.0,82.5,11,60.0,22.5,2,1053.0,0.0,0,0
1053.0,J1,82,24.39,4.77,19.0,75.0,10,67.5,7.5,2,1053.0,22.5,0,0
1054.0,J2,82,24.43,5.21,20.0,112.5,15,82.5,30.0,2,1054.0,0.0,0,0
1054.0,J3,82,24.43,5.21,20.0,82.5,11,67.5,15.0,2,1054.0,0.0,0,0
1054.0,J1,82,24.43,5.21,20.0,75.0,10,67.5,7.5,2,1054.0,7.5,0,0
1055.0,J2,82,24.2,5.65,21.0,112.5,15,97.5,15.0,2,1055.0,0.0,0,0
1055.0,J3,82,24.2,5.65,21.0,82.5,11,67.5,15.0,2,1055.0,0.0,0,0
1055.0,J1,82,24.2,5.65,21.0,75.0,10,67.5,7.5,2,1055.0,7.5,0,0
1056.0,J2,84,23.77,5.94,22.0,112.5,15,105.0,7.5,2,1056.0,0.0,0,0
1056.0,J3,84,23.77,5.94,22.0,82.5,11,75.0,7.5,2,1056.0,0.0,0,0
1056.0,J1,84,23.77,5.94,22.0,75.0,10,75.0,0.0,2,1056.0,7.5,0,0
1057.0,J2,85,24.01,6.29,23.0,112.5,15,105.0,7.5,2,1057.0,0.0,0,0
1057.0,J3,85,24.01,6.29,23.0,82.5,11,82.5,0.0,2,1057.0,0.0,0,0
1057.0,J1,85,24.01,6.29,23.0,75.0,10,75.0,0.0,2,1057.0,7.5,0,0
1058.0,J2,85,23.61,6.74,24.0,120.0,16,112.5,7.5,2,1058.0,0.0,0,0
1058.0,J3,85,23.61,6.74,24.0,82.5,11,82.5,0.0,2,1058.0,0.0,0,0
1058.0,J1,85,23.61,6.74,24.0,82.5,11,75.0,7.5,2,1058.0,7.5,0,0
1059.0,J2,86,23.66,6.99,25.0,112.5,15,112.5,0.0,2,1059.0,0.0,0,0
1059.0,J3,86,23.66,6.99,25.0,82.5,11,82.5,0.0,2,1059.0,15.0,0,0
1059.0,J1,86,23.66,6.99,25.0,82.5,11,75.0,7.5,2,1059.0,7.5,0,0
1060.0,J2,86,23.11,7.43,26.0,120.0,16,112.5,7.5,2,1060.0,0.0,0,0
1060.0,J3,86,23.11,7.43,26.0,82.5,11,82.5,0.0,2,1060.0,15.0,0,0
1060.0,J1,86,23.11,7.43,26.0,82.5,11,75.0,7.5,2,1060.0,7.5,0,0
1061.0,J2,87,23.2,7.79,27.0,127.5,17,112.5,15.0,2,1061.0,0.0,0,0
1061.0,J3,87,23.2,7.79,27.0,82.5,11,82.5,0.0,2,1061.0,15.0,0,0
1061.0,J1,87,23.2,7.79,27.0,82.5,11,75.0,7.5,2,1061.0,7.5,0,0
1062.0,J2,87,22.79,8.24,28.0,127.5,17,112.5,15.0,2,1062.0,0.0,0,0
1062.0,J3,87,22.79,8.24,28.0,82.5,11,82.5,0.0,2,1062.0,15.0,0,0
1062.0,J1,87,22.79,8.24,28.0,82.5,11,75.0,7.5,2,1062.0,7.5,0,0
1063.0,J2,88,22.97,8.59,29.0,127.5,17,120.0,7.5,2,1063.0,0.0,0,0
1063.0,J3,88,22.97,8.59,29.0,82.5,11,82.5,0.0,2,1063.0,15.0,0,0
1063.0,J1,88,22.97,8.59,29.0,82.5,11,82.5,0.0,2,1063.0,7.5,0,0
1064.0,J2,88,23.03,9.06,30.0,135.0,18,112.5,22.5,2,1064.0,7.5,0,0
1064.0,J3,88,23.03,9.06,30.0,82.5,11,82.5,0.0,2,1064.0,15.0,0,0
1064.0,J1,88,23.03,9.06,30.0,90.0,12,82.5,7.5,2,1064.0,15.0,0,0
1065.0,J2,89,23.18,9.43,31.0,135.0,18,120.0,15.0,2,1065.0,15.0,0,0
1065.0,J3,89,23.18,9.43,31.0,90.0,12,82.5,7.5,2,1065.0,15.0,0,0
1065.0,J1,89,23.18,9.43,31.0,90.0,12,82.5,7.5,2,1065.0,15.0,0,0
1066.0,J2,89,23.21,9.9,32.0,135.0,18,127.5,7.5,2,1066.0,15.0,0,0
1066.0,J3,89,23.21,9.9,32.0,90.0,12,82.5,7.5,2,1066.0,15.0,0,0
1066.0,J1,89,23.21,9.9,32.0,90.0,12,82.5,7.5,2,1066.0,15.0,0,0
1067.0,J2,89,23.03,10.37,33.0,135.0,18,127.5,7.5,2,1067.0,15.0,0,0
1067.0,J3,89,23.03,10.37,33.0,90.0,12,82.5,7.5,2,1067.0,15.0,0,0
1067.0,J1,89,23.03,10.37,33.0,90.0,12,82.5,7.5,2,1067.0,15.0,0,0
1068.0,J2,89,22.27,10.84,34.0,135.0,18,127.5,7.5,2,1068.0,15.0,0,0
1068.0,J3,89,22.27,10.84,34.0,90.0,12,82.5,7.5,2,1068.0,15.0,0,0
1068.0,J1,89,22.27,10.84,34.0,90.0,12,82.5,7.5,2,1068.0,15.0,0,0
1069.0,J2,88,21.28,11.44,35.0,135.0,18,135.0,0.0,2,1069.0,15.0,0,0
1069.0,J3,88,21.28,11.44,35.0,90.0,12,82.5,7.5,2,1069.0,15.0,0,0
1069.0,J1,88,21.28,11.44,35.0,90.0,12,90.0,0.0,2,1069.0,15.0,0,0
1070.0,J2,87,20.69,12.06,36.0,135.0,18,135.0,0.0,2,1070.0,15.0,0,0
1070.0,J3,87,20.69,12.06,36.0,90.0,12,90.0,0.0,2,1070.0,15.0,0,0
1070.0,J1,87,20.69,12.06,36.0,90.0,12,90.0,0.0,2,1070.0,15.0,0,0
1071.0,J2,87,20.36,12.55,37.0,135.0,18,135.0,0.0,2,1071.0,15.0,0,0
1071.0,J3,87,20.36,12.55,37.0,97.5,13,90.0,7.5,2,1071.0,15.0,0,0
1071.0,J1,87,20.36,12.55,37.0,90.0,12,90.0,0.0,2,1071.0,15.0,0,0
1072.0,J2,85,19.17,13.36,38.0,135.0,18,135.0,0.0,2,1072.0,22.5,0,0
1072.0,J3,85,19.17,13.36,38.0,105.0,14,90.0,15.0,2,1072.0,15.0,0,0
1072.0,J1,85,19.17,13.36,38.0,90.0,12,90.0,0.0,2,1072.0,15.0,0,0
1073.0,J2,85,18.78,13.89,39.0,135.0,18,135.0,0.0,2,1073.0,22.5,0,0
1073.0,J3,85,18.78,13.89,39.0,105.0,14,90.0,15.0,2,1073.0,15.0,0,0
1073.0,J1,85,18.78,13.89,39.0,97.5,13,90.0,7.5,2,1073.0,15.0,0,0
1074.0,J2,86,19.27,14.27,40.0,135.0,18,135.0,0.0,2,1074.0,30.0,0,0
1074.0,J3,86,19.27,14.27,40.0,105.0,14,90.0,15.0,2,1074.0,15.0,0,0
1074.0,J1,86,19.27,14.27,40.0,105.0,14,90.0,15.0,2,1074.0,15.0,0,0
1075.0,J2,86,19.3,14.8,41.0,135.0,18,135.0,0.0,2,1075.0,37.5,1,0
1075.0,J3,86,19.3,14.8,41.0,105.0,14,90.0,15.0,2,1075.0,15.0,0,0
1075.0,J1,86,19.3,14.8,41.0,105.0,14,90.0,15.0,2,1075.0,15.0,0,0
1076.0,J2,86,19.06,15.35,42.0,135.0,18,135.0,0.0,2,1076.0,37.5,1,0
1076.0,J3,86,19.06,15.35,42.0,112.5,15,97.5,15.0,2,1076.0,15.0,0,0
1076.0,J1,86,19.06,15.35,42.0,105.0,14,90.0,15.0,2,1076.0,15.0,0,0
1077.0,J2,84,17.94,16.29,43.0,135.0,18,135.0,0.0,2,1077.0,37.5,1,0
1077.0,J3,84,17.94,16.29,43.0,120.0,16,105.0,15.0,2,1077.0,15.0,0,0
1077.0,J1,84,17.94,16.29,43.0,105.0,14,90.0,15.0,2,1077.0,15.0,0,0
1078.0,J2,84,17.92,16.86,44.0,135.0,18,135.0,0.0,3,1078.0,37.5,1,0
1078.0,J3,84,17.92,16.86,44.0,120.0,16,105.0,15.0,3,1078.0,15.0,0,0
1078.0,J1,84,17.92,16.86,44.0,105.0,14,97.5,7.5,3,1078.0,22.5,0,0
1079.0,J2,84,17.77,17.44,45.0,142.5,19,135.0,7.5,3,1079.0,37.5,1,0
1079.0,J3,84,17.77,17.44,45.0,120.0,16,105.0,15.0,3,1079.0,15.0,0,0
1079.0,J1,84,17.77,17.44,45.0,105.0,14,105.0,0.0,3,1079.0,22.5,0,0
1080.0,J2,84,17.47,18.02,46.0,142.5,19,135.0,7.5,3,1080.0,37.5,1,0
1080.0,J3,84,17.47,18.02,46.0,120.0,16,105.0,15.0,3,1080.0,15.0,0,0
1080.0,J1,84,17.47,18.02,46.0,105.0,14,105.0,0.0,3,1080.0,22.5,0,0
1081.0,J2,87,19.38,9.3,43.0,97.5,13,135.0,-37.5,0,1081.0,37.5,1,0
1081.0,J3,87,19.38,9.3,43.0,75.0,10,112.5,-37.5,0,1081.0,15.0,0,0
1081.0,J1,87,19.38,9.3,43.0,60.0,8,105.0,-45.0,0,1081.0,22.5,0,0
1082.0,J2,86,21.1,3.52,37.0,52.5,7,135.0,-82.5,0,1082.0,37.5,1,0
1082.0,J3,86,21.1,3.52,37.0,30.0,4,120.0,-90.0,0,1082.0,15.0,0,0
1082.0,J1,86,21.1,3.52,37.0,22.5,3,105.0,-82.5,0,1082.0,22.5,0,0
1083.0,J2,86,23.53,1.0,31.0,30.0,4,135.0,-105.0,0,1083.0,37.5,1,0
1083.0,J3,86,23.53,1.0,31.0,7.5,1,120.0,-112.5,0,1083.0,15.0,0,0
1083.0,J1,86,23.53,1.0,31.0,0.0,0,105.0,-105.0,0,1083.0,22.5,0,0
1084.0,J2,85,26.3,0.31,24.0,15.0,2,142.5,-127.5,0,1084.0,37.5,1,0
1084.0,J3,85,26.3,0.31,24.0,0.0,0,120.0,-120.0,0,1084.0,15.0,0,0
1084.0,J1,85,26.3,0.31,24.0,7.5,1,105.0,-97.5,0,1084.0,22.5,0,0
1085.0,J2,85,29.38,0.05,2.0,7.5,1,142.5,-135.0,0,1085.0,37.5,1,0
1085.0,J3,85,29.38,0.05,2.0,0.0,0,120.0,-120.0,0,1085.0,15.0,0,0
1085.0,J1,85,29.38,0.05,2.0,7.5,1,105.0,-97.5,0,1085.0,22.5,0,0
1086.0,J2,84,32.38,0.07,3.0,7.5,1,97.5,-90.0,0,1086.0,37.5,1,0
1086.0,J3,84,32.38,0.07,3.0,0.0,0,75.0,-75.0,0,1086.0,15.0,0,0
1086.0,J1,84,32.38,0.07,3.0,7.5,1,60.0,-52.5,0,1086.0,22.5,0,0
1087.0,J2,83,34.43,0.1,4.0,7.5,1,52.5,-45.0,0,1087.0,37.5,1,0
1087.0,J3,83,34.43,0.1,4.0,0.0,0,30.0,-30.0,0,1087.0,15.0,0,0
1087.0,J1,83,34.43,0.1,4.0,7.5,1,22.5,-15.0,0,1087.0,30.0,0,0
1088.0,J2,83,36.08,0.13,5.0,7.5,1,30.0,-22.5,0,1088.0,45.0,1,0
1088.0,J3,83,36.08,0.13,5.0,0.0,0,7.5,-7.5,0,1088.0,15.0,0,0
1088.0,J1,83,36.08,0.13,5.0,15.0,2,0.0,15.0,0,1088.0,30.0,0,0
1089.0,J2,83,36.73,0.18,6.0,7.5,1,15.0,-7.5,0,1089.0,45.0,1,0
1089.0,J3,83,36.73,0.18,6.0,0.0,0,0.0,0.0,0,1089.0,15.0,0,0
1089.0,J1,83,36.73,0.18,6.0,22.5,3,7.5,15.0,0,1089.0,30.0,0,0
1090.0,J2,83,37.39,0.23,7.0,7.5,1,7.5,0.0,0,1090.0,45.0,1,0
1090.0,J3,83,37.39,0.23,7.0,0.0,0,0.0,0.0,0,1090.0,15.0,0,0
1090.0,J1,83,37.39,0.23,7.0,22.5,3,7.5,15.0,0,1090.0,30.0,0,0
1091.0,J2,83,37.69,0.28,8.0,7.5,1,7.5,0.0,0,1091.0,45.0,1,0
1091.0,J3,83,37.69,0.28,8.0,0.0,0,0.0,0.0,0,1091.0,15.0,0,0
1091.0,J1,83,37.69,0.28,8.0,22.5,3,7.5,15.0,0,1091.0,30.0,0,0
1092.0,J2,81,38.1,0.35,9.0,7.5,1,7.5,0.0,0,1092.0,45.0,1,0
1092.0,J3,81,38.1,0.35,9.0,0.0,0,0.0,0.0,0,1092.0,15.0,0,0
1092.0,J1,81,38.1,0.35,9.0,30.0,4,7.5,22.5,0,1092.0,30.0,0,0
1093.0,J2,81,38.82,0.42,10.0,7.5,1,7.5,0.0,0,1093.0,45.0,1,0
1093.0,J3,81,38.82,0.42,10.0,0.0,0,0.0,0.0,0,1093.0,15.0,0,0
1093.0,J1,81,38.82,0.42,10.0,37.5,5,15.0,22.5,0,1093.0,37.5,1,0
1094.0,J2,80,39.14,0.5,11.0,7.5,1,7.5,0.0,0,1094.0,45.0,1,0
1094.0,J3,80,39.14,0.5,11.0,0.0,0,0.0,0.0,0,1094.0,15.0,0,0
1094.0,J1,80,39.14,0.5,11.0,37.5,5,22.5,15.0,0,1094.0,37.5,1,0
1095.0,J2,83,39.47,0.55,12.0,7.5,1,7.5,0.0,0,1095.0,45.0,1,0
1095.0,J3,83,39.47,0.55,12.0,0.0,0,0.0,0.0,0,1095.0,15.0,0,0
1095.0,J1,83,39.47,0.55,12.0,37.5,5,22.5,15.0,0,1095.0,37.5,1,0
1096.0,J2,84,39.02,0.62,13.0,7.5,1,7.5,0.0,0,1096.0,22.5,0,0
1096.0,J3,84,39.02,0.62,13.0,0.0,0,0.0,0.0,0,1096.0,0.0,0,0
1096.0,J1,84,39.02,0.62,13.0,37.5,5,22.5,15.0,0,1096.0,15.0,0,0
1097.0,J2,85,38.77,0.68,14.0,7.5,1,7.5,0.0,0,1097.0,15.0,0,0
1097.0,J3,85,38.77,0.68,14.0,0.0,0,0.0,0.0,0,1097.0,0.0,0,0
1097.0,J1,85,38.77,0.68,14.0,37.5,5,30.0,7.5,0,1097.0,7.5,0,0
1098.0,J2,85,38.23,0.78,15.0,15.0,2,7.5,7.5,0,1098.0,7.5,0,0
1098.0,J3,85,38.23,0.78,15.0,7.5,1,0.0,7.5,0,1098.0,7.5,0,0
1098.0,J1,85,38.23,0.78,15.0,37.5,5,37.5,0.0,0,1098.0,7.5,0,0
1099.0,J2,84,37.95,0.89,16.0,22.5,3,7.5,15.0,0,1099.0,30.0,0,0
1099.0,J3,84,37.95,0.89,16.0,7.5,1,0.0,7.5,0,1099.0,7.5,0,0
1099.0,J1,84,37.95,0.89,16.0,37.5,5,37.5,0.0,0,1099.0,7.5,0,0
1100.0,J2,84,37.81,1.0,17.0,22.5,3,7.5,15.0,0,1100.0,37.5,1,0
1100.0,J3,84,37.81,1.0,17.0,7.5,1,0.0,7.5,0,1100.0,7.5,0,0
1100.0,J1,84,37.81,1.0,17.0,37.5,5,37.5,0.0,0,1100.0,7.5,0,0
1101.0,J2,84,37.46,1.11,18.0,22.5,3,7.5,15.0,0,1101.0,37.5,1,0
1101.0,J3,84,37.46,1.11,18.0,7.5,1,0.0,7.5,0,1101.0,7.5,0,0
1101.0,J1,84,37.46,1.11,18.0,37.5,5,37.5,0.0,0,1101.0,7.5,0,0
1102.0,J2,85,37.55,1.21,19.0,22.5,3,7.5,15.0,0,1102.0,60.0,1,0
1102.0,J3,85,37.55,1.21,19.0,15.0,2,0.0,15.0,0,1102.0,7.5,0,0
1102.0,J1,85,37.55,1.21,19.0,37.5,5,37.5,0.0,0,1102.0,7.5,0,0
1103.0,J2,85,37.14,1.34,20.0,22.5,3,15.0,7.5,0,1103.0,60.0,1,0
1103.0,J3,85,37.14,1.34,20.0,15.0,2,7.5,7.5,0,1103.0,22.5,0,0
1103.0,J1,85,37.14,1.34,20.0,45.0,6,37.5,7.5,0,1103.0,7.5,0,0
1104.0,J2,85,37.59,1.47,21.0,22.5,3,22.5,0.0,0,1104.0,60.0,1,0
1104.0,J3,85,37.59,1.47,21.0,15.0,2,7.5,7.5,0,1104.0,22.5,0,0
1104.0,J1,85,37.59,1.47,21.0,45.0,6,37.5,7.5,0,1104.0,22.5,0,0
1105.0,J2,85,37.38,1.6,22.0,22.5,3,22.5,0.0,0,1105.0,67.5,1,0
1105.0,J3,85,37.38,1.6,22.0,15.0,2,7.5,7.5,0,1105.0,30.0,0,0
1105.0,J1,85,37.38,1.6,22.0,45.0,6,37.5,7.5,0,1105.0,22.5,0,0
1106.0,J2,86,37.47,1.71,23.0,22.5,3,22.5,0.0,0,1106.0,67.5,1,0
1106.0,J3,86,37.47,1.71,23.0,15.0,2,7.5,7.5,0,1106.0,30.0,0,0
1106.0,J1,86,37.47,1.71,23.0,45.0,6,37.5,7.5,0,1106.0,22.5,0,0
1107.0,J2,87,37.58,1.82,24.0,22.5,3,22.5,0.0,0,1107.0,67.5,1,0
1107.0,J3,87,37.58,1.82,24.0,15.0,2,15.0,0.0,0,1107.0,30.0,0,0
1107.0,J1,87,37.58,1.82,24.0,45.0,6,37.5,7.5,0,1107.0,22.5,0,0
1108.0,J2,87,37.71,1.94,25.0,22.5,3,22.5,0.0,0,1108.0,67.5,1,0
1108.0,J3,87,37.71,1.94,25.0,15.0,2,15.0,0.0,0,1108.0,30.0,0,0
1108.0,J1,87,37.71,1.94,25.0,45.0,6,45.0,0.0,0,1108.0,22.5,0,0
1109.0,J2,87,37.5,2.07,26.0,22.5,3,22.5,0.0,0,1109.0,75.0,1,0
1109.0,J3,87,37.5,2.07,26.0,15.0,2,15.0,0.0,0,1109.0,37.5,1,0
1109.0,J1,87,37.5,2.07,26.0,45.0,6,45.0,0.0,0,1109.0,30.0,0,0
1110.0,J2,86,37.41,2.22,27.0,22.5,3,22.5,0.0,0,1110.0,75.0,1,0
1110.0,J3,86,37.41,2.22,27.0,15.0,2,15.0,0.0,0,1110.0,45.0,1,0
1110.0,J1,86,37.41,2.22,27.0,45.0,6,45.0,0.0,0,1110.0,30.0,0,0
1111.0,J2,86,37.28,2.35,28.0,22.5,3,22.5,0.0,0,1111.0,75.0,1,0
1111.0,J3,86,37.28,2.35,28.0,15.0,2,15.0,0.0,0,1111.0,45.0,1,0
1111.0,J1,86,37.28,2.35,28.0,45.0,6,45.0,0.0,0,1111.0,30.0,0,0
1112.0,J2,87,37.44,2.45,29.0,22.5,3,22.5,0.0,0,1112.0,82.5,1,0
1112.0,J3,87,37.44,2.45,29.0,15.0,2,15.0,0.0,0,1112.0,45.0,1,0
1112.0,J1,87,37.44,2.45,29.0,45.0,6,45.0,0.0,0,1112.0,37.5,1,0
1113.0,J2,87,37.51,2.57,30.0,22.5,3,22.5,0.0,0,1113.0,82.5,1,0
1113.0,J3,87,37.51,2.57,30.0,15.0,2,15.0,0.0,0,1113.0,45.0,1,0
1113.0,J1,87,37.51,2.57,30.0,45.0,6,45.0,0.0,0,1113.0,37.5,1,0
1114.0,J2,88,37.31,2.67,31.0,22.5,3,22.5,0.0,0,1114.0,82.5,1,0
1114.0,J3,88,37.31,2.67,31.0,15.0,2,15.0,0.0,0,1114.0,45.0,1,0
1114.0,J1,88,37.31,2.67,31.0,45.0,6,45.0,0.0,0,1114.0,37.5,1,0
1115.0,J2,89,37.23,2.76,32.0,22.5,3,22.5,0.0,0,1115.0,82.5,1,0
1115.0,J3,89,37.23,2.76,32.0,15.0,2,15.0,0.0,0,1115.0,45.0,1,0
1115.0,J1,89,37.23,2.76,32.0,45.0,6,45.0,0.0,0,1115.0,37.5,1,0
1116.0,J2,89,37.12,2.9,33.0,22.5,3,22.5,0.0,0,1116.0,82.5,1,0
1116.0,J3,89,37.12,2.9,33.0,15.0,2,15.0,0.0,0,1116.0,45.0,1,0
1116.0,J1,89,37.12,2.9,33.0,52.5,7,45.0,7.5,0,1116.0,45.0,1,0
1117.0,J2,89,37.33,3.03,34.0,22.5,3,22.5,0.0,0,1117.0,82.5,1,0
1117.0,J3,89,37.33,3.03,34.0,15.0,2,15.0,0.0,0,1117.0,45.0,1,0
1117.0,J1,89,37.33,3.03,34.0,52.5,7,45.0,7.5,0,1117.0,45.0,1,0
1118.0,J2,89,36.91,3.17,35.0,22.5,3,22.5,0.0,0,1118.0,82.5,1,0
1118.0,J3,89,36.91,3.17,35.0,15.0,2,15.0,0.0,0,1118.0,45.0,1,0
1118.0,J1,89,36.91,3.17,35.0,52.5,7,45.0,7.5,0,1118.0,45.0,1,0
1119.0,J2,89,36.64,3.31,36.0,22.5,3,22.5,0.0,0,1119.0,90.0,1,0
1119.0,J3,89,36.64,3.31,36.0,15.0,2,15.0,0.0,0,1119.0,45.0,1,0
1119.0,J1,89,36.64,3.31,36.0,60.0,8,45.0,15.0,0,1119.0,45.0,1,0
1120.0,J2,89,36.75,3.46,37.0,22.5,3,22.5,0.0,0,1120.0,97.5,1,0
1120.0,J3,89,36.75,3.46,37.0,15.0,2,15.0,0.0,0,1120.0,45.0,1,0
1120.0,J1,89,36.75,3.46,37.0,60.0,8,45.0,15.0,0,1120.0,45.0,1,0
1121.0,J2,90,36.6,3.57,38.0,22.5,3,22.5,0.0,0,1121.0,97.5,1,0
1121.0,J3,90,36.6,3.57,38.0,15.0,2,15.0,0.0,0,1121.0,45.0,1,0
1121.0,J1,90,36.6,3.57,38.0,60.0,8,52.5,7.5,0,1121.0,45.0,1,0
1122.0,J2,88,36.41,3.8,39.0,22.5,3,22.5,0.0,0,1122.0,97.5,1,0
1122.0,J3,88,36.41,3.8,39.0,15.0,2,15.0,0.0,0,1122.0,45.0,1,0
1122.0,J1,88,36.41,3.8,39.0,60.0,8,52.5,7.5,0,1122.0,45.0,1,0
1123.0,J2,88,36.29,3.95,40.0,30.0,4,22.5,7.5,1,1123.0,97.5,1,0
1123.0,J3,88,36.29,3.95,40.0,15.0,2,15.0,0.0,1,1123.0,45.0,1,0
1123.0,J1,88,36.29,3.95,40.0,60.0,8,52.5,7.5,1,1123.0,45.0,1,0
1124.0,J2,87,35.41,4.16,41.0,30.0,4,22.5,7.5,1,1124.0,97.5,1,0
1124.0,J3,87,35.41,4.16,41.0,15.0,2,15.0,0.0,1,1124.0,45.0,1,0
1124.0,J1,87,35.41,4.16,41.0,60.0,8,60.0,0.0,1,1124.0,45.0,1,0
1125.0,J2,86,34.53,4.37,42.0,30.0,4,22.5,7.5,1,1125.0,97.5,1,0
1125.0,J3,86,34.53,4.37,42.0,15.0,2,15.0,0.0,1,1125.0,45.0,1,0
1125.0,J1,86,34.53,4.37,42.0,60.0,8,60.0,0.0,1,1125.0,52.5,1,0
1126.0,J2,83,33.06,1.27,35.0,7.5,1,22.5,-15.0,2,1126.0,105.0,1,0
1126.0,J3,83,33.06,1.27,35.0,0.0,0,15.0,-15.0,2,1126.0,45.0,1,0
1126.0,J1,83,33.06,1.27,35.0,30.0,4,60.0,-30.0,2,1126.0,52.5,1,0
1127.0,J2,81,31.79,0.44,25.0,7.5,1,22.5,-15.0,2,1127.0,105.0,1,0
1127.0,J3,81,31.79,0.44,25.0,7.5,1,15.0,-7.5,2,1127.0,45.0,1,0
1127.0,J1,81,31.79,0.44,25.0,15.0,2,60.0,-45.0,2,1127.0,52.5,1,0
1128.0,J2,82,31.43,0.07,2.0,22.5,3,30.0,-7.5,2,1128.0,105.0,1,0
1128.0,J3,82,31.43,0.07,2.0,7.5,1,15.0,-7.5,2,1128.0,45.0,1,0
1128.0,J1,82,31.43,0.07,2.0,0.0,0,60.0,-60.0,2,1128.0,52.5,1,0
1129.0,J2,83,31.72,0.17,3.0,45.0,6,30.0,15.0,2,1129.0,105.0,1,0
1129.0,J3,83,31.72,0.17,3.0,7.5,1,15.0,-7.5,2,1129.0,52.5,1,0
1129.0,J1,83,31.72,0.17,3.0,7.5,1,60.0,-52.5,2,1129.0,52.5,1,0
1130.0,J2,83,32.27,0.3,4.0,60.0,8,30.0,30.0,2,1130.0,112.5,1,0
1130.0,J3,83,32.27,0.3,4.0,15.0,2,15.0,0.0,2,1130.0,67.5,1,0
1130.0,J1,83,32.27,0.3,4.0,7.5,1,60.0,-52.5,2,1130.0,52.5,1,0
1131.0,J2,83,33.41,0.46,5.0,67.5,9,7.5,60.0,2,1131.0,112.5,1,0
1131.0,J3,83,33.41,0.46,5.0,15.0,2,0.0,15.0,2,1131.0,67.5,1,0
1131.0,J1,83,33.41,0.46,5.0,15.0,2,30.0,-15.0,2,1131.0,60.0,1,0
1132.0,J2,84,34.18,0.63,6.0,75.0,10,7.5,67.5,2,1132.0,112.5,1,0
1132.0,J3,84,34.18,0.63,6.0,22.5,3,7.5,15.0,2,1132.0,75.0,1,0
1132.0,J1,84,34.18,0.63,6.0,15.0,2,15.0,0.0,2,1132.0,60.0,1,0
1133.0,J2,84,34.45,0.82,7.0,75.0,10,22.5,52.5,2,1133.0,120.0,1,0
1133.0,J3,84,34.45,0.82,7.0,30.0,4,7.5,22.5,2,1133.0,75.0,1,0
1133.0,J1,84,34.45,0.82,7.0,15.0,2,0.0,15.0,2,1133.0,67.5,1,0
1134.0,J2,84,34.19,1.01,8.0,75.0,10,45.0,30.0,2,1134.0,120.0,1,0
1134.0,J3,84,34.19,1.01,8.0,30.0,4,7.5,22.5,2,1134.0,82.5,1,0
1134.0,J1,84,34.19,1.01,8.0,15.0,2,7.5,7.5,2,1134.0,67.5,1,0
1135.0,J2,84,33.31,1.2,9.0,75.0,10,60.0,15.0,2,1135.0,120.0,1,0
1135.0,J3,84,33.31,1.2,9.0,30.0,4,15.0,15.0,2,1135.0,82.5,1,0
1135.0,J1,84,33.31,1.2,9.0,15.0,2,7.5,7.5,2,1135.0,75.0,1,0
1136.0,J2,84,32.54,1.4,10.0,82.5,11,67.5,15.0,2,1136.0,120.0,1,0
1136.0,J3,84,32.54,1.4,10.0,30.0,4,15.0,15.0,2,1136.0,82.5,1,0
1136.0,J1,84,32.54,1.4,10.0,15.0,2,15.0,0.0,2,1136.0,82.5,1,0
1137.0,J2,84,31.14,1.63,11.0,82.5,11,75.0,7.5,2,1137.0,120.0,1,0
1137.0,J3,84,31.14,1.63,11.0,30.0,4,22.5,7.5,2,1137.0,82.5,1,0
1137.0,J1,84,31.14,1.63,11.0,30.0,4,15.0,15.0,2,1137.0,90.0,1,0
1138.0,J2,83,29.99,1.89,12.0,90.0,12,75.0,15.0,2,1138.0,120.0,1,0
1138.0,J3,83,29.99,1.89,12.0,30.0,4,30.0,0.0,2,1138.0,82.5,1,0
1138.0,J1,83,29.99,1.89,12.0,30.0,4,15.0,15.0,2,1138.0,97.5,1,0
1139.0,J2,84,29.7,2.13,13.0,97.5,13,75.0,22.5,2,1139.0,120.0,1,0
1139.0,J3,84,29.7,2.13,13.0,30.0,4,30.0,0.0,2,1139.0,90.0,1,0
1139.0,J1,84,29.7,2.13,13.0,37.5,5,15.0,22.5,2,1139.0,97.5,1,0
1140.0,J2,84,29.05,2.44,14.0,112.5,15,75.0,37.5,2,1140.0,120.0,1,0
1140.0,J3,84,29.05,2.44,14.0,30.0,4,30.0,0.0,2,1140.0,97.5,1,0
1140.0,J1,84,29.05,2.44,14.0,52.5,7,15.0,37.5,2,1140.0,97.5,1,0
1141.0,J2,84,28.4,2.76,15.0,112.5,15,82.5,30.0,2,1141.0,75.0,1,0
1141.0,J3,84,28.4,2.76,15.0,30.0,4,30.0,0.0,2,1141.0,60.0,1,0
1141.0,J1,84,28.4,2.76,15.0,60.0,8,15.0,45.0,2,1141.0,52.5,1,0
1142.0,J2,84,28.18,3.08,16.0,112.5,15,82.5,30.0,2,1142.0,37.5,1,0
1142.0,J3,84,28.18,3.08,16.0,30.0,4,30.0,0.0,2,1142.0,30.0,0,0
1142.0,J1,84,28.18,3.08,16.0,60.0,8,30.0,30.0,2,1142.0,15.0,0,0
1143.0,J2,85,28.23,3.41,17.0,120.0,16,90.0,30.0,2,1143.0,15.0,0,0
1143.0,J3,85,28.23,3.41,17.0,37.5,5,30.0,7.5,2,1143.0,15.0,0,0
1143.0,J1,85,28.23,3.41,17.0,75.0,10,30.0,45.0,2,1143.0,7.5,0,0
1144.0,J2,86,28.25,3.73,18.0,120.0,16,97.5,22.5,2,1144.0,0.0,0,0
1144.0,J3,86,28.25,3.73,18.0,37.5,5,30.0,7.5,2,1144.0,0.0,0,0
1144.0,J1,86,28.25,3.73,18.0,75.0,10,37.5,37.5,2,1144.0,7.5,0,0
1145.0,J2,88,28.31,4.0,19.0,120.0,16,112.5,7.5,2,1145.0,0.0,0,0
1145.0,J3,88,28.31,4.0,19.0,37.5,5,30.0,7.5,2,1145.0,0.0,0,0
1145.0,J1,88,28.31,4.0,19.0,75.0,10,52.5,22.5,2,1145.0,7.5,0,0
1146.0,J2,88,28.1,4.35,20.0,120.0,16,112.5,7.5,2,1146.0,0.0,0,0
1146.0,J3,88,28.1,4.35,20.0,37.5,5,30.0,7.5,2,1146.0,0.0,0,0
1146.0,J1,88,28.1,4.35,20.0,75.0,10,60.0,15.0,2,1146.0,7.5,0,0
1147.0,J2,88,28.09,4.72,21.0,120.0,16,112.5,7.5,2,1147.0,0.0,0,0
1147.0,J3,88,28.09,4.72,21.0,45.0,6,30.0,15.0,2,1147.0,0.0,0,0
1147.0,J1,88,28.09,4.72,21.0,75.0,10,60.0,15.0,2,1147.0,7.5,0,0
1148.0,J2,89,28.06,5.02,22.0,120.0,16,120.0,0.0,2,1148.0,0.0,0,0
1148.0,J3,89,28.06,5.02,22.0,45.0,6,37.5,7.5,2,1148.0,0.0,0,0
1148.0,J1,89,28.06,5.02,22.0,75.0,10,75.0,0.0,2,1148.0,7.5,0,0
1149.0,J2,89,27.86,5.38,23.0,120.0,16,120.0,0.0,2,1149.0,0.0,0,0
1149.0,J3,89,27.86,5.38,23.0,45.0,6,37.5,7.5,2,1149.0,0.0,0,0
1149.0,J1,89,27.86,5.38,23.0,75.0,10,75.0,0.0,2,1149.0,7.5,0,0
1150.0,J2,92,28.21,5.57,24.0,127.5,17,120.0,7.5,2,1150.0,0.0,0,0
1150.0,J3,92,28.21,5.57,24.0,45.0,6,37.5,7.5,2,1150.0,0.0,0,0
1150.0,J1,92,28.21,5.57,24.0,75.0,10,75.0,0.0,2,1150.0,15.0,0,0
1151.0,J2,92,27.98,5.92,25.0,127.5,17,120.0,7.5,2,1151.0,0.0,0,0
1151.0,J3,92,27.98,5.92,25.0,45.0,6,37.5,7.5,2,1151.0,0.0,0,0
1151.0,J1,92,27.98,5.92,25.0,75.0,10,75.0,0.0,2,1151.0,15.0,0,0
1152.0,J2,93,27.61,6.22,26.0,127.5,17,120.0,7.5,2,1152.0,0.0,0,0
1152.0,J3,93,27.61,6.22,26.0,45.0,6,45.0,0.0,2,1152.0,7.5,0,0
1152.0,J1,93,27.61,6.22,26.0,75.0,10,75.0,0.0,2,1152.0,15.0,0,0
1153.0,J2,93,27.37,6.57,27.0,127.5,17,120.0,7.5,2,1153.0,0.0,0,0
1153.0,J3,93,27.37,6.57,27.0,45.0,6,45.0,0.0,2,1153.0,7.5,0,0
1153.0,J1,93,27.37,6.57,27.0,75.0,10,75.0,0.0,2,1153.0,15.0,0,0
1154.0,J2,93,26.8,6.94,28.0,135.0,18,120.0,15.0,2,1154.0,0.0,0,0
1154.0,J3,93,26.8,6.94,28.0,45.0,6,45.0,0.0,2,1154.0,7.5,0,0
1154.0,J1,93,26.8,6.94,28.0,75.0,10,75.0,0.0,2,1154.0,15.0,0,0
1155.0,J2,93,26.08,7.31,29.0,142.5,19,127.5,15.0,2,1155.0,15.0,0,0
1155.0,J3,93,26.08,7.31,29.0,45.0,6,45.0,0.0,2,1155.0,7.5,0,0
1155.0,J1,93,26.08,7.31,29.0,75.0,10,75.0,0.0,2,1155.0,15.0,0,0
1156.0,J2,93,25.57,7.71,30.0,150.0,20,127.5,22.5,2,1156.0,15.0,0,0
1156.0,J3,93,25.57,7.71,30.0,45.0,6,45.0,0.0,2,1156.0,7.5,0,0
1156.0,J1,93,25.57,7.71,30.0,82.5,11,75.0,7.5,2,1156.0,15.0,0,0
1157.0,J2,94,25.39,8.04,31.0,157.5,21,127.5,30.0,2,1157.0,15.0,0,0
1157.0,J3,94,25.39,8.04,31.0,45.0,6,45.0,0.0,2,1157.0,7.5,0,0
1157.0,J1,94,25.39,8.04,31.0,90.0,12,75.0,15.0,2,1157.0,15.0,0,0
1158.0,J2,95,25.17,8.37,32.0,157.5,21,127.5,30.0,2,1158.0,15.0,0,0
1158.0,J3,95,25.17,8.37,32.0,45.0,6,45.0,0.0,2,1158.0,7.5,0,0
1158.0,J1,95,25.17,8.37,32.0,90.0,12,75.0,15.0,2,1158.0,15.0,0,0
1159.0,J2,94,24.36,8.88,33.0,157.5,21,135.0,22.5,2,1159.0,15.0,0,0
1159.0,J3,94,24.36,8.88,33.0,52.5,7,45.0,7.5,2,1159.0,7.5,0,0
1159.0,J1,94,24.36,8.88,33.0,90.0,12,75.0,15.0,2,1159.0,15.0,0,0
1160.0,J2,93,23.89,9.42,34.0,165.0,22,142.5,22.5,2,1160.0,15.0,0,0
1160.0,J3,93,23.89,9.42,34.0,52.5,7,45.0,7.5,2,1160.0,7.5,0,0
1160.0,J1,93,23.89,9.42,34.0,90.0,12,75.0,15.0,2,1160.0,15.0,0,0
1161.0,J2,91,23.1,10.08,35.0,165.0,22,150.0,15.0,2,1161.0,15.0,0,0
1161.0,J3,91,23.1,10.08,35.0,52.5,7,45.0,7.5,2,1161.0,7.5,0,0
1161.0,J1,91,23.1,10.08,35.0,90.0,12,82.5,7.5,2,1161.0,15.0,0,0
1162.0,J2,90,22.7,10.66,36.0,165.0,22,157.5,7.5,2,1162.0,15.0,0,0
1162.0,J3,90,22.7,10.66,36.0,60.0,8,45.0,15.0,2,1162.0,7.5,0,0
1162.0,J1,90,22.7,10.66,36.0,90.0,12,90.0,0.0,2,1162.0,15.0,0,0
1163.0,J2,90,22.31,11.12,37.0,165.0,22,157.5,7.5,2,1163.0,15.0,0,0
1163.0,J3,90,22.31,11.12,37.0,60.0,8,45.0,15.0,2,1163.0,7.5,0,0
1163.0,J1,90,22.31,11.12,37.0,90.0,12,90.0,0.0,2,1163.0,15.0,0,0
1164.0,J2,90,22.22,11.61,38.0,165.0,22,157.5,7.5,2,1164.0,15.0,0,0
1164.0,J3,90,22.22,11.61,38.0,67.5,9,52.5,15.0,2,1164.0,7.5,0,0
1164.0,J1,90,22.22,11.61,38.0,97.5,13,90.0,7.5,2,1164.0,15.0,0,0
1165.0,J2,90,21.67,12.1,39.0,165.0,22,165.0,0.0,2,1165.0,15.0,0,0
1165.0,J3,90,21.67,12.1,39.0,67.5,9,52.5,15.0,2,1165.0,7.5,0,0
1165.0,J1,90,21.67,12.1,39.0,97.5,13,90.0,7.5,2,1165.0,15.0,0,0
1166.0,J2,91,21.97,12.45,40.0,165.0,22,165.0,0.0,2,1166.0,15.0,0,0
1166.0,J3,91,21.97,12.45,40.0,67.5,9,52.5,15.0,2,1166.0,7.5,0,0
1166.0,J1,91,21.97,12.45,40.0,97.5,13,90.0,7.5,2,1166.0,15.0,0,0
1167.0,J2,88,21.04,13.38,41.0,165.0,22,165.0,0.0,2,1167.0,15.0,0,0
1167.0,J3,88,21.04,13.38,41.0,67.5,9,60.0,7.5,2,1167.0,7.5,0,0
1167.0,J1,88,21.04,13.38,41.0,97.5,13,90.0,7.5,2,1167.0,15.0,0,0
1168.0,J2,84,19.7,14.55,42.0,165.0,22,165.0,0.0,3,1168.0,15.0,0,0
1168.0,J3,84,19.7,14.55,42.0,67.5,9,60.0,7.5,3,1168.0,7.5,0,0
1168.0,J1,84,19.7,14.55,42.0,105.0,14,90.0,15.0,3,1168.0,15.0,0,0
1169.0,J2,83,19.01,15.27,43.0,165.0,22,165.0,0.0,3,1169.0,15.0,0,0
1169.0,J3,83,19.01,15.27,43.0,67.5,9,67.5,0.0,3,1169.0,7.5,0,0
1169.0,J1,83,19.01,15.27,43.0,105.0,14,97.5,7.5,3,1169.0,15.0,0,0
1170.0,J2,83,18.74,15.82,44.0,165.0,22,165.0,0.0,3,1170.0,15.0,0,0
1170.0,J3,83,18.74,15.82,44.0,75.0,10,67.5,7.5,3,1170.0,7.5,0,0
1170.0,J1,83,18.74,15.82,44.0,105.0,14,97.5,7.5,3,1170.0,22.5,0,0
1171.0,J2,80,18.8,9.11,43.0,120.0,16,165.0,-45.0,0,1171.0,15.0,0,0
1171.0,J3,80,18.8,9.11,43.0,30.0,4,67.5,-37.5,0,1171.0,7.5,0,0
1171.0,J1,80,18.8,9.11,43.0,60.0,8,97.5,-37.5,0,1171.0,22.5,0,0
1172.0,J2,78,20.17,4.77,41.0,75.0,10,165.0,-90.0,0,1172.0,15.0,0,0
1172.0,J3,78,20.17,4.77,41.0,0.0,0,67.5,-67.5,0,1172.0,7.5,0,0
1172.0,J1,78,20.17,4.77,41.0,37.5,5,97.5,-60.0,0,1172.0,22.5,0,0
1173.0,J2,76,21.88,2.36,35.0,52.5,7,165.0,-112.5,0,1173.0,22.5,0,0
1173.0,J3,76,21.88,2.36,35.0,0.0,0,67.5,-67.5,0,1173.0,7.5,0,0
1173.0,J1,76,21.88,2.36,35.0,15.0,2,105.0,-90.0,0,1173.0,22.5,0,0
1174.0,J2,77,24.84,1.05,21.0,30.0,4,165.0,-135.0,0,1174.0,22.5,0,0
1174.0,J3,77,24.84,1.05,21.0,0.0,0,67.5,-67.5,0,1174.0,7.5,0,0
1174.0,J1,77,24.84,1.05,21.0,7.5,1,105.0,-97.5,0,1174.0,22.5,0,0
1175.0,J2,77,27.62,0.3,19.0,7.5,1,165.0,-157.5,0,1175.0,22.5,0,0
1175.0,J3,77,27.62,0.3,19.0,0.0,0,75.0,-75.0,0,1175.0,7.5,0,0
1175.0,J1,77,27.62,0.3,19.0,7.5,1,105.0,-97.5,0,1175.0,22.5,0,0
1176.0,J2,78,30.76,0.06,5.0,0.0,0,120.0,-120.0,0,1176.0,22.5,0,0
1176.0,J3,78,30.76,0.06,5.0,0.0,0,30.0,-30.0,0,1176.0,7.5,0,0
1176.0,J1,78,30.76,0.06,5.0,7.5,1,60.0,-52.5,0,1176.0,22.5,0,0
1177.0,J2,78,32.79,0.09,6.0,0.0,0,75.0,-75.0,0,1177.0,22.5,0,0
1177.0,J3,78,32.79,0.09,6.0,0.0,0,0.0,0.0,0,1177.0,7.5,0,0
1177.0,J1,78,32.79,0.09,6.0,15.0,2,37.5,-22.5,0,1177.0,22.5,0,0
1178.0,J2,78,34.85,0.12,7.0,0.0,0,52.5,-52.5,0,1178.0,22.5,0,0
1178.0,J3,78,34.85,0.12,7.0,0.0,0,0.0,0.0,0,1178.0,7.5,0,0
1178.0,J1,78,34.85,0.12,7.0,15.0,2,15.0,0.0,0,1178.0,22.5,0,0
1179.0,J2,79,35.97,0.14,8.0,0.0,0,30.0,-30.0,0,1179.0,22.5,0,0
1179.0,J3,79,35.97,0.14,8.0,0.0,0,0.0,0.0,0,1179.0,7.5,0,0
1179.0,J1,79,35.97,0.14,8.0,15.0,2,7.5,7.5,0,1179.0,22.5,0,0
1180.0,J2,78,36.65,0.17,9.0,0.0,0,7.5,-7.5,0,1180.0,22.5,0,0
1180.0,J3,78,36.65,0.17,9.0,0.0,0,0.0,0.0,0,1180.0,7.5,0,0
1180.0,J1,78,36.65,0.17,9.0,15.0,2,7.5,7.5,0,1180.0,22.5,0,0
1181.0,J2,77,37.51,0.19,10.0,0.0,0,0.0,0.0,0,1181.0,22.5,0,0
1181.0,J3,77,37.51,0.19,10.0,0.0,0,0.0,0.0,0,1181.0,7.5,0,0
1181.0,J1,77,37.51,0.19,10.0,15.0,2,7.5,7.5,0,1181.0,22.5,0,0
1182.0,J2,77,38.45,0.22,11.0,0.0,0,0.0,0.0,0,1182.0,30.0,0,0
1182.0,J3,77,38.45,0.22,11.0,0.0,0,0.0,0.0,0,1182.0,7.5,0,0
1182.0,J1,77,38.45,0.22,11.0,15.0,2,15.0,0.0,0,1182.0,22.5,0,0
1183.0,J2,79,40.02,0.24,12.0,0.0,0,0.0,0.0,0,1183.0,30.0,0,0
1183.0,J3,79,40.02,0.24,12.0,0.0,0,0.0,0.0,0,1183.0,7.5,0,0
1183.0,J1,79,40.02,0.24,12.0,15.0,2,15.0,0.0,0,1183.0,30.0,0,0
1184.0,J2,79,40.5,0.27,13.0,0.0,0,0.0,0.0,0,1184.0,37.5,1,0
1184.0,J3,79,40.5,0.27,13.0,0.0,0,0.0,0.0,0,1184.0,7.5,0,0
1184.0,J1,79,40.5,0.27,13.0,15.0,2,15.0,0.0,0,1184.0,37.5,1,0
1185.0,J2,79,40.61,0.29,14.0,0.0,0,0.0,0.0,0,1185.0,37.5,1,0
1185.0,J3,79,40.61,0.29,14.0,0.0,0,0.0,0.0,0,1185.0,7.5,0,0
1185.0,J1,79,40.61,0.29,14.0,15.0,2,15.0,0.0,0,1185.0,37.5,1,0
1186.0,J2,79,40.43,0.32,15.0,0.0,0,0.0,0.0,0,1186.0,15.0,0,0
1186.0,J3,79,40.43,0.32,15.0,0.0,0,0.0,0.0,0,1186.0,0.0,0,0
1186.0,J1,79,40.43,0.32,15.0,15.0,2,15.0,0.0,0,1186.0,7.5,0,0
1187.0,J2,79,40.4,0.34,16.0,0.0,0,0.0,0.0,0,1187.0,0.0,0,0
1187.0,J3,79,40.4,0.34,16.0,0.0,0,0.0,0.0,0,1187.0,15.0,0,0
1187.0,J1,79,40.4,0.34,16.0,15.0,2,15.0,0.0,0,1187.0,0.0,0,0
1188.0,J2,80,40.23,0.38,17.0,0.0,0,0.0,0.0,0,1188.0,15.0,0,0
1188.0,J3,80,40.23,0.38,17.0,7.5,1,0.0,7.5,0,1188.0,15.0,0,0
1188.0,J1,80,40.23,0.38,17.0,15.0,2,15.0,0.0,0,1188.0,7.5,0,0
1189.0,J2,78,39.94,0.42,18.0,0.0,0,0.0,0.0,0,1189.0,15.0,0,0
1189.0,J3,78,39.94,0.42,18.0,7.5,1,0.0,7.5,0,1189.0,15.0,0,0
1189.0,J1,78,39.94,0.42,18.0,15.0,2,15.0,0.0,0,1189.0,15.0,0,0
1190.0,J2,79,40.07,0.46,19.0,0.0,0,0.0,0.0,0,1190.0,15.0,0,0
1190.0,J3,79,40.07,0.46,19.0,7.5,1,0.0,7.5,0,1190.0,22.5,0,0
1190.0,J1,79,40.07,0.46,19.0,15.0,2,15.0,0.0,0,1190.0,15.0,0,0
1191.0,J2,80,39.87,0.5,20.0,7.5,1,0.0,7.5,0,1191.0,22.5,0,0
1191.0,J3,80,39.87,0.5,20.0,7.5,1,0.0,7.5,0,1191.0,45.0,1,0
1191.0,J1,80,39.87,0.5,20.0,15.0,2,15.0,0.0,0,1191.0,22.5,0,0
1192.0,J2,80,39.61,0.55,21.0,7.5,1,0.0,7.5,0,1192.0,22.5,0,0
1192.0,J3,80,39.61,0.55,21.0,7.5,1,0.0,7.5,0,1192.0,45.0,1,0
1192.0,J1,80,39.61,0.55,21.0,15.0,2,15.0,0.0,0,1192.0,22.5,0,0
1193.0,J2,80,39.57,0.6,22.0,7.5,1,0.0,7.5,0,1193.0,30.0,0,0
1193.0,J3,80,39.57,0.6,22.0,7.5,1,7.5,0.0,0,1193.0,52.5,1,0
1193.0,J1,80,39.57,0.6,22.0,15.0,2,15.0,0.0,0,1193.0,22.5,0,0
1194.0,J2,79,39.8,0.67,23.0,7.5,1,0.0,7.5,0,1194.0,30.0,0,0
1194.0,J3,79,39.8,0.67,23.0,15.0,2,7.5,7.5,0,1194.0,52.5,1,0
1194.0,J1,79,39.8,0.67,23.0,15.0,2,15.0,0.0,0,1194.0,22.5,0,0
1195.0,J2,80,39.59,0.72,24.0,7.5,1,0.0,7.5,0,1195.0,30.0,0,0
1195.0,J3,80,39.59,0.72,24.0,15.0,2,7.5,7.5,0,1195.0,52.5,1,0
1195.0,J1,80,39.59,0.72,24.0,15.0,2,15.0,0.0,0,1195.0,22.5,0,0
1196.0,J2,82,39.98,0.77,25.0,7.5,1,7.5,0.0,0,1196.0,37.5,1,0
1196.0,J3,82,39.98,0.77,25.0,15.0,2,7.5,7.5,0,1196.0,52.5,1,0
1196.0,J1,82,39.98,0.77,25.0,15.0,2,15.0,0.0,0,1196.0,22.5,0,0
1197.0,J2,81,39.71,0.84,26.0,7.5,1,7.5,0.0,0,1197.0,37.5,1,0
1197.0,J3,81,39.71,0.84,26.0,15.0,2,7.5,7.5,0,1197.0,67.5,1,0
1197.0,J1,81,39.71,0.84,26.0,15.0,2,15.0,0.0,0,1197.0,22.5,0,0
1198.0,J2,82,39.57,0.89,27.0,7.5,1,7.5,0.0,0,1198.0,37.5,1,0
1198.0,J3,82,39.57,0.89,27.0,15.0,2,7.5,7.5,0,1198.0,67.5,1,0
1198.0,J1,82,39.57,0.89,27.0,15.0,2,15.0,0.0,0,1198.0,30.0,0,0
1199.0,J2,82,39.25,0.95,28.0,7.5,1,7.5,0.0,0,1199.0,52.5,1,0
1199.0,J3,82,39.25,0.95,28.0,15.0,2,15.0,0.0,0,1199.0,67.5,1,0
1199.0,J1,82,39.25,0.95,28.0,15.0,2,15.0,0.0,0,1199.0,30.0,0,0
1200.0,J2,82,39.55,1.01,29.0,7.5,1,7.5,0.0,0,1200.0,52.5,1,0
1200.0,J3,82,39.55,1.01,29.0,15.0,2,15.0,0.0,0,1200.0,67.5,1,0
1200.0,J1,82,39.55,1.01,29.0,15.0,2,15.0,0.0,0,1200.0,30.0,0,0
1201.0,J2,82,39.16,1.09,30.0,15.0,2,7.5,7.5,0,1201.0,52.5,1,0
1201.0,J3,82,39.16,1.09,30.0,15.0,2,15.0,0.0,0,1201.0,67.5,1,0
1201.0,J1,82,39.16,1.09,30.0,15.0,2,15.0,0.0,0,1201.0,30.0,0,0
1202.0,J2,82,39.18,1.16,31.0,15.0,2,7.5,7.5,0,1202.0,52.5,1,0
1202.0,J3,82,39.18,1.16,31.0,15.0,2,15.0,0.0,0,1202.0,67.5,1,0
1202.0,J1,82,39.18,1.16,31.0,15.0,2,15.0,0.0,0,1202.0,30.0,0,0
1203.0,J2,81,39.0,1.25,32.0,15.0,2,7.5,7.5,0,1203.0,60.0,1,0
1203.0,J3,81,39.0,1.25,32.0,15.0,2,15.0,0.0,0,1203.0,82.5,1,0
1203.0,J1,81,39.0,1.25,32.0,15.0,2,15.0,0.0,0,1203.0,37.5,1,0
1204.0,J2,82,39.13,1.3,33.0,15.0,2,7.5,7.5,0,1204.0,60.0,1,0
1204.0,J3,82,39.13,1.3,33.0,15.0,2,15.0,0.0,0,1204.0,75.0,1,0
1204.0,J1,82,39.13,1.3,33.0,15.0,2,15.0,0.0,0,1204.0,37.5,1,0
1205.0,J2,83,39.16,1.36,34.0,15.0,2,7.5,7.5,0,1205.0,60.0,1,0
1205.0,J3,83,39.16,1.36,34.0,15.0,2,15.0,0.0,0,1205.0,75.0,1,0
1205.0,J1,83,39.16,1.36,34.0,15.0,2,15.0,0.0,0,1205.0,37.5,1,0
1206.0,J2,83,39.29,1.43,35.0,15.0,2,15.0,0.0,0,1206.0,60.0,1,0
1206.0,J3,83,39.29,1.43,35.0,15.0,2,15.0,0.0,0,1206.0,82.5,1,0
1206.0,J1,83,39.29,1.43,35.0,15.0,2,15.0,0.0,0,1206.0,37.5,1,0
1207.0,J2,83,39.14,1.51,36.0,15.0,2,15.0,0.0,0,1207.0,67.5,1,0
1207.0,J3,83,39.14,1.51,36.0,15.0,2,15.0,0.0,0,1207.0,82.5,1,0
1207.0,J1,83,39.14,1.51,36.0,15.0,2,15.0,0.0,0,1207.0,37.5,1,0
1208.0,J2,82,38.91,1.6,37.0,15.0,2,15.0,0.0,0,1208.0,75.0,1,0
1208.0,J3,82,38.91,1.6,37.0,15.0,2,15.0,0.0,0,1208.0,97.5,1,0
1208.0,J1,82,38.91,1.6,37.0,15.0,2,15.0,0.0,0,1208.0,37.5,1,0
1209.0,J2,82,38.23,1.67,38.0,15.0,2,15.0,0.0,0,1209.0,82.5,1,0
1209.0,J3,82,38.23,1.67,38.0,15.0,2,15.0,0.0,0,1209.0,97.5,1,0
1209.0,J1,82,38.23,1.67,38.0,15.0,2,15.0,0.0,0,1209.0,45.0,1,0
1210.0,J2,83,38.69,1.72,39.0,15.0,2,15.0,0.0,0,1210.0,82.5,1,0
1210.0,J3,83,38.69,1.72,39.0,15.0,2,15.0,0.0,0,1210.0,97.5,1,0
1210.0,J1,83,38.69,1.72,39.0,15.0,2,15.0,0.0,0,1210.0,45.0,1,0
1211.0,J2,82,38.47,1.83,40.0,22.5,3,15.0,7.5,0,1211.0,82.5,1,0
1211.0,J3,82,38.47,1.83,40.0,15.0,2,15.0,0.0,0,1211.0,97.5,1,0
1211.0,J1,82,38.47,1.83,40.0,15.0,2,15.0,0.0,0,1211.0,45.0,1,0
1212.0,J2,83,38.4,1.9,41.0,22.5,3,15.0,7.5,0,1212.0,82.5,1,0
1212.0,J3,83,38.4,1.9,41.0,15.0,2,15.0,0.0,0,1212.0,97.5,1,0
1212.0,J1,83,38.4,1.9,41.0,22.5,3,15.0,7.5,0,1212.0,45.0,1,0
1213.0,J2,83,37.6,2.0,42.0,22.5,3,15.0,7.5,1,1213.0,90.0,1,0
1213.0,J3,83,37.6,2.0,42.0,15.0,2,15.0,0.0,1,1213.0,97.5,1,0
1213.0,J1,83,37.6,2.0,42.0,22.5,3,15.0,7.5,1,1213.0,45.0,1,0
1214.0,J2,83,36.4,2.1,43.0,22.5,3,15.0,7.5,1,1214.0,90.0,1,0
1214.0,J3,83,36.4,2.1,43.0,15.0,2,15.0,0.0,1,1214.0,97.5,1,0
1214.0,J1,83,36.4,2.1,43.0,22.5,3,15.0,7.5,1,1214.0,45.0,1,0
1215.0,J2,82,34.28,2.22,44.0,22.5,3,15.0,7.5,1,1215.0,90.0,1,0
1215.0,J3,82,34.28,2.22,44.0,15.0,2,15.0,0.0,1,1215.0,97.5,1,0
1215.0,J1,82,34.28,2.22,44.0,22.5,3,15.0,7.5,1,1215.0,45.0,1,0
1216.0,J2,82,33.3,0.15,6.0,7.5,1,22.5,-15.0,2,1216.0,90.0,1,0
1216.0,J3,82,33.3,0.15,6.0,0.0,0,15.0,-15.0,2,1216.0,97.5,1,0
1216.0,J1,82,33.3,0.15,6.0,15.0,2,15.0,0.0,2,1216.0,45.0,1,0
1217.0,J2,81,32.33,0.04,2.0,7.5,1,22.5,-15.0,2,1217.0,90.0,1,0
1217.0,J3,81,32.33,0.04,2.0,0.0,0,15.0,-15.0,2,1217.0,97.5,1,0
1217.0,J1,81,32.33,0.04,2.0,7.5,1,22.5,-15.0,2,1217.0,45.0,1,0
1218.0,J2,83,32.1,0.1,3.0,15.0,2,22.5,-7.5,2,1218.0,90.0,1,0
1218.0,J3,83,32.1,0.1,3.0,7.5,1,15.0,-7.5,2,1218.0,105.0,1,0
1218.0,J1,83,32.1,0.1,3.0,15.0,2,22.5,-7.5,2,1218.0,45.0,1,0
1219.0,J2,82,31.96,0.2,4.0,15.0,2,22.5,-7.5,2,1219.0,90.0,1,0
1219.0,J3,82,31.96,0.2,4.0,15.0,2,15.0,0.0,2,1219.0,105.0,1,0
1219.0,J1,82,31.96,0.2,4.0,30.0,4,22.5,7.5,2,1219.0,45.0,1,0
1220.0,J2,82,31.67,0.35,5.0,30.0,4,22.5,7.5,2,1220.0,97.5,1,0
1220.0,J3,82,31.67,0.35,5.0,22.5,3,15.0,7.5,2,1220.0,112.5,1,0
1220.0,J1,82,31.67,0.35,5.0,45.0,6,22.5,22.5,2,1220.0,45.0,1,0
1221.0,J2,82,31.94,0.51,6.0,30.0,4,7.5,22.5,2,1221.0,97.5,1,0
1221.0,J3,82,31.94,0.51,6.0,22.5,3,0.0,22.5,2,1221.0,120.0,1,0
1221.0,J1,82,31.94,0.51,6.0,45.0,6,15.0,30.0,2,1221.0,45.0,1,0
1222.0,J2,82,31.87,0.7,7.0,37.5,5,7.5,30.0,2,1222.0,97.5,1,0
1222.0,J3,82,31.87,0.7,7.0,22.5,3,0.0,22.5,2,1222.0,135.0,1,0
1222.0,J1,82,31.87,0.7,7.0,52.5,7,7.5,45.0,2,1222.0,45.0,1,0
1223.0,J2,81,31.22,0.91,8.0,45.0,6,15.0,30.0,2,1223.0,105.0,1,0
1223.0,J3,81,31.22,0.91,8.0,22.5,3,7.5,15.0,2,1223.0,135.0,1,0
1223.0,J1,81,31.22,0.91,8.0,60.0,8,15.0,45.0,2,1223.0,45.0,1,0
1224.0,J2,80,29.98,1.14,9.0,45.0,6,15.0,30.0,2,1224.0,112.5,1,0
1224.0,J3,80,29.98,1.14,9.0,22.5,3,15.0,7.5,2,1224.0,142.5,1,0
1224.0,J1,80,29.98,1.14,9.0,60.0,8,30.0,30.0,2,1224.0,45.0,1,0
1225.0,J2,80,28.98,1.38,10.0,45.0,6,30.0,15.0,2,1225.0,112.5,1,0
1225.0,J3,80,28.98,1.38,10.0,37.5,5,22.5,15.0,2,1225.0,150.0,1,0
1225.0,J1,80,28.98,1.38,10.0,60.0,8,45.0,15.0,2,1225.0,52.5,1,0
1226.0,J2,77,27.36,1.7,11.0,45.0,6,30.0,15.0,2,1226.0,112.5,1,0
1226.0,J3,77,27.36,1.7,11.0,37.5,5,22.5,15.0,2,1226.0,150.0,1,0
1226.0,J1,77,27.36,1.7,11.0,75.0,10,45.0,30.0,2,1226.0,52.5,1,0
1227.0,J2,79,26.9,1.95,12.0,52.5,7,37.5,15.0,2,1227.0,112.5,1,0
1227.0,J3,79,26.9,1.95,12.0,37.5,5,22.5,15.0,2,1227.0,150.0,1,0
1227.0,J1,79,26.9,1.95,12.0,82.5,11,52.5,30.0,2,1227.0,52.5,1,0
1228.0,J2,77,25.79,2.34,13.0,67.5,9,45.0,22.5,2,1228.0,112.5,1,0
1228.0,J3,77,25.79,2.34,13.0,37.5,5,22.5,15.0,2,1228.0,150.0,1,0
1228.0,J1,77,25.79,2.34,13.0,90.0,12,60.0,30.0,2,1228.0,52.5,1,0
1229.0,J2,77,25.37,2.7,14.0,75.0,10,45.0,30.0,2,1229.0,112.5,1,0
1229.0,J3,77,25.37,2.7,14.0,37.5,5,22.5,15.0,2,1229.0,150.0,1,0
1229.0,J1,77,25.37,2.7,14.0,97.5,13,60.0,37.5,2,1229.0,60.0,1,0
1230.0,J2,76,25.11,3.13,15.0,82.5,11,45.0,37.5,2,1230.0,112.5,1,0
1230.0,J3,76,25.11,3.13,15.0,37.5,5,37.5,0.0,2,1230.0,150.0,1,0
1230.0,J1,76,25.11,3.13,15.0,105.0,14,60.0,45.0,2,1230.0,60.0,1,0
1231.0,J2,77,25.09,3.49,16.0,90.0,12,45.0,45.0,2,1231.0,67.5,1,0
1231.0,J3,77,25.09,3.49,16.0,37.5,5,37.5,0.0,2,1231.0,112.5,1,0
1231.0,J1,77,25.09,3.49,16.0,105.0,14,75.0,30.0,2,1231.0,22.5,0,0
1232.0,J2,77,24.71,3.9,17.0,90.0,12,52.5,37.5,2,1232.0,30.0,0,0
1232.0,J3,77,24.71,3.9,17.0,37.5,5,37.5,0.0,2,1232.0,67.5,1,0
1232.0,J1,77,24.71,3.9,17.0,105.0,14,82.5,22.5,2,1232.0,0.0,0,0
1233.0,J2,76,23.99,4.36,18.0,90.0,12,67.5,22.5,2,1233.0,7.5,0,0
1233.0,J3,76,23.99,4.36,18.0,37.5,5,37.5,0.0,2,1233.0,37.5,1,0
1233.0,J1,76,23.99,4.36,18.0,105.0,14,90.0,15.0,2,1233.0,0.0,0,0
1234.0,J2,76,23.35,4.78,19.0,90.0,12,75.0,15.0,2,1234.0,0.0,0,0
1234.0,J3,76,23.35,4.78,19.0,37.5,5,37.5,0.0,2,1234.0,15.0,0,0
1234.0,J1,76,23.35,4.78,19.0,112.5,15,97.5,15.0,2,1234.0,0.0,0,0
1235.0,J2,78,23.58,5.08,20.0,90.0,12,82.5,7.5,2,1235.0,0.0,0,0
1235.0,J3,78,23.58,5.08,20.0,37.5,5,37.5,0.0,2,1235.0,0.0,0,0
1235.0,J1,78,23.58,5.08,20.0,120.0,16,105.0,15.0,2,1235.0,0.0,0,0
1236.0,J2,78,23.21,5.51,21.0,97.5,13,90.0,7.5,2,1236.0,7.5,0,0
1236.0,J3,78,23.21,5.51,21.0,37.5,5,37.5,0.0,2,1236.0,0.0,0,0
1236.0,J1,78,23.21,5.51,21.0,120.0,16,105.0,15.0,2,1236.0,0.0,0,0
1237.0,J2,78,23.44,5.96,22.0,97.5,13,90.0,7.5,2,1237.0,7.5,0,0
1237.0,J3,78,23.44,5.96,22.0,45.0,6,37.5,7.5,2,1237.0,0.0,0,0
1237.0,J1,78,23.44,5.96,22.0,120.0,16,105.0,15.0,2,1237.0,7.5,0,0
1238.0,J2,78,23.33,6.42,23.0,97.5,13,90.0,7.5,2,1238.0,7.5,0,0
1238.0,J3,78,23.33,6.42,23.0,52.5,7,37.5,15.0,2,1238.0,0.0,0,0
1238.0,J1,78,23.33,6.42,23.0,120.0,16,105.0,15.0,2,1238.0,7.5,0,0
1239.0,J2,78,23.1,6.88,24.0,97.5,13,90.0,7.5,2,1239.0,7.5,0,0
1239.0,J3,78,23.1,6.88,24.0,52.5,7,37.5,15.0,2,1239.0,0.0,0,0
1239.0,J1,78,23.1,6.88,24.0,120.0,16,112.5,7.5,2,1239.0,7.5,0,0
1240.0,J2,78,22.77,7.35,25.0,97.5,13,90.0,7.5,2,1240.0,7.5,0,0
1240.0,J3,78,22.77,7.35,25.0,52.5,7,37.5,15.0,2,1240.0,0.0,0,0
1240.0,J1,78,22.77,7.35,25.0,120.0,16,120.0,0.0,2,1240.0,7.5,0,0
1241.0,J2,78,22.76,7.81,26.0,97.5,13,97.5,0.0,2,1241.0,7.5,0,0
1241.0,J3,78,22.76,7.81,26.0,52.5,7,37.5,15.0,2,1241.0,0.0,0,0
1241.0,J1,78,22.76,7.81,26.0,120.0,16,120.0,0.0,2,1241.0,7.5,0,0
1242.0,J2,78,22.8,8.27,27.0,97.5,13,97.5,0.0,2,1242.0,7.5,0,0
1242.0,J3,78,22.8,8.27,27.0,52.5,7,45.0,7.5,2,1242.0,0.0,0,0
1242.0,J1,78,22.8,8.27,27.0,120.0,16,120.0,0.0,2,1242.0,7.5,0,0
1243.0,J2,78,22.47,8.73,28.0,97.5,13,97.5,0.0,2,1243.0,7.5,0,0
1243.0,J3,78,22.47,8.73,28.0,52.5,7,52.5,0.0,2,1243.0,0.0,0,0
1243.0,J1,78,22.47,8.73,28.0,120.0,16,120.0,0.0,2,1243.0,7.5,0,0
1244.0,J2,78,22.1,9.19,29.0,97.5,13,97.5,0.0,2,1244.0,7.5,0,0
1244.0,J3,78,22.1,9.19,29.0,52.5,7,52.5,0.0,2,1244.0,0.0,0,0
1244.0,J1,78,22.1,9.19,29.0,120.0,16,120.0,0.0,2,1244.0,7.5,0,0
1245.0,J2,79,22.01,9.54,30.0,105.0,14,97.5,7.5,2,1245.0,7.5,0,0
1245.0,J3,79,22.01,9.54,30.0,52.5,7,52.5,0.0,2,1245.0,0.0,0,0
1245.0,J1,79,22.01,9.54,30.0,120.0,16,120.0,0.0,2,1245.0,7.5,0,0
1246.0,J2,80,21.83,9.9,31.0,112.5,15,97.5,15.0,2,1246.0,7.5,0,0
1246.0,J3,80,21.83,9.9,31.0,52.5,7,52.5,0.0,2,1246.0,0.0,0,0
1246.0,J1,80,21.83,9.9,31.0,120.0,16,120.0,0.0,2,1246.0,7.5,0,0
1247.0,J2,81,21.76,10.26,32.0,112.5,15,97.5,15.0,2,1247.0,15.0,0,0
1247.0,J3,81,21.76,10.26,32.0,52.5,7,52.5,0.0,2,1247.0,0.0,0,0
1247.0,J1,81,21.76,10.26,32.0,127.5,17,120.0,7.5,2,1247.0,7.5,0,0
1248.0,J2,82,21.43,10.61,33.0,112.5,15,97.5,15.0,2,1248.0,15.0,0,0
1248.0,J3,82,21.43,10.61,33.0,52.5,7,52.5,0.0,2,1248.0,0.0,0,0
1248.0,J1,82,21.43,10.61,33.0,127.5,17,120.0,7.5,2,1248.0,7.5,0,0
1249.0,J2,83,21.07,10.95,34.0,112.5,15,97.5,15.0,2,1249.0,15.0,0,0
1249.0,J3,83,21.07,10.95,34.0,52.5,7,52.5,0.0,2,1249.0,0.0,0,0
1249.0,J1,83,21.07,10.95,34.0,127.5,17,120.0,7.5,2,1249.0,7.5,0,0
1250.0,J2,82,20.15,11.56,35.0,112.5,15,105.0,7.5,2,1250.0,15.0,0,0
1250.0,J3,82,20.15,11.56,35.0,52.5,7,52.5,0.0,2,1250.0,0.0,0,0
1250.0,J1,82,20.15,11.56,35.0,127.5,17,120.0,7.5,2,1250.0,7.5,0,0
1251.0,J2,82,19.75,12.05,36.0,112.5,15,112.5,0.0,2,1251.0,15.0,0,0
1251.0,J3,82,19.75,12.05,36.0,52.5,7,52.5,0.0,2,1251.0,0.0,0,0
1251.0,J1,82,19.75,12.05,36.0,135.0,18,120.0,15.0,2,1251.0,7.5,0,0
1252.0,J2,82,19.56,12.59,37.0,127.5,17,112.5,15.0,2,1252.0,15.0,0,0
1252.0,J3,82,19.56,12.59,37.0,60.0,8,52.5,7.5,2,1252.0,0.0,0,0
1252.0,J1,82,19.56,12.59,37.0,142.5,19,127.5,15.0,2,1252.0,7.5,0,0
1253.0,J2,82,19.35,13.12,38.0,127.5,17,112.5,15.0,2,1253.0,15.0,0,0
1253.0,J3,82,19.35,13.12,38.0,60.0,8,52.5,7.5,2,1253.0,0.0,0,0
1253.0,J1,82,19.35,13.12,38.0,142.5,19,127.5,15.0,2,1253.0,7.5,0,0
1254.0,J2,83,19.81,13.51,39.0,127.5,17,112.5,15.0,2,1254.0,15.0,0,0
1254.0,J3,83,19.81,13.51,39.0,67.5,9,52.5,15.0,2,1254.0,0.0,0,0
1254.0,J1,83,19.81,13.51,39.0,142.5,19,127.5,15.0,2,1254.0,7.5,0,0
1255.0,J2,83,19.72,14.05,40.0,127.5,17,112.5,15.0,2,1255.0,15.0,0,0
1255.0,J3,83,19.72,14.05,40.0,67.5,9,52.5,15.0,2,1255.0,0.0,0,0
1255.0,J1,83,19.72,14.05,40.0,142.5,19,127.5,15.0,2,1255.0,7.5,0,0
1256.0,J2,83,19.84,14.59,41.0,127.5,17,112.5,15.0,2,1256.0,15.0,0,0
1256.0,J3,83,19.84,14.59,41.0,67.5,9,52.5,15.0,2,1256.0,0.0,0,0
1256.0,J1,83,19.84,14.59,41.0,142.5,19,135.0,7.5,2,1256.0,7.5,0,0
1257.0,J2,81,19.18,15.51,42.0,127.5,17,127.5,0.0,2,1257.0,15.0,0,0
1257.0,J3,81,19.18,15.51,42.0,67.5,9,60.0,7.5,2,1257.0,0.0,0,0
1257.0,J1,81,19.18,15.51,42.0,142.5,19,142.5,0.0,2,1257.0,7.5,0,0
1258.0,J2,79,18.23,16.47,43.0,127.5,17,127.5,0.0,3,1258.0,15.0,0,0
1258.0,J3,79,18.23,16.47,43.0,67.5,9,60.0,7.5,3,1258.0,0.0,0,0
1258.0,J1,79,18.23,16.47,43.0,142.5,19,142.5,0.0,3,1258.0,7.5,0,0
1259.0,J2,77,17.57,17.48,44.0,127.5,17,127.5,0.0,3,1259.0,15.0,0,0
1259.0,J3,77,17.57,17.48,44.0,67.5,9,67.5,0.0,3,1259.0,0.0,0,0
1259.0,J1,77,17.57,17.48,44.0,142.5,19,142.5,0.0,3,1259.0,7.5,0,0
1260.0,J2,76,16.79,18.3,45.0,127.5,17,127.5,0.0,3,1260.0,15.0,0,0
1260.0,J3,76,16.79,18.3,45.0,67.5,9,67.5,0.0,3,1260.0,0.0,0,0
1260.0,J1,76,16.79,18.3,45.0,142.5,19,142.5,0.0,3,1260.0,7.5,0,0
1261.0,J2,74,17.29,10.78,44.0,82.5,11,127.5,-45.0,0,1261.0,15.0,0,0
1261.0,J3,74,17.29,10.78,44.0,22.5,3,67.5,-45.0,0,1261.0,0.0,0,0
1261.0,J1,74,17.29,10.78,44.0,105.0,14,142.5,-37.5,0,1261.0,7.5,0,0
1262.0,J2,73,18.79,5.58,40.0,37.5,5,127.5,-90.0,0,1262.0,15.0,0,0
1262.0,J3,73,18.79,5.58,40.0,7.5,1,67.5,-60.0,0,1262.0,0.0,0,0
1262.0,J1,73,18.79,5.58,40.0,75.0,10,142.5,-67.5,0,1262.0,7.5,0,0
1263.0,J2,73,21.11,2.62,37.0,0.0,0,127.5,-127.5,0,1263.0,15.0,0,0
1263.0,J3,73,21.11,2.62,37.0,7.5,1,67.5,-60.0,0,1263.0,0.0,0,0
1263.0,J1,73,21.11,2.62,37.0,52.5,7,142.5,-90.0,0,1263.0,7.5,0,0
1264.0,J2,73,23.83,1.25,31.0,0.0,0,127.5,-127.5,0,1264.0,15.0,0,0
1264.0,J3,73,23.83,1.25,31.0,7.5,1,67.5,-60.0,0,1264.0,0.0,0,0
1264.0,J1,73,23.83,1.25,31.0,30.0,4,142.5,-112.5,0,1264.0,7.5,0,0
1265.0,J2,72,26.39,0.31,14.0,7.5,1,127.5,-120.0,0,1265.0,15.0,0,0
1265.0,J3,72,26.39,0.31,14.0,22.5,3,67.5,-45.0,0,1265.0,0.0,0,0
1265.0,J1,72,26.39,0.31,14.0,7.5,1,142.5,-135.0,0,1265.0,7.5,0,0
1266.0,J2,73,29.23,0.18,4.0,7.5,1,82.5,-75.0,0,1266.0,15.0,0,0
1266.0,J3,73,29.23,0.18,4.0,22.5,3,22.5,0.0,0,1266.0,0.0,0,0
1266.0,J1,73,29.23,0.18,4.0,0.0,0,105.0,-105.0,0,1266.0,7.5,0,0
1267.0,J2,72,31.41,0.28,5.0,15.0,2,37.5,-22.5,0,1267.0,15.0,0,0
1267.0,J3,72,31.41,0.28,5.0,22.5,3,7.5,15.0,0,1267.0,0.0,0,0
1267.0,J1,72,31.41,0.28,5.0,7.5,1,75.0,-67.5,0,1267.0,7.5,0,0
1268.0,J2,72,33.15,0.38,6.0,15.0,2,0.0,15.0,0,1268.0,15.0,0,0
1268.0,J3,72,33.15,0.38,6.0,22.5,3,7.5,15.0,0,1268.0,0.0,0,0
1268.0,J1,72,33.15,0.38,6.0,7.5,1,52.5,-45.0,0,1268.0,7.5,0,0
1269.0,J2,72,34.45,0.36,7.0,0.0,0,0.0,0.0,0,1269.0,15.0,0,0
1269.0,J3,72,34.45,0.36,7.0,22.5,3,7.5,15.0,0,1269.0,0.0,0,0
1269.0,J1,72,34.45,0.36,7.0,7.5,1,30.0,-22.5,0,1269.0,7.5,0,0
1270.0,J2,72,35.27,0.43,8.0,0.0,0,7.5,-7.5,0,1270.0,15.0,0,0
1270.0,J3,72,35.27,0.43,8.0,22.5,3,22.5,0.0,0,1270.0,0.0,0,0
1270.0,J1,72,35.27,0.43,8.0,7.5,1,7.5,0.0,0,1270.0,7.5,0,0
1271.0,J2,72,36.09,0.5,9.0,0.0,0,7.5,-7.5,0,1271.0,15.0,0,0
1271.0,J3,72,36.09,0.5,9.0,22.5,3,22.5,0.0,0,1271.0,0.0,0,0
1271.0,J1,72,36.09,0.5,9.0,7.5,1,0.0,7.5,0,1271.0,7.5,0,0
1272.0,J2,72,36.79,0.44,10.0,0.0,0,15.0,-15.0,0,1272.0,15.0,0,0
1272.0,J3,72,36.79,0.44,10.0,22.5,3,22.5,0.0,0,1272.0,0.0,0,0
1272.0,J1,72,36.79,0.44,10.0,7.5,1,7.5,0.0,0,1272.0,7.5,0,0
1273.0,J2,73,37.59,0.51,11.0,0.0,0,15.0,-15.0,0,1273.0,15.0,0,0
1273.0,J3,73,37.59,0.51,11.0,30.0,4,22.5,7.5,0,1273.0,0.0,0,0
1273.0,J1,73,37.59,0.51,11.0,7.5,1,7.5,0.0,0,1273.0,7.5,0,0
1274.0,J2,75,38.36,0.56,12.0,0.0,0,0.0,0.0,0,1274.0,15.0,0,0
1274.0,J3,75,38.36,0.56,12.0,30.0,4,22.5,7.5,0,1274.0,0.0,0,0
1274.0,J1,75,38.36,0.56,12.0,7.5,1,7.5,0.0,0,1274.0,7.5,0,0
1275.0,J2,76,38.7,0.62,13.0,0.0,0,0.0,0.0,0,1275.0,15.0,0,0
1275.0,J3,76,38.7,0.62,13.0,30.0,4,22.5,7.5,0,1275.0,0.0,0,0
1275.0,J1,76,38.7,0.62,13.0,7.5,1,7.5,0.0,0,1275.0,7.5,0,0
1276.0,J2,78,39.32,0.67,14.0,0.0,0,0.0,0.0,0,1276.0,0.0,0,0
1276.0,J3,78,39.32,0.67,14.0,30.0,4,22.5,7.5,0,1276.0,7.5,0,0
1276.0,J1,78,39.32,0.67,14.0,7.5,1,7.5,0.0,0,1276.0,0.0,0,0
1277.0,J2,79,39.57,0.72,15.0,0.0,0,0.0,0.0,0,1277.0,0.0,0,0
1277.0,J3,79,39.57,0.72,15.0,30.0,4,22.5,7.5,0,1277.0,7.5,0,0
1277.0,J1,79,39.57,0.72,15.0,7.5,1,7.5,0.0,0,1277.0,0.0,0,0
1278.0,J2,79,39.97,0.78,16.0,0.0,0,0.0,0.0,0,1278.0,15.0,0,0
1278.0,J3,79,39.97,0.78,16.0,30.0,4,30.0,0.0,0,1278.0,7.5,0,0
1278.0,J1,79,39.97,0.78,16.0,7.5,1,7.5,0.0,0,1278.0,7.5,0,0
1279.0,J2,79,40.15,0.85,17.0,0.0,0,0.0,0.0,0,1279.0,15.0,0,0
1279.0,J3,79,40.15,0.85,17.0,30.0,4,30.0,0.0,0,1279.0,7.5,0,0
1279.0,J1,79,40.15,0.85,17.0,7.5,1,7.5,0.0,0,1279.0,7.5,0,0
1280.0,J2,79,40.35,0.91,18.0,0.0,0,0.0,0.0,0,1280.0,22.5,0,0
1280.0,J3,79,40.35,0.91,18.0,30.0,4,30.0,0.0,0,1280.0,7.5,0,0
1280.0,J1,79,40.35,0.91,18.0,7.5,1,7.5,0.0,0,1280.0,22.5,0,0
1281.0,J2,80,40.49,0.96,19.0,0.0,0,0.0,0.0,0,1281.0,22.5,0,0
1281.0,J3,80,40.49,0.96,19.0,30.0,4,30.0,0.0,0,1281.0,7.5,0,0
1281.0,J1,80,40.49,0.96,19.0,7.5,1,7.5,0.0,0,1281.0,22.5,0,0
1282.0,J2,81,40.45,1.01,20.0,0.0,0,0.0,0.0,0,1282.0,22.5,0,0
1282.0,J3,81,40.45,1.01,20.0,30.0,4,30.0,0.0,0,1282.0,7.5,0,0
1282.0,J1,81,40.45,1.01,20.0,7.5,1,7.5,0.0,0,1282.0,22.5,0,0
1283.0,J2,80,39.71,1.09,21.0,0.0,0,0.0,0.0,0,1283.0,22.5,0,0
1283.0,J3,80,39.71,1.09,21.0,30.0,4,30.0,0.0,0,1283.0,7.5,0,0
1283.0,J1,80,39.71,1.09,21.0,7.5,1,7.5,0.0,0,1283.0,22.5,0,0
1284.0,J2,79,39.62,1.18,22.0,7.5,1,0.0,7.5,0,1284.0,37.5,1,0
1284.0,J3,79,39.62,1.18,22.0,30.0,4,30.0,0.0,0,1284.0,7.5,0,0
1284.0,J1,79,39.62,1.18,22.0,7.5,1,7.5,0.0,0,1284.0,30.0,0,0
1285.0,J2,79,39.59,1.25,23.0,7.5,1,0.0,7.5,0,1285.0,60.0,1,0
1285.0,J3,79,39.59,1.25,23.0,30.0,4,30.0,0.0,0,1285.0,15.0,0,0
1285.0,J1,79,39.59,1.25,23.0,7.5,1,7.5,0.0,0,1285.0,52.5,1,0
1286.0,J2,79,39.29,1.33,24.0,7.5,1,0.0,7.5,0,1286.0,75.0,1,0
1286.0,J3,79,39.29,1.33,24.0,30.0,4,30.0,0.0,0,1286.0,22.5,0,0
1286.0,J1,79,39.29,1.33,24.0,7.5,1,7.5,0.0,0,1286.0,52.5,1,0
1287.0,J2,80,39.39,1.4,25.0,15.0,2,0.0,15.0,0,1287.0,75.0,1,0
1287.0,J3,80,39.39,1.4,25.0,30.0,4,30.0,0.0,0,1287.0,22.5,0,0
1287.0,J1,80,39.39,1.4,25.0,7.5,1,7.5,0.0,0,1287.0,60.0,1,0
1288.0,J2,80,39.29,1.49,26.0,15.0,2,0.0,15.0,0,1288.0,82.5,1,0
1288.0,J3,80,39.29,1.49,26.0,30.0,4,30.0,0.0,0,1288.0,22.5,0,0
1288.0,J1,80,39.29,1.49,26.0,7.5,1,7.5,0.0,0,1288.0,60.0,1,0
1289.0,J2,81,39.65,1.56,27.0,15.0,2,7.5,7.5,0,1289.0,97.5,1,0
1289.0,J3,81,39.65,1.56,27.0,30.0,4,30.0,0.0,0,1289.0,22.5,0,0
1289.0,J1,81,39.65,1.56,27.0,7.5,1,7.5,0.0,0,1289.0,60.0,1,0
1290.0,J2,81,39.49,1.64,28.0,15.0,2,7.5,7.5,0,1290.0,97.5,1,0
1290.0,J3,81,39.49,1.64,28.0,30.0,4,30.0,0.0,0,1290.0,22.5,0,0
1290.0,J1,81,39.49,1.64,28.0,7.5,1,7.5,0.0,0,1290.0,60.0,1,0
1291.0,J2,82,39.22,1.71,29.0,15.0,2,7.5,7.5,0,1291.0,105.0,1,0
1291.0,J3,82,39.22,1.71,29.0,30.0,4,30.0,0.0,0,1291.0,22.5,0,0
1291.0,J1,82,39.22,1.71,29.0,7.5,1,7.5,0.0,0,1291.0,60.0,1,0
1292.0,J2,83,39.03,1.77,30.0,15.0,2,15.0,0.0,0,1292.0,105.0,1,0
1292.0,J3,83,39.03,1.77,30.0,30.0,4,30.0,0.0,0,1292.0,22.5,0,0
1292.0,J1,83,39.03,1.77,30.0,7.5,1,7.5,0.0,0,1292.0,60.0,1,0
1293.0,J2,85,39.07,1.81,31.0,15.0,2,15.0,0.0,0,1293.0,105.0,1,0
1293.0,J3,85,39.07,1.81,31.0,30.0,4,30.0,0.0,0,1293.0,22.5,0,0
1293.0,J1,85,39.07,1.81,31.0,7.5,1,7.5,0.0,0,1293.0,60.0,1,0
1294.0,J2,87,39.05,1.86,32.0,22.5,3,15.0,7.5,0,1294.0,112.5,1,0
1294.0,J3,87,39.05,1.86,32.0,30.0,4,30.0,0.0,0,1294.0,22.5,0,0
1294.0,J1,87,39.05,1.86,32.0,7.5,1,7.5,0.0,0,1294.0,67.5,1,0
1295.0,J2,87,38.71,1.95,33.0,22.5,3,15.0,7.5,0,1295.0,112.5,1,0
1295.0,J3,87,38.71,1.95,33.0,30.0,4,30.0,0.0,0,1295.0,22.5,0,0
1295.0,J1,87,38.71,1.95,33.0,7.5,1,7.5,0.0,0,1295.0,67.5,1,0
1296.0,J2,87,38.84,2.05,34.0,22.5,3,15.0,7.5,0,1296.0,112.5,1,0
1296.0,J3,87,38.84,2.05,34.0,30.0,4,30.0,0.0,0,1296.0,22.5,0,0
1296.0,J1,87,38.84,2.05,34.0,7.5,1,7.5,0.0,0,1296.0,67.5,1,0
1297.0,J2,87,38.85,2.14,35.0,22.5,3,15.0,7.5,0,1297.0,112.5,1,0
1297.0,J3,87,38.85,2.14,35.0,30.0,4,30.0,0.0,0,1297.0,22.5,0,0
1297.0,J1,87,38.85,2.14,35.0,7.5,1,7.5,0.0,0,1297.0,67.5,1,0
1298.0,J2,90,38.97,2.17,36.0,30.0,4,15.0,15.0,0,1298.0,112.5,1,0
1298.0,J3,90,38.97,2.17,36.0,30.0,4,30.0,0.0,0,1298.0,22.5,0,0
1298.0,J1,90,38.97,2.17,36.0,7.5,1,7.5,0.0,0,1298.0,67.5,1,0
1299.0,J2,90,39.1,2.27,37.0,30.0,4,22.5,7.5,0,1299.0,112.5,1,0
1299.0,J3,90,39.1,2.27,37.0,30.0,4,30.0,0.0,0,1299.0,22.5,0,0
1299.0,J1,90,39.1,2.27,37.0,7.5,1,7.5,0.0,0,1299.0,67.5,1,0
1300.0,J2,90,38.93,2.37,38.0,30.0,4,22.5,7.5,0,1300.0,112.5,1,0
1300.0,J3,90,38.93,2.37,38.0,30.0,4,30.0,0.0,0,1300.0,22.5,0,0
1300.0,J1,90,38.93,2.37,38.0,7.5,1,7.5,0.0,0,1300.0,67.5,1,0
1301.0,J2,89,39.0,2.49,39.0,30.0,4,22.5,7.5,0,1301.0,112.5,1,0
1301.0,J3,89,39.0,2.49,39.0,30.0,4,30.0,0.0,0,1301.0,22.5,0,0
1301.0,J1,89,39.0,2.49,39.0,7.5,1,7.5,0.0,0,1301.0,67.5,1,0
1302.0,J2,88,38.93,2.62,40.0,30.0,4,22.5,7.5,0,1302.0,112.5,1,0
1302.0,J3,88,38.93,2.62,40.0,30.0,4,30.0,0.0,0,1302.0,22.5,0,0
1302.0,J1,88,38.93,2.62,40.0,7.5,1,7.5,0.0,0,1302.0,67.5,1,0
1303.0,J2,88,38.67,2.73,41.0,30.0,4,30.0,0.0,1,1303.0,112.5,1,0
1303.0,J3,88,38.67,2.73,41.0,30.0,4,30.0,0.0,1,1303.0,22.5,0,0
1303.0,J1,88,38.67,2.73,41.0,7.5,1,7.5,0.0,1,1303.0,67.5,1,0
1304.0,J2,87,37.92,2.86,42.0,30.0,4,30.0,0.0,1,1304.0,112.5,1,0
1304.0,J3,87,37.92,2.86,42.0,30.0,4,30.0,0.0,1,1304.0,22.5,0,0
1304.0,J1,87,37.92,2.86,42.0,7.5,1,7.5,0.0,1,1304.0,67.5,1,0
1305.0,J2,87,37.3,2.97,43.0,30.0,4,30.0,0.0,1,1305.0,112.5,1,0
1305.0,J3,87,37.3,2.97,43.0,30.0,4,30.0,0.0,1,1305.0,22.5,0,0
1305.0,J1,87,37.3,2.97,43.0,7.5,1,7.5,0.0,1,1305.0,67.5,1,0
1306.0,J2,84,37.08,1.07,42.0,7.5,1,30.0,-22.5,2,1306.0,112.5,1,0
1306.0,J3,84,37.08,1.07,42.0,15.0,2,30.0,-15.0,2,1306.0,22.5,0,0
1306.0,J1,84,37.08,1.07,42.0,7.5,1,7.5,0.0,2,1306.0,67.5,1,0
1307.0,J2,84,36.94,0.05,2.0,7.5,1,30.0,-22.5,2,1307.0,112.5,1,0
1307.0,J3,84,36.94,0.05,2.0,7.5,1,30.0,-22.5,2,1307.0,22.5,0,0
1307.0,J1,84,36.94,0.05,2.0,7.5,1,7.5,0.0,2,1307.0,67.5,1,0
1308.0,J2,81,37.22,0.09,3.0,7.5,1,30.0,-22.5,2,1308.0,112.5,1,0
1308.0,J3,81,37.22,0.09,3.0,7.5,1,30.0,-22.5,2,1308.0,22.5,0,0
1308.0,J1,81,37.22,0.09,3.0,7.5,1,7.5,0.0,2,1308.0,67.5,1,0
1309.0,J2,81,36.93,0.14,4.0,7.5,1,30.0,-22.5,2,1309.0,112.5,1,0
1309.0,J3,81,36.93,0.14,4.0,7.5,1,30.0,-22.5,2,1309.0,22.5,0,0
1309.0,J1,81,36.93,0.14,4.0,15.0,2,7.5,7.5,2,1309.0,67.5,1,0
1310.0,J2,82,36.19,0.18,5.0,7.5,1,30.0,-22.5,2,1310.0,112.5,1,0
1310.0,J3,82,36.19,0.18,5.0,7.5,1,30.0,-22.5,2,1310.0,22.5,0,0
1310.0,J1,82,36.19,0.18,5.0,15.0,2,7.5,7.5,2,1310.0,67.5,1,0
1311.0,J2,82,35.27,0.24,6.0,7.5,1,7.5,0.0,2,1311.0,112.5,1,0
1311.0,J3,82,35.27,0.24,6.0,15.0,2,15.0,0.0,2,1311.0,22.5,0,0
1311.0,J1,82,35.27,0.24,6.0,15.0,2,7.5,7.5,2,1311.0,75.0,1,0
1312.0,J2,81,33.89,0.33,7.0,15.0,2,7.5,7.5,2,1312.0,112.5,1,0
1312.0,J3,81,33.89,0.33,7.0,22.5,3,7.5,15.0,2,1312.0,22.5,0,0
1312.0,J1,81,33.89,0.33,7.0,15.0,2,7.5,7.5,2,1312.0,75.0,1,0
1313.0,J2,80,33.0,0.45,8.0,15.0,2,7.5,7.5,2,1313.0,112.5,1,0
1313.0,J3,80,33.0,0.45,8.0,22.5,3,7.5,15.0,2,1313.0,30.0,0,0
1313.0,J1,80,33.0,0.45,8.0,30.0,4,7.5,22.5,2,1313.0,75.0,1,0
1314.0,J2,79,32.61,0.61,9.0,22.5,3,7.5,15.0,2,1314.0,112.5,1,0
1314.0,J3,79,32.61,0.61,9.0,30.0,4,7.5,22.5,2,1314.0,30.0,0,0
1314.0,J1,79,32.61,0.61,9.0,37.5,5,15.0,22.5,2,1314.0,75.0,1,0
1315.0,J2,78,32.27,0.81,10.0,22.5,3,7.5,15.0,2,1315.0,112.5,1,0
1315.0,J3,78,32.27,0.81,10.0,37.5,5,7.5,30.0,2,1315.0,30.0,0,0
1315.0,J1,78,32.27,0.81,10.0,52.5,7,15.0,37.5,2,1315.0,82.5,1,0
1316.0,J2,78,31.72,1.03,11.0,30.0,4,7.5,22.5,2,1316.0,112.5,1,0
1316.0,J3,78,31.72,1.03,11.0,45.0,6,15.0,30.0,2,1316.0,30.0,0,0
1316.0,J1,78,31.72,1.03,11.0,52.5,7,15.0,37.5,2,1316.0,82.5,1,0
1317.0,J2,77,31.17,1.26,12.0,30.0,4,15.0,15.0,2,1317.0,112.5,1,0
1317.0,J3,77,31.17,1.26,12.0,45.0,6,22.5,22.5,2,1317.0,30.0,0,0
1317.0,J1,77,31.17,1.26,12.0,52.5,7,15.0,37.5,2,1317.0,82.5,1,0
1318.0,J2,76,30.68,1.5,13.0,30.0,4,15.0,15.0,2,1318.0,112.5,1,0
1318.0,J3,76,30.68,1.5,13.0,45.0,6,22.5,22.5,2,1318.0,30.0,0,0
1318.0,J1,76,30.68,1.5,13.0,52.5,7,30.0,22.5,2,1318.0,82.5,1,0
1319.0,J2,77,30.42,1.74,14.0,30.0,4,22.5,7.5,2,1319.0,112.5,1,0
1319.0,J3,77,30.42,1.74,14.0,52.5,7,30.0,22.5,2,1319.0,30.0,0,0
1319.0,J1,77,30.42,1.74,14.0,67.5,9,37.5,30.0,2,1319.0,82.5,1,0
1320.0,J2,79,30.18,1.95,15.0,30.0,4,22.5,7.5,2,1320.0,112.5,1,0
1320.0,J3,79,30.18,1.95,15.0,52.5,7,37.5,15.0,2,1320.0,30.0,0,0
1320.0,J1,79,30.18,1.95,15.0,67.5,9,52.5,15.0,2,1320.0,82.5,1,0
1321.0,J2,79,29.8,2.2,16.0,30.0,4,30.0,0.0,2,1321.0,67.5,1,0
1321.0,J3,79,29.8,2.2,16.0,52.5,7,45.0,7.5,2,1321.0,7.5,0,0
1321.0,J1,79,29.8,2.2,16.0,67.5,9,52.5,15.0,2,1321.0,60.0,1,0
1322.0,J2,80,29.68,2.45,17.0,45.0,6,30.0,15.0,2,1322.0,22.5,0,0
1322.0,J3,80,29.68,2.45,17.0,52.5,7,45.0,7.5,2,1322.0,0.0,0,0
1322.0,J1,80,29.68,2.45,17.0,67.5,9,52.5,15.0,2,1322.0,37.5,1,0
1323.0,J2,81,29.31,2.7,18.0,45.0,6,30.0,15.0,2,1323.0,0.0,0,0
1323.0,J3,81,29.31,2.7,18.0,52.5,7,45.0,7.5,2,1323.0,0.0,0,0
1323.0,J1,81,29.31,2.7,18.0,75.0,10,52.5,22.5,2,1323.0,15.0,0,0
1324.0,J2,83,29.38,2.94,19.0,45.0,6,30.0,15.0,2,1324.0,0.0,0,0
1324.0,J3,83,29.38,2.94,19.0,67.5,9,52.5,15.0,2,1324.0,0.0,0,0
1324.0,J1,83,29.38,2.94,19.0,75.0,10,67.5,7.5,2,1324.0,0.0,0,0
1325.0,J2,83,28.79,3.24,20.0,45.0,6,30.0,15.0,2,1325.0,0.0,0,0
1325.0,J3,83,28.79,3.24,20.0,67.5,9,52.5,15.0,2,1325.0,0.0,0,0
1325.0,J1,83,28.79,3.24,20.0,75.0,10,67.5,7.5,2,1325.0,0.0,0,0
1326.0,J2,83,28.62,3.55,21.0,52.5,7,30.0,22.5,2,1326.0,0.0,0,0
1326.0,J3,83,28.62,3.55,21.0,67.5,9,52.5,15.0,2,1326.0,0.0,0,0
1326.0,J1,83,28.62,3.55,21.0,75.0,10,67.5,7.5,2,1326.0,0.0,0,0
1327.0,J2,82,27.67,3.91,22.0,52.5,7,45.0,7.5,2,1327.0,0.0,0,0
1327.0,J3,82,27.67,3.91,22.0,67.5,9,52.5,15.0,2,1327.0,0.0,0,0
1327.0,J1,82,27.67,3.91,22.0,75.0,10,67.5,7.5,2,1327.0,0.0,0,0
1328.0,J2,83,27.17,4.22,23.0,67.5,9,45.0,22.5,2,1328.0,0.0,0,0
1328.0,J3,83,27.17,4.22,23.0,75.0,10,52.5,22.5,2,1328.0,0.0,0,0
1328.0,J1,83,27.17,4.22,23.0,75.0,10,75.0,0.0,2,1328.0,0.0,0,0
1329.0,J2,83,27.34,4.57,24.0,67.5,9,45.0,22.5,2,1329.0,0.0,0,0
1329.0,J3,83,27.34,4.57,24.0,75.0,10,67.5,7.5,2,1329.0,0.0,0,0
1329.0,J1,83,27.34,4.57,24.0,75.0,10,75.0,0.0,2,1329.0,0.0,0,0
1330.0,J2,83,26.92,4.93,25.0,67.5,9,45.0,22.5,2,1330.0,0.0,0,0
1330.0,J3,83,26.92,4.93,25.0,82.5,11,67.5,15.0,2,1330.0,0.0,0,0
1330.0,J1,83,26.92,4.93,25.0,75.0,10,75.0,0.0,2,1330.0,0.0,0,0
1331.0,J2,83,26.28,5.24,26.0,60.0,8,52.5,7.5,2,1331.0,0.0,0,0
1331.0,J3,83,26.28,5.24,26.0,82.5,11,67.5,15.0,2,1331.0,0.0,0,0
1331.0,J1,83,26.28,5.24,26.0,75.0,10,75.0,0.0,2,1331.0,0.0,0,0
1332.0,J2,83,25.62,5.6,27.0,67.5,9,52.5,15.0,2,1332.0,0.0,0,0
1332.0,J3,83,25.62,5.6,27.0,82.5,11,67.5,15.0,2,1332.0,0.0,0,0
1332.0,J1,83,25.62,5.6,27.0,75.0,10,75.0,0.0,2,1332.0,0.0,0,0
1333.0,J2,83,24.74,5.98,28.0,75.0,10,67.5,7.5,2,1333.0,0.0,0,0
1333.0,J3,83,24.74,5.98,28.0,82.5,11,75.0,7.5,2,1333.0,0.0,0,0
1333.0,J1,83,24.74,5.98,28.0,75.0,10,75.0,0.0,2,1333.0,0.0,0,0
1334.0,J2,83,24.19,6.37,29.0,90.0,12,67.5,22.5,2,1334.0,0.0,0,0
1334.0,J3,83,24.19,6.37,29.0,82.5,11,75.0,7.5,2,1334.0,0.0,0,0
1334.0,J1,83,24.19,6.37,29.0,75.0,10,75.0,0.0,2,1334.0,0.0,0,0
1335.0,J2,83,23.83,6.78,30.0,90.0,12,67.5,22.5,2,1335.0,0.0,0,0
1335.0,J3,83,23.83,6.78,30.0,82.5,11,82.5,0.0,2,1335.0,0.0,0,0
1335.0,J1,83,23.83,6.78,30.0,82.5,11,75.0,7.5,2,1335.0,0.0,0,0
1336.0,J2,83,22.9,7.22,31.0,90.0,12,60.0,30.0,2,1336.0,0.0,0,0
1336.0,J3,83,22.9,7.22,31.0,90.0,12,82.5,7.5,2,1336.0,0.0,0,0
1336.0,J1,83,22.9,7.22,31.0,90.0,12,75.0,15.0,2,1336.0,0.0,0,0
1337.0,J2,84,22.9,7.57,32.0,97.5,13,67.5,30.0,2,1337.0,0.0,0,0
1337.0,J3,84,22.9,7.57,32.0,90.0,12,82.5,7.5,2,1337.0,0.0,0,0
1337.0,J1,84,22.9,7.57,32.0,90.0,12,75.0,15.0,2,1337.0,0.0,0,0
1338.0,J2,84,22.5,8.02,33.0,97.5,13,75.0,22.5,2,1338.0,0.0,0,0
1338.0,J3,84,22.5,8.02,33.0,90.0,12,82.5,7.5,2,1338.0,0.0,0,0
1338.0,J1,84,22.5,8.02,33.0,97.5,13,75.0,22.5,2,1338.0,0.0,0,0
1339.0,J2,85,22.29,8.38,34.0,97.5,13,90.0,7.5,2,1339.0,0.0,0,0
1339.0,J3,85,22.29,8.38,34.0,90.0,12,82.5,7.5,2,1339.0,0.0,0,0
1339.0,J1,85,22.29,8.38,34.0,97.5,13,75.0,22.5,2,1339.0,0.0,0,0
1340.0,J2,84,21.86,8.95,35.0,97.5,13,90.0,7.5,2,1340.0,0.0,0,0
1340.0,J3,84,21.86,8.95,35.0,90.0,12,82.5,7.5,2,1340.0,0.0,0,0
1340.0,J1,84,21.86,8.95,35.0,112.5,15,82.5,30.0,2,1340.0,0.0,0,0
1341.0,J2,84,20.71,9.43,36.0,97.5,13,90.0,7.5,2,1341.0,0.0,0,0
1341.0,J3,84,20.71,9.43,36.0,90.0,12,90.0,0.0,2,1341.0,0.0,0,0
1341.0,J1,84,20.71,9.43,36.0,112.5,15,90.0,22.5,2,1341.0,0.0,0,0
1342.0,J2,84,20.82,9.9,37.0,97.5,13,97.5,0.0,2,1342.0,0.0,0,0
1342.0,J3,84,20.82,9.9,37.0,90.0,12,90.0,0.0,2,1342.0,0.0,0,0
1342.0,J1,84,20.82,9.9,37.0,112.5,15,90.0,22.5,2,1342.0,0.0,0,0
1343.0,J2,83,20.24,10.53,38.0,97.5,13,97.5,0.0,2,1343.0,0.0,0,0
1343.0,J3,83,20.24,10.53,38.0,90.0,12,90.0,0.0,2,1343.0,0.0,0,0
1343.0,J1,83,20.24,10.53,38.0,127.5,17,97.5,30.0,2,1343.0,0.0,0,0
1344.0,J2,83,19.93,11.05,39.0,97.5,13,97.5,0.0,2,1344.0,0.0,0,0
1344.0,J3,83,19.93,11.05,39.0,90.0,12,90.0,0.0,2,1344.0,0.0,0,0
1344.0,J1,83,19.93,11.05,39.0,135.0,18,97.5,37.5,2,1344.0,0.0,0,0
1345.0,J2,83,19.8,11.58,40.0,97.5,13,97.5,0.0,2,1345.0,0.0,0,0
1345.0,J3,83,19.8,11.58,40.0,97.5,13,90.0,7.5,2,1345.0,0.0,0,0
1345.0,J1,83,19.8,11.58,40.0,135.0,18,112.5,22.5,2,1345.0,0.0,0,0
1346.0,J2,82,19.05,12.27,41.0,97.5,13,97.5,0.0,2,1346.0,0.0,0,0
1346.0,J3,82,19.05,12.27,41.0,105.0,14,90.0,15.0,2,1346.0,0.0,0,0
1346.0,J1,82,19.05,12.27,41.0,135.0,18,112.5,22.5,2,1346.0,0.0,0,0
1347.0,J2,82,18.91,12.82,42.0,97.5,13,97.5,0.0,2,1347.0,0.0,0,0
1347.0,J3,82,18.91,12.82,42.0,105.0,14,90.0,15.0,2,1347.0,0.0,0,0
1347.0,J1,82,18.91,12.82,42.0,135.0,18,112.5,22.5,2,1347.0,0.0,0,0
1348.0,J2,81,18.79,13.53,43.0,97.5,13,97.5,0.0,3,1348.0,0.0,0,0
1348.0,J3,81,18.79,13.53,43.0,105.0,14,90.0,15.0,3,1348.0,0.0,0,0
1348.0,J1,81,18.79,13.53,43.0,135.0,18,127.5,7.5,3,1348.0,0.0,0,0
1349.0,J2,81,18.24,14.09,44.0,97.5,13,97.5,0.0,3,1349.0,0.0,0,0
1349.0,J3,81,18.24,14.09,44.0,105.0,14,90.0,15.0,3,1349.0,0.0,0,0
1349.0,J1,81,18.24,14.09,44.0,135.0,18,135.0,0.0,3,1349.0,0.0,0,0
1350.0,J2,83,18.61,14.29,45.0,97.5,13,97.5,0.0,3,1350.0,0.0,0,0
1350.0,J3,83,18.61,14.29,45.0,105.0,14,97.5,7.5,3,1350.0,0.0,0,0
1350.0,J1,83,18.61,14.29,45.0,135.0,18,135.0,0.0,3,1350.0,0.0,0,0
1351.0,J2,83,19.45,6.99,39.0,52.5,7,97.5,-45.0,0,1351.0,0.0,0,0
1351.0,J3,83,19.45,6.99,39.0,67.5,9,105.0,-37.5,0,1351.0,0.0,0,0
1351.0,J1,83,19.45,6.99,39.0,97.5,13,135.0,-37.5,0,1351.0,0.0,0,0
1352.0,J2,83,21.4,1.89,34.0,7.5,1,97.5,-90.0,0,1352.0,0.0,0,0
1352.0,J3,83,21.4,1.89,34.0,22.5,3,105.0,-82.5,0,1352.0,0.0,0,0
1352.0,J1,83,21.4,1.89,34.0,60.0,8,135.0,-75.0,0,1352.0,0.0,0,0
1353.0,J2,83,24.1,0.29,11.0,0.0,0,97.5,-97.5,0,1353.0,0.0,0,0
1353.0,J3,83,24.1,0.29,11.0,0.0,0,105.0,-105.0,0,1353.0,0.0,0,0
1353.0,J1,83,24.1,0.29,11.0,22.5,3,135.0,-112.5,0,1353.0,0.0,0,0
1354.0,J2,83,27.26,0.05,4.0,0.0,0,97.5,-97.5,0,1354.0,0.0,0,0
1354.0,J3,83,27.26,0.05,4.0,0.0,0,105.0,-105.0,0,1354.0,0.0,0,0
1354.0,J1,83,27.26,0.05,4.0,7.5,1,135.0,-127.5,0,1354.0,0.0,0,0
1355.0,J2,81,30.19,0.06,5.0,0.0,0,97.5,-97.5,0,1355.0,0.0,0,0
1355.0,J3,81,30.19,0.06,5.0,0.0,0,105.0,-105.0,0,1355.0,0.0,0,0
1355.0,J1,81,30.19,0.06,5.0,7.5,1,135.0,-127.5,0,1355.0,0.0,0,0
1356.0,J2,82,33.27,0.07,6.0,0.0,0,52.5,-52.5,0,1356.0,0.0,0,0
1356.0,J3,82,33.27,0.07,6.0,0.0,0,67.5,-67.5,0,1356.0,0.0,0,0
1356.0,J1,82,33.27,0.07,6.0,7.5,1,97.5,-90.0,0,1356.0,0.0,0,0
1357.0,J2,82,35.46,0.09,7.0,0.0,0,7.5,-7.5,0,1357.0,0.0,0,0
1357.0,J3,82,35.46,0.09,7.0,0.0,0,22.5,-22.5,0,1357.0,0.0,0,0
1357.0,J1,82,35.46,0.09,7.0,7.5,1,60.0,-52.5,0,1357.0,0.0,0,0
1358.0,J2,82,37.44,0.1,8.0,0.0,0,0.0,0.0,0,1358.0,0.0,0,0
1358.0,J3,82,37.44,0.1,8.0,0.0,0,0.0,0.0,0,1358.0,0.0,0,0
1358.0,J1,82,37.44,0.1,8.0,7.5,1,22.5,-15.0,0,1358.0,0.0,0,0
1359.0,J2,82,38.79,0.13,9.0,0.0,0,0.0,0.0,0,1359.0,0.0,0,0
1359.0,J3,82,38.79,0.13,9.0,15.0,2,0.0,15.0,0,1359.0,0.0,0,0
1359.0,J1,82,38.79,0.13,9.0,7.5,1,7.5,0.0,0,1359.0,0.0,0,0
1360.0,J2,84,39.07,0.17,10.0,0.0,0,0.0,0.0,0,1360.0,0.0,0,0
1360.0,J3,84,39.07,0.17,10.0,15.0,2,0.0,15.0,0,1360.0,0.0,0,0
1360.0,J1,84,39.07,0.17,10.0,7.5,1,7.5,0.0,0,1360.0,0.0,0,0
1361.0,J2,84,39.07,0.2,11.0,0.0,0,0.0,0.0,0,1361.0,0.0,0,0
1361.0,J3,84,39.07,0.2,11.0,15.0,2,0.0,15.0,0,1361.0,0.0,0,0
1361.0,J1,84,39.07,0.2,11.0,7.5,1,7.5,0.0,0,1361.0,0.0,0,0
1362.0,J2,84,39.13,0.24,12.0,0.0,0,0.0,0.0,0,1362.0,0.0,0,0
1362.0,J3,84,39.13,0.24,12.0,15.0,2,0.0,15.0,0,1362.0,0.0,0,0
1362.0,J1,84,39.13,0.24,12.0,7.5,1,7.5,0.0,0,1362.0,0.0,0,0
1363.0,J2,83,39.12,0.28,13.0,0.0,0,0.0,0.0,0,1363.0,0.0,0,0
1363.0,J3,83,39.12,0.28,13.0,15.0,2,0.0,15.0,0,1363.0,0.0,0,0
1363.0,J1,83,39.12,0.28,13.0,7.5,1,7.5,0.0,0,1363.0,0.0,0,0
1364.0,J2,81,39.72,0.35,14.0,7.5,1,0.0,7.5,0,1364.0,0.0,0,0
1364.0,J3,81,39.72,0.35,14.0,15.0,2,15.0,0.0,0,1364.0,0.0,0,0
1364.0,J1,81,39.72,0.35,14.0,15.0,2,7.5,7.5,0,1364.0,0.0,0,0
1365.0,J2,81,39.66,0.42,15.0,15.0,2,0.0,15.0,0,1365.0,0.0,0,0
1365.0,J3,81,39.66,0.42,15.0,15.0,2,15.0,0.0,0,1365.0,0.0,0,0
1365.0,J1,81,39.66,0.42,15.0,15.0,2,7.5,7.5,0,1365.0,0.0,0,0
1366.0,J2,77,39.71,0.52,16.0,15.0,2,0.0,15.0,0,1366.0,0.0,0,0
1366.0,J3,77,39.71,0.52,16.0,15.0,2,15.0,0.0,0,1366.0,7.5,0,0
1366.0,J1,77,39.71,0.52,16.0,15.0,2,7.5,7.5,0,1366.0,0.0,0,0
1367.0,J2,77,39.87,0.6,17.0,15.0,2,0.0,15.0,0,1367.0,0.0,0,0
1367.0,J3,77,39.87,0.6,17.0,15.0,2,15.0,0.0,0,1367.0,7.5,0,0
1367.0,J1,77,39.87,0.6,17.0,15.0,2,7.5,7.5,0,1367.0,0.0,0,0
1368.0,J2,76,39.81,0.68,18.0,15.0,2,0.0,15.0,0,1368.0,0.0,0,0
1368.0,J3,76,39.81,0.68,18.0,15.0,2,15.0,0.0,0,1368.0,7.5,0,0
1368.0,J1,76,39.81,0.68,18.0,15.0,2,7.5,7.5,0,1368.0,0.0,0,0
1369.0,J2,76,39.75,0.76,19.0,15.0,2,7.5,7.5,0,1369.0,0.0,0,0
1369.0,J3,76,39.75,0.76,19.0,15.0,2,15.0,0.0,0,1369.0,7.5,0,0
1369.0,J1,76,39.75,0.76,19.0,15.0,2,15.0,0.0,0,1369.0,0.0,0,0
1370.0,J2,77,39.76,0.83,20.0,15.0,2,15.0,0.0,0,1370.0,0.0,0,0
1370.0,J3,77,39.76,0.83,20.0,15.0,2,15.0,0.0,0,1370.0,7.5,0,0
1370.0,J1,77,39.76,0.83,20.0,15.0,2,15.0,0.0,0,1370.0,7.5,0,0
1371.0,J2,77,39.18,0.91,21.0,15.0,2,15.0,0.0,0,1371.0,0.0,0,0
1371.0,J3,77,39.18,0.91,21.0,15.0,2,15.0,0.0,0,1371.0,7.5,0,0
1371.0,J1,77,39.18,0.91,21.0,15.0,2,15.0,0.0,0,1371.0,7.5,0,0
1372.0,J2,77,38.86,1.0,22.0,22.5,3,15.0,7.5,0,1372.0,0.0,0,0
1372.0,J3,77,38.86,1.0,22.0,15.0,2,15.0,0.0,0,1372.0,7.5,0,0
1372.0,J1,77,38.86,1.0,22.0,15.0,2,15.0,0.0,0,1372.0,7.5,0,0
1373.0,J2,77,38.76,1.09,23.0,22.5,3,15.0,7.5,0,1373.0,0.0,0,0
1373.0,J3,77,38.76,1.09,23.0,15.0,2,15.0,0.0,0,1373.0,7.5,0,0
1373.0,J1,77,38.76,1.09,23.0,15.0,2,15.0,0.0,0,1373.0,7.5,0,0
1374.0,J2,77,38.39,1.19,24.0,30.0,4,15.0,15.0,0,1374.0,0.0,0,0
1374.0,J3,77,38.39,1.19,24.0,15.0,2,15.0,0.0,0,1374.0,7.5,0,0
1374.0,J1,77,38.39,1.19,24.0,15.0,2,15.0,0.0,0,1374.0,7.5,0,0
1375.0,J2,77,38.31,1.31,25.0,37.5,5,15.0,22.5,0,1375.0,0.0,0,0
1375.0,J3,77,38.31,1.31,25.0,15.0,2,15.0,0.0,0,1375.0,7.5,0,0
1375.0,J1,77,38.31,1.31,25.0,15.0,2,15.0,0.0,0,1375.0,7.5,0,0
1376.0,J2,77,38.18,1.43,26.0,37.5,5,15.0,22.5,0,1376.0,0.0,0,0
1376.0,J3,77,38.18,1.43,26.0,15.0,2,15.0,0.0,0,1376.0,15.0,0,0
1376.0,J1,77,38.18,1.43,26.0,15.0,2,15.0,0.0,0,1376.0,7.5,0,0
1377.0,J2,77,37.99,1.55,27.0,37.5,5,22.5,15.0,0,1377.0,0.0,0,0
1377.0,J3,77,37.99,1.55,27.0,15.0,2,15.0,0.0,0,1377.0,22.5,0,0
1377.0,J1,77,37.99,1.55,27.0,15.0,2,15.0,0.0,0,1377.0,22.5,0,0
1378.0,J2,76,37.69,1.7,28.0,37.5,5,22.5,15.0,0,1378.0,0.0,0,0
1378.0,J3,76,37.69,1.7,28.0,15.0,2,15.0,0.0,0,1378.0,22.5,0,0
1378.0,J1,76,37.69,1.7,28.0,22.5,3,15.0,7.5,0,1378.0,22.5,0,0
1379.0,J2,75,37.77,1.85,29.0,37.5,5,30.0,7.5,0,1379.0,0.0,0,0
1379.0,J3,75,37.77,1.85,29.0,15.0,2,15.0,0.0,0,1379.0,22.5,0,0
1379.0,J1,75,37.77,1.85,29.0,22.5,3,15.0,7.5,0,1379.0,22.5,0,0
1380.0,J2,75,37.83,1.99,30.0,37.5,5,37.5,0.0,0,1380.0,0.0,0,0
1380.0,J3,75,37.83,1.99,30.0,15.0,2,15.0,0.0,0,1380.0,22.5,0,0
1380.0,J1,75,37.83,1.99,30.0,22.5,3,15.0,7.5,0,1380.0,30.0,0,0
1381.0,J2,75,38.05,2.12,31.0,37.5,5,37.5,0.0,0,1381.0,0.0,0,0
1381.0,J3,75,38.05,2.12,31.0,15.0,2,15.0,0.0,0,1381.0,22.5,0,0
1381.0,J1,75,38.05,2.12,31.0,22.5,3,15.0,7.5,0,1381.0,30.0,0,0
1382.0,J2,75,37.34,2.25,32.0,37.5,5,37.5,0.0,0,1382.0,0.0,0,0
1382.0,J3,75,37.34,2.25,32.0,15.0,2,15.0,0.0,0,1382.0,22.5,0,0
1382.0,J1,75,37.34,2.25,32.0,22.5,3,15.0,7.5,0,1382.0,30.0,0,0
1383.0,J2,75,37.47,2.39,33.0,37.5,5,37.5,0.0,0,1383.0,0.0,0,0
1383.0,J3,75,37.47,2.39,33.0,15.0,2,15.0,0.0,0,1383.0,22.5,0,0
1383.0,J1,75,37.47,2.39,33.0,22.5,3,22.5,0.0,0,1383.0,37.5,1,0
1384.0,J2,74,36.89,2.55,34.0,37.5,5,37.5,0.0,0,1384.0,0.0,0,0
1384.0,J3,74,36.89,2.55,34.0,15.0,2,15.0,0.0,0,1384.0,22.5,0,0
1384.0,J1,74,36.89,2.55,34.0,22.5,3,22.5,0.0,0,1384.0,37.5,1,0
1385.0,J2,74,36.46,2.69,35.0,37.5,5,37.5,0.0,0,1385.0,0.0,0,0
1385.0,J3,74,36.46,2.69,35.0,15.0,2,15.0,0.0,0,1385.0,22.5,0,0
1385.0,J1,74,36.46,2.69,35.0,22.5,3,22.5,0.0,0,1385.0,37.5,1,0
1386.0,J2,75,36.47,2.79,36.0,37.5,5,37.5,0.0,0,1386.0,0.0,0,0
1386.0,J3,75,36.47,2.79,36.0,15.0,2,15.0,0.0,0,1386.0,30.0,0,0
1386.0,J1,75,36.47,2.79,36.0,22.5,3,22.5,0.0,0,1386.0,37.5,1,0
1387.0,J2,76,36.6,2.89,37.0,37.5,5,37.5,0.0,0,1387.0,0.0,0,0
1387.0,J3,76,36.6,2.89,37.0,15.0,2,15.0,0.0,0,1387.0,30.0,0,0
1387.0,J1,76,36.6,2.89,37.0,30.0,4,22.5,7.5,0,1387.0,37.5,1,0
1388.0,J2,76,36.19,3.05,38.0,45.0,6,37.5,7.5,0,1388.0,0.0,0,0
1388.0,J3,76,36.19,3.05,38.0,15.0,2,15.0,0.0,0,1388.0,30.0,0,0
1388.0,J1,76,36.19,3.05,38.0,30.0,4,22.5,7.5,0,1388.0,37.5,1,0
1389.0,J2,76,35.96,3.21,39.0,45.0,6,37.5,7.5,0,1389.0,0.0,0,0
1389.0,J3,76,35.96,3.21,39.0,15.0,2,15.0,0.0,0,1389.0,30.0,0,0
1389.0,J1,76,35.96,3.21,39.0,30.0,4,22.5,7.5,0,1389.0,37.5,1,0
1390.0,J2,77,35.87,3.32,40.0,45.0,6,37.5,7.5,0,1390.0,0.0,0,0
1390.0,J3,77,35.87,3.32,40.0,15.0,2,15.0,0.0,0,1390.0,30.0,0,0
1390.0,J1,77,35.87,3.32,40.0,30.0,4,22.5,7.5,0,1390.0,37.5,1,0
1391.0,J2,78,36.14,3.44,41.0,45.0,6,37.5,7.5,0,1391.0,0.0,0,0
1391.0,J3,78,36.14,3.44,41.0,15.0,2,15.0,0.0,0,1391.0,30.0,0,0
1391.0,J1,78,36.14,3.44,41.0,30.0,4,22.5,7.5,0,1391.0,37.5,1,0
1392.0,J2,78,36.28,3.59,42.0,45.0,6,37.5,7.5,0,1392.0,0.0,0,0
1392.0,J3,78,36.28,3.59,42.0,15.0,2,15.0,0.0,0,1392.0,30.0,0,0
1392.0,J1,78,36.28,3.59,42.0,30.0,4,30.0,0.0,0,1392.0,37.5,1,0
1393.0,J2,78,35.4,3.76,43.0,45.0,6,45.0,0.0,1,1393.0,0.0,0,0
1393.0,J3,78,35.4,3.76,43.0,15.0,2,15.0,0.0,1,1393.0,30.0,0,0
1393.0,J1,78,35.4,3.76,43.0,37.5,5,30.0,7.5,1,1393.0,37.5,1,0
1394.0,J2,77,34.74,3.97,44.0,45.0,6,45.0,0.0,1,1394.0,0.0,0,0
1394.0,J3,77,34.74,3.97,44.0,15.0,2,15.0,0.0,1,1394.0,30.0,0,0
1394.0,J1,77,34.74,3.97,44.0,37.5,5,30.0,7.5,1,1394.0,37.5,1,0
1395.0,J2,75,33.5,4.25,45.0,45.0,6,45.0,0.0,1,1395.0,0.0,0,0
1395.0,J3,75,33.5,4.25,45.0,15.0,2,15.0,0.0,1,1395.0,30.0,0,0
1395.0,J1,75,33.5,4.25,45.0,37.5,5,30.0,7.5,1,1395.0,37.5,1,0
1396.0,J2,76,33.21,0.89,32.0,22.5,3,45.0,-22.5,2,1396.0,0.0,0,0
1396.0,J3,76,33.21,0.89,32.0,0.0,0,15.0,-15.0,2,1396.0,30.0,0,0
1396.0,J1,76,33.21,0.89,32.0,15.0,2,30.0,-15.0,2,1396.0,37.5,1,0
1397.0,J2,73,32.44,0.18,10.0,15.0,2,45.0,-30.0,2,1397.0,0.0,0,0
1397.0,J3,73,32.44,0.18,10.0,0.0,0,15.0,-15.0,2,1397.0,30.0,0,0
1397.0,J1,73,32.44,0.18,10.0,7.5,1,30.0,-22.5,2,1397.0,37.5,1,0
1398.0,J2,74,32.8,0.07,3.0,7.5,1,45.0,-37.5,2,1398.0,0.0,0,0
1398.0,J3,74,32.8,0.07,3.0,7.5,1,15.0,-7.5,2,1398.0,30.0,0,0
1398.0,J1,74,32.8,0.07,3.0,7.5,1,37.5,-30.0,2,1398.0,37.5,1,0
1399.0,J2,74,32.75,0.15,4.0,30.0,4,45.0,-15.0,2,1399.0,0.0,0,0
1399.0,J3,74,32.75,0.15,4.0,7.5,1,15.0,-7.5,2,1399.0,30.0,0,0
1399.0,J1,74,32.75,0.15,4.0,7.5,1,37.5,-30.0,2,1399.0,37.5,1,0
1400.0,J2,73,32.9,0.25,5.0,37.5,5,45.0,-7.5,2,1400.0,0.0,0,0
1400.0,J3,73,32.9,0.25,5.0,7.5,1,15.0,-7.5,2,1400.0,30.0,0,0
1400.0,J1,73,32.9,0.25,5.0,7.5,1,37.5,-30.0,2,1400.0,37.5,1,0
1401.0,J2,73,33.29,0.34,6.0,37.5,5,22.5,15.0,2,1401.0,0.0,0,0
1401.0,J3,73,33.29,0.34,6.0,7.5,1,0.0,7.5,2,1401.0,30.0,0,0
1401.0,J1,73,33.29,0.34,6.0,7.5,1,15.0,-7.5,2,1401.0,37.5,1,0
1402.0,J2,74,32.67,0.47,7.0,60.0,8,15.0,45.0,2,1402.0,0.0,0,0
1402.0,J3,74,32.67,0.47,7.0,7.5,1,0.0,7.5,2,1402.0,30.0,0,0
1402.0,J1,74,32.67,0.47,7.0,7.5,1,7.5,0.0,2,1402.0,37.5,1,0
1403.0,J2,72,32.17,0.65,8.0,60.0,8,7.5,52.5,2,1403.0,0.0,0,0
1403.0,J3,72,32.17,0.65,8.0,22.5,3,7.5,15.0,2,1403.0,30.0,0,0
1403.0,J1,72,32.17,0.65,8.0,7.5,1,7.5,0.0,2,1403.0,37.5,1,0
1404.0,J2,72,32.65,0.85,9.0,60.0,8,30.0,30.0,2,1404.0,0.0,0,0
1404.0,J3,72,32.65,0.85,9.0,22.5,3,7.5,15.0,2,1404.0,30.0,0,0
1404.0,J1,72,32.65,0.85,9.0,22.5,3,7.5,15.0,2,1404.0,37.5,1,0
1405.0,J2,72,32.78,1.07,10.0,67.5,9,37.5,30.0,2,1405.0,0.0,0,0
1405.0,J3,72,32.78,1.07,10.0,30.0,4,7.5,22.5,2,1405.0,30.0,0,0
1405.0,J1,72,32.78,1.07,10.0,22.5,3,7.5,15.0,2,1405.0,37.5,1,0
1406.0,J2,72,32.85,1.29,11.0,67.5,9,37.5,30.0,2,1406.0,0.0,0,0
1406.0,J3,72,32.85,1.29,11.0,30.0,4,7.5,22.5,2,1406.0,30.0,0,0
1406.0,J1,72,32.85,1.29,11.0,22.5,3,7.5,15.0,2,1406.0,37.5,1,0
1407.0,J2,72,32.49,1.51,12.0,67.5,9,60.0,7.5,2,1407.0,0.0,0,0
1407.0,J3,72,32.49,1.51,12.0,30.0,4,7.5,22.5,2,1407.0,30.0,0,0
1407.0,J1,72,32.49,1.51,12.0,22.5,3,7.5,15.0,2,1407.0,37.5,1,0
1408.0,J2,72,31.72,1.74,13.0,67.5,9,60.0,7.5,2,1408.0,0.0,0,0
1408.0,J3,72,31.72,1.74,13.0,30.0,4,22.5,7.5,2,1408.0,30.0,0,0
1408.0,J1,72,31.72,1.74,13.0,22.5,3,7.5,15.0,2,1408.0,37.5,1,0
1409.0,J2,72,31.02,2.0,14.0,75.0,10,60.0,15.0,2,1409.0,0.0,0,0
1409.0,J3,72,31.02,2.0,14.0,37.5,5,22.5,15.0,2,1409.0,30.0,0,0
1409.0,J1,72,31.02,2.0,14.0,30.0,4,22.5,7.5,2,1409.0,37.5,1,0
1410.0,J2,73,31.03,2.25,15.0,75.0,10,67.5,7.5,2,1410.0,0.0,0,0
1410.0,J3,73,31.03,2.25,15.0,45.0,6,30.0,15.0,2,1410.0,30.0,0,0
1410.0,J1,73,31.03,2.25,15.0,30.0,4,22.5,7.5,2,1410.0,37.5,1,0
1411.0,J2,72,30.47,2.56,16.0,75.0,10,67.5,7.5,2,1411.0,0.0,0,0
1411.0,J3,72,30.47,2.56,16.0,45.0,6,30.0,15.0,2,1411.0,7.5,0,0
1411.0,J1,72,30.47,2.56,16.0,30.0,4,22.5,7.5,2,1411.0,15.0,0,0
1412.0,J2,73,30.38,2.82,17.0,82.5,11,67.5,15.0,2,1412.0,0.0,0,0
1412.0,J3,73,30.38,2.82,17.0,45.0,6,30.0,15.0,2,1412.0,0.0,0,0
1412.0,J1,73,30.38,2.82,17.0,37.5,5,22.5,15.0,2,1412.0,0.0,0,0
1413.0,J2,73,30.48,3.12,18.0,82.5,11,67.5,15.0,2,1413.0,0.0,0,0
1413.0,J3,73,30.48,3.12,18.0,45.0,6,30.0,15.0,2,1413.0,0.0,0,0
1413.0,J1,73,30.48,3.12,18.0,37.5,5,22.5,15.0,2,1413.0,0.0,0,0
1414.0,J2,73,30.15,3.4,19.0,82.5,11,75.0,7.5,2,1414.0,0.0,0,0
1414.0,J3,73,30.15,3.4,19.0,45.0,6,37.5,7.5,2,1414.0,0.0,0,0
1414.0,J1,73,30.15,3.4,19.0,37.5,5,30.0,7.5,2,1414.0,0.0,0,0
1415.0,J2,73,29.86,3.7,20.0,82.5,11,75.0,7.5,2,1415.0,0.0,0,0
1415.0,J3,73,29.86,3.7,20.0,45.0,6,45.0,0.0,2,1415.0,0.0,0,0
1415.0,J1,73,29.86,3.7,20.0,37.5,5,30.0,7.5,2,1415.0,0.0,0,0
1416.0,J2,74,29.9,3.96,21.0,82.5,11,75.0,7.5,2,1416.0,0.0,0,0
1416.0,J3,74,29.9,3.96,21.0,45.0,6,45.0,0.0,2,1416.0,0.0,0,0
1416.0,J1,74,29.9,3.96,21.0,45.0,6,30.0,15.0,2,1416.0,0.0,0,0
1417.0,J2,74,29.7,4.27,22.0,82.5,11,82.5,0.0,2,1417.0,0.0,0,0
1417.0,J3,74,29.7,4.27,22.0,45.0,6,45.0,0.0,2,1417.0,0.0,0,0
1417.0,J1,74,29.7,4.27,22.0,45.0,6,37.5,7.5,2,1417.0,0.0,0,0
1418.0,J2,74,29.54,4.58,23.0,82.5,11,82.5,0.0,2,1418.0,0.0,0,0
1418.0,J3,74,29.54,4.58,23.0,45.0,6,45.0,0.0,2,1418.0,0.0,0,0
1418.0,J1,74,29.54,4.58,23.0,45.0,6,37.5,7.5,2,1418.0,0.0,0,0
1419.0,J2,74,29.54,4.91,24.0,90.0,12,82.5,7.5,2,1419.0,0.0,0,0
1419.0,J3,74,29.54,4.91,24.0,45.0,6,45.0,0.0,2,1419.0,0.0,0,0
1419.0,J1,74,29.54,4.91,24.0,45.0,6,37.5,7.5,2,1419.0,0.0,0,0
1420.0,J2,74,29.65,5.24,25.0,97.5,13,82.5,15.0,2,1420.0,0.0,0,0
1420.0,J3,74,29.65,5.24,25.0,45.0,6,45.0,0.0,2,1420.0,0.0,0,0
1420.0,J1,74,29.65,5.24,25.0,45.0,6,37.5,7.5,2,1420.0,0.0,0,0
1421.0,J2,74,29.46,5.58,26.0,97.5,13,82.5,15.0,2,1421.0,0.0,0,0
1421.0,J3,74,29.46,5.58,26.0,45.0,6,45.0,0.0,2,1421.0,0.0,0,0
1421.0,J1,74,29.46,5.58,26.0,45.0,6,45.0,0.0,2,1421.0,0.0,0,0
1422.0,J2,75,29.46,5.84,27.0,97.5,13,82.5,15.0,2,1422.0,0.0,0,0
1422.0,J3,75,29.46,5.84,27.0,45.0,6,45.0,0.0,2,1422.0,0.0,0,0
1422.0,J1,75,29.46,5.84,27.0,45.0,6,45.0,0.0,2,1422.0,0.0,0,0
1423.0,J2,76,29.57,6.09,28.0,97.5,13,82.5,15.0,2,1423.0,0.0,0,0
1423.0,J3,76,29.57,6.09,28.0,45.0,6,45.0,0.0,2,1423.0,0.0,0,0
1423.0,J1,76,29.57,6.09,28.0,45.0,6,45.0,0.0,2,1423.0,0.0,0,0
1424.0,J2,77,29.42,6.34,29.0,97.5,13,90.0,7.5,2,1424.0,0.0,0,0
1424.0,J3,77,29.42,6.34,29.0,45.0,6,45.0,0.0,2,1424.0,0.0,0,0
1424.0,J1,77,29.42,6.34,29.0,45.0,6,45.0,0.0,2,1424.0,0.0,0,0
1425.0,J2,77,28.82,6.68,30.0,97.5,13,97.5,0.0,2,1425.0,0.0,0,0
1425.0,J3,77,28.82,6.68,30.0,45.0,6,45.0,0.0,2,1425.0,0.0,0,0
1425.0,J1,77,28.82,6.68,30.0,52.5,7,45.0,7.5,2,1425.0,0.0,0,0
1426.0,J2,78,28.64,6.94,31.0,105.0,14,97.5,7.5,2,1426.0,0.0,0,0
1426.0,J3,78,28.64,6.94,31.0,45.0,6,45.0,0.0,2,1426.0,0.0,0,0
1426.0,J1,78,28.64,6.94,31.0,52.5,7,45.0,7.5,2,1426.0,0.0,0,0
1427.0,J2,79,28.17,7.19,32.0,105.0,14,97.5,7.5,2,1427.0,0.0,0,0
1427.0,J3,79,28.17,7.19,32.0,45.0,6,45.0,0.0,2,1427.0,0.0,0,0
1427.0,J1,79,28.17,7.19,32.0,52.5,7,45.0,7.5,2,1427.0,0.0,0,0
1428.0,J2,79,26.51,7.53,33.0,105.0,14,97.5,7.5,2,1428.0,0.0,0,0
1428.0,J3,79,26.51,7.53,33.0,45.0,6,45.0,0.0,2,1428.0,0.0,0,0
1428.0,J1,79,26.51,7.53,33.0,52.5,7,45.0,7.5,2,1428.0,0.0,0,0
1429.0,J2,78,24.53,7.99,34.0,105.0,14,97.5,7.5,2,1429.0,0.0,0,0
1429.0,J3,78,24.53,7.99,34.0,52.5,7,45.0,7.5,2,1429.0,0.0,0,0
1429.0,J1,78,24.53,7.99,34.0,52.5,7,45.0,7.5,2,1429.0,0.0,0,0
1430.0,J2,76,22.48,8.61,35.0,112.5,15,97.5,15.0,2,1430.0,0.0,0,0
1430.0,J3,76,22.48,8.61,35.0,67.5,9,45.0,22.5,2,1430.0,0.0,0,0
1430.0,J1,76,22.48,8.61,35.0,52.5,7,52.5,0.0,2,1430.0,0.0,0,0
1431.0,J2,75,21.48,9.15,36.0,112.5,15,105.0,7.5,2,1431.0,0.0,0,0
1431.0,J3,75,21.48,9.15,36.0,67.5,9,45.0,22.5,2,1431.0,0.0,0,0
1431.0,J1,75,21.48,9.15,36.0,60.0,8,52.5,7.5,2,1431.0,0.0,0,0
1432.0,J2,77,21.64,9.34,37.0,112.5,15,105.0,7.5,2,1432.0,0.0,0,0
1432.0,J3,77,21.64,9.34,37.0,75.0,10,45.0,30.0,2,1432.0,0.0,0,0
1432.0,J1,77,21.64,9.34,37.0,60.0,8,52.5,7.5,2,1432.0,0.0,0,0
1433.0,J2,77,21.5,9.77,38.0,120.0,16,105.0,15.0,2,1433.0,0.0,0,0
1433.0,J3,77,21.5,9.77,38.0,75.0,10,45.0,30.0,2,1433.0,0.0,0,0
1433.0,J1,77,21.5,9.77,38.0,67.5,9,52.5,15.0,2,1433.0,0.0,0,0
1434.0,J2,77,21.37,10.23,39.0,120.0,16,105.0,15.0,2,1434.0,0.0,0,0
1434.0,J3,77,21.37,10.23,39.0,82.5,11,52.5,30.0,2,1434.0,0.0,0,0
1434.0,J1,77,21.37,10.23,39.0,67.5,9,52.5,15.0,2,1434.0,0.0,0,0
1435.0,J2,77,20.75,10.71,40.0,120.0,16,112.5,7.5,2,1435.0,0.0,0,0
1435.0,J3,77,20.75,10.71,40.0,82.5,11,67.5,15.0,2,1435.0,0.0,0,0
1435.0,J1,77,20.75,10.71,40.0,75.0,10,52.5,22.5,2,1435.0,0.0,0,0
1436.0,J2,76,19.87,11.36,41.0,120.0,16,112.5,7.5,2,1436.0,0.0,0,0
1436.0,J3,76,19.87,11.36,41.0,82.5,11,67.5,15.0,2,1436.0,0.0,0,0
1436.0,J1,76,19.87,11.36,41.0,82.5,11,60.0,22.5,2,1436.0,0.0,0,0
1437.0,J2,74,18.54,12.19,42.0,120.0,16,112.5,7.5,2,1437.0,0.0,0,0
1437.0,J3,74,18.54,12.19,42.0,82.5,11,75.0,7.5,2,1437.0,0.0,0,0
1437.0,J1,74,18.54,12.19,42.0,90.0,12,60.0,30.0,2,1437.0,0.0,0,0
1438.0,J2,75,18.41,12.56,43.0,120.0,16,120.0,0.0,3,1438.0,0.0,0,0
1438.0,J3,75,18.41,12.56,43.0,82.5,11,75.0,7.5,3,1438.0,0.0,0,0
1438.0,J1,75,18.41,12.56,43.0,97.5,13,67.5,30.0,3,1438.0,0.0,0,0
1439.0,J2,75,18.2,13.11,44.0,120.0,16,120.0,0.0,3,1439.0,0.0,0,0
1439.0,J3,75,18.2,13.11,44.0,90.0,12,82.5,7.5,3,1439.0,0.0,0,0
1439.0,J1,75,18.2,13.11,44.0,97.5,13,67.5,30.0,3,1439.0,0.0,0,0
1440.0,J2,75,17.41,13.67,45.0,120.0,16,120.0,0.0,3,1440.0,0.0,0,0
1440.0,J3,75,17.41,13.67,45.0,97.5,13,82.5,15.0,3,1440.0,0.0,0,0
1440.0,J1,75,17.41,13.67,45.0,97.5,13,75.0,22.5,3,1440.0,0.0,0,0
1441.0,J2,74,17.89,6.34,43.0,75.0,10,120.0,-45.0,0,1441.0,0.0,0,0
1441.0,J3,74,17.89,6.34,43.0,60.0,8,82.5,-22.5,0,1441.0,0.0,0,0
1441.0,J1,74,17.89,6.34,43.0,52.5,7,82.5,-30.0,0,1441.0,0.0,0,0
1442.0,J2,74,19.94,2.0,24.0,37.5,5,120.0,-82.5,0,1442.0,0.0,0,0
1442.0,J3,74,19.94,2.0,24.0,30.0,4,82.5,-52.5,0,1442.0,0.0,0,0
1442.0,J1,74,19.94,2.0,24.0,15.0,2,90.0,-75.0,0,1442.0,0.0,0,0
1443.0,J2,75,23.28,0.49,14.0,15.0,2,120.0,-105.0,0,1443.0,0.0,0,0
1443.0,J3,75,23.28,0.49,14.0,15.0,2,82.5,-67.5,0,1443.0,0.0,0,0
1443.0,J1,75,23.28,0.49,14.0,7.5,1,97.5,-90.0,0,1443.0,0.0,0,0
1444.0,J2,75,26.5,0.03,2.0,0.0,0,120.0,-120.0,0,1444.0,0.0,0,0
1444.0,J3,75,26.5,0.03,2.0,0.0,0,90.0,-90.0,0,1444.0,0.0,0,0
1444.0,J1,75,26.5,0.03,2.0,7.5,1,97.5,-90.0,0,1444.0,0.0,0,0
1445.0,J2,76,29.96,0.04,3.0,0.0,0,120.0,-120.0,0,1445.0,0.0,0,0
1445.0,J3,76,29.96,0.04,3.0,0.0,0,97.5,-97.5,0,1445.0,0.0,0,0
1445.0,J1,76,29.96,0.04,3.0,7.5,1,97.5,-90.0,0,1445.0,0.0,0,0
1446.0,J2,75,32.69,0.05,4.0,0.0,0,75.0,-75.0,0,1446.0,0.0,0,0
1446.0,J3,75,32.69,0.05,4.0,0.0,0,60.0,-60.0,0,1446.0,0.0,0,0
1446.0,J1,75,32.69,0.05,4.0,7.5,1,52.5,-45.0,0,1446.0,0.0,0,0
1447.0,J2,74,34.34,0.07,5.0,0.0,0,37.5,-37.5,0,1447.0,0.0,0,0
1447.0,J3,74,34.34,0.07,5.0,0.0,0,30.0,-30.0,0,1447.0,0.0,0,0
1447.0,J1,74,34.34,0.07,5.0,7.5,1,15.0,-7.5,0,1447.0,0.0,0,0
1448.0,J2,74,35.98,0.08,6.0,0.0,0,15.0,-15.0,0,1448.0,0.0,0,0
1448.0,J3,74,35.98,0.08,6.0,0.0,0,15.0,-15.0,0,1448.0,0.0,0,0
1448.0,J1,74,35.98,0.08,6.0,7.5,1,7.5,0.0,0,1448.0,0.0,0,0
1449.0,J2,74,37.16,0.09,7.0,0.0,0,0.0,0.0,0,1449.0,0.0,0,0
1449.0,J3,74,37.16,0.09,7.0,0.0,0,0.0,0.0,0,1449.0,0.0,0,0
1449.0,J1,74,37.16,0.09,7.0,7.5,1,7.5,0.0,0,1449.0,0.0,0,0
1450.0,J2,75,38.15,0.12,8.0,0.0,0,0.0,0.0,0,1450.0,0.0,0,0
1450.0,J3,75,38.15,0.12,8.0,0.0,0,0.0,0.0,0,1450.0,0.0,0,0
1450.0,J1,75,38.15,0.12,8.0,15.0,2,7.5,7.5,0,1450.0,0.0,0,0
1451.0,J2,74,38.74,0.15,9.0,0.0,0,0.0,0.0,0,1451.0,0.0,0,0
1451.0,J3,74,38.74,0.15,9.0,0.0,0,0.0,0.0,0,1451.0,0.0,0,0
1451.0,J1,74,38.74,0.15,9.0,15.0,2,7.5,7.5,0,1451.0,0.0,0,0
1452.0,J2,75,39.32,0.19,10.0,0.0,0,0.0,0.0,0,1452.0,0.0,0,0
1452.0,J3,75,39.32,0.19,10.0,7.5,1,0.0,7.5,0,1452.0,0.0,0,0
1452.0,J1,75,39.32,0.19,10.0,15.0,2,7.5,7.5,0,1452.0,0.0,0,0
1453.0,J2,74,39.32,0.23,11.0,0.0,0,0.0,0.0,0,1453.0,0.0,0,0
1453.0,J3,74,39.32,0.23,11.0,7.5,1,0.0,7.5,0,1453.0,0.0,0,0
1453.0,J1,74,39.32,0.23,11.0,15.0,2,7.5,7.5,0,1453.0,0.0,0,0
1454.0,J2,73,39.86,0.27,12.0,0.0,0,0.0,0.0,0,1454.0,0.0,0,0
1454.0,J3,73,39.86,0.27,12.0,7.5,1,0.0,7.5,0,1454.0,0.0,0,0
1454.0,J1,73,39.86,0.27,12.0,15.0,2,7.5,7.5,0,1454.0,0.0,0,0
1455.0,J2,74,39.59,0.34,13.0,15.0,2,0.0,15.0,0,1455.0,0.0,0,0
1455.0,J3,74,39.59,0.34,13.0,7.5,1,0.0,7.5,0,1455.0,0.0,0,0
1455.0,J1,74,39.59,0.34,13.0,15.0,2,15.0,0.0,0,1455.0,0.0,0,0
1456.0,J2,74,39.35,0.41,14.0,15.0,2,0.0,15.0,0,1456.0,0.0,0,0
1456.0,J3,74,39.35,0.41,14.0,7.5,1,0.0,7.5,0,1456.0,0.0,0,0
1456.0,J1,74,39.35,0.41,14.0,15.0,2,15.0,0.0,0,1456.0,0.0,0,0
1457.0,J2,75,39.63,0.47,15.0,15.0,2,0.0,15.0,0,1457.0,0.0,0,0
1457.0,J3,75,39.63,0.47,15.0,7.5,1,7.5,0.0,0,1457.0,0.0,0,0
1457.0,J1,75,39.63,0.47,15.0,15.0,2,15.0,0.0,0,1457.0,0.0,0,0
1458.0,J2,76,39.75,0.53,16.0,15.0,2,0.0,15.0,0,1458.0,0.0,0,0
1458.0,J3,76,39.75,0.53,16.0,7.5,1,7.5,0.0,0,1458.0,0.0,0,0
1458.0,J1,76,39.75,0.53,16.0,15.0,2,15.0,0.0,0,1458.0,0.0,0,0
1459.0,J2,76,39.8,0.59,17.0,15.0,2,0.0,15.0,0,1459.0,0.0,0,0
1459.0,J3,76,39.8,0.59,17.0,7.5,1,7.5,0.0,0,1459.0,0.0,0,0
1459.0,J1,76,39.8,0.59,17.0,15.0,2,15.0,0.0,0,1459.0,0.0,0,0
1460.0,J2,76,39.92,0.66,18.0,15.0,2,15.0,0.0,0,1460.0,0.0,0,0
1460.0,J3,76,39.92,0.66,18.0,7.5,1,7.5,0.0,0,1460.0,0.0,0,0
1460.0,J1,76,39.92,0.66,18.0,15.0,2,15.0,0.0,0,1460.0,0.0,0,0
1461.0,J2,77,39.8,0.71,19.0,15.0,2,15.0,0.0,0,1461.0,0.0,0,0
1461.0,J3,77,39.8,0.71,19.0,7.5,1,7.5,0.0,0,1461.0,0.0,0,0
1461.0,J1,77,39.8,0.71,19.0,15.0,2,15.0,0.0,0,1461.0,0.0,0,0
1462.0,J2,77,39.63,0.78,20.0,15.0,2,15.0,0.0,0,1462.0,0.0,0,0
1462.0,J3,77,39.63,0.78,20.0,7.5,1,7.5,0.0,0,1462.0,0.0,0,0
1462.0,J1,77,39.63,0.78,20.0,15.0,2,15.0,0.0,0,1462.0,0.0,0,0
1463.0,J2,78,40.02,0.83,21.0,15.0,2,15.0,0.0,0,1463.0,0.0,0,0
1463.0,J3,78,40.02,0.83,21.0,7.5,1,7.5,0.0,0,1463.0,0.0,0,0
1463.0,J1,78,40.02,0.83,21.0,15.0,2,15.0,0.0,0,1463.0,0.0,0,0
1464.0,J2,78,39.93,0.9,22.0,15.0,2,15.0,0.0,0,1464.0,0.0,0,0
1464.0,J3,78,39.93,0.9,22.0,7.5,1,7.5,0.0,0,1464.0,0.0,0,0
1464.0,J1,78,39.93,0.9,22.0,15.0,2,15.0,0.0,0,1464.0,0.0,0,0
1465.0,J2,78,40.08,0.96,23.0,15.0,2,15.0,0.0,0,1465.0,0.0,0,0
1465.0,J3,78,40.08,0.96,23.0,7.5,1,7.5,0.0,0,1465.0,0.0,0,0
1465.0,J1,78,40.08,0.96,23.0,15.0,2,15.0,0.0,0,1465.0,0.0,0,0
1466.0,J2,80,40.05,1.0,24.0,15.0,2,15.0,0.0,0,1466.0,0.0,0,0
1466.0,J3,80,40.05,1.0,24.0,7.5,1,7.5,0.0,0,1466.0,0.0,0,0
1466.0,J1,80,40.05,1.0,24.0,15.0,2,15.0,0.0,0,1466.0,0.0,0,0
1467.0,J2,80,39.93,1.06,25.0,15.0,2,15.0,0.0,0,1467.0,0.0,0,0
1467.0,J3,80,39.93,1.06,25.0,7.5,1,7.5,0.0,0,1467.0,0.0,0,0
1467.0,J1,80,39.93,1.06,25.0,15.0,2,15.0,0.0,0,1467.0,0.0,0,0
1468.0,J2,80,39.72,1.12,26.0,15.0,2,15.0,0.0,0,1468.0,0.0,0,0
1468.0,J3,80,39.72,1.12,26.0,7.5,1,7.5,0.0,0,1468.0,0.0,0,0
1468.0,J1,80,39.72,1.12,26.0,15.0,2,15.0,0.0,0,1468.0,0.0,0,0
1469.0,J2,80,39.33,1.19,27.0,15.0,2,15.0,0.0,0,1469.0,0.0,0,0
1469.0,J3,80,39.33,1.19,27.0,7.5,1,7.5,0.0,0,1469.0,0.0,0,0
1469.0,J1,80,39.33,1.19,27.0,15.0,2,15.0,0.0,0,1469.0,0.0,0,0
6.0,J2,4,45.08,0.0,0.0,0.0,0,0.0,0.0,0,6.0,45.0,1,1
6.0,J3,4,45.08,0.0,0.0,0.0,0,0.0,0.0,0,6.0,22.5,0,1
6.0,J1,4,45.08,0.0,0.0,0.0,0,0.0,0.0,0,6.0,7.5,0,1
7.0,J2,4,44.45,0.0,0.0,0.0,0,0.0,0.0,0,7.0,45.0,1,1
7.0,J3,4,44.45,0.0,0.0,0.0,0,0.0,0.0,0,7.0,22.5,0,1
7.0,J1,4,44.45,0.0,0.0,0.0,0,0.0,0.0,0,7.0,7.5,0,1
8.0,J2,5,44.61,0.0,0.0,0.0,0,0.0,0.0,0,8.0,45.0,1,1
8.0,J3,5,44.61,0.0,0.0,0.0,0,0.0,0.0,0,8.0,22.5,0,1
8.0,J1,5,44.61,0.0,0.0,0.0,0,0.0,0.0,0,8.0,7.5,0,1
9.0,J2,5,44.64,0.0,0.0,0.0,0,0.0,0.0,0,9.0,45.0,1,1
9.0,J3,5,44.64,0.0,0.0,0.0,0,0.0,0.0,0,9.0,22.5,0,1
9.0,J1,5,44.64,0.0,0.0,0.0,0,0.0,0.0,0,9.0,7.5,0,1
10.0,J2,5,44.33,0.0,0.0,0.0,0,0.0,0.0,0,10.0,45.0,1,1
10.0,J3,5,44.33,0.0,0.0,0.0,0,0.0,0.0,0,10.0,22.5,0,1
10.0,J1,5,44.33,0.0,0.0,0.0,0,0.0,0.0,0,10.0,7.5,0,1
11.0,J2,7,44.97,0.0,0.0,0.0,0,0.0,0.0,0,11.0,45.0,1,1
11.0,J3,7,44.97,0.0,0.0,0.0,0,0.0,0.0,0,11.0,22.5,0,1
11.0,J1,7,44.97,0.0,0.0,0.0,0,0.0,0.0,0,11.0,7.5,0,1
12.0,J2,8,44.96,0.0,0.0,0.0,0,0.0,0.0,0,12.0,45.0,1,1
12.0,J3,8,44.96,0.0,0.0,0.0,0,0.0,0.0,0,12.0,22.5,0,1
12.0,J1,8,44.96,0.0,0.0,0.0,0,0.0,0.0,0,12.0,7.5,0,1
13.0,J2,8,44.63,0.0,0.0,0.0,0,0.0,0.0,0,13.0,45.0,1,1
13.0,J3,8,44.63,0.0,0.0,0.0,0,0.0,0.0,0,13.0,22.5,0,1
13.0,J1,8,44.63,0.0,0.0,0.0,0,0.0,0.0,0,13.0,7.5,0,1
14.0,J2,9,44.43,0.0,0.0,0.0,0,0.0,0.0,0,14.0,45.0,1,1
14.0,J3,9,44.43,0.0,0.0,0.0,0,0.0,0.0,0,14.0,30.0,0,1
14.0,J1,9,44.43,0.0,0.0,0.0,0,0.0,0.0,0,14.0,7.5,0,1
15.0,J2,9,43.93,0.0,0.0,0.0,0,0.0,0.0,0,15.0,45.0,1,1
15.0,J3,9,43.93,0.0,0.0,0.0,0,0.0,0.0,0,15.0,30.0,0,1
15.0,J1,9,43.93,0.0,0.0,0.0,0,0.0,0.0,0,15.0,7.5,0,1
16.0,J2,9,44.4,0.0,0.0,0.0,0,0.0,0.0,0,16.0,22.5,0,1
16.0,J3,9,44.4,0.0,0.0,0.0,0,0.0,0.0,0,16.0,0.0,0,1
16.0,J1,9,44.4,0.0,0.0,0.0,0,0.0,0.0,0,16.0,7.5,0,1
17.0,J2,11,45.13,0.0,0.0,0.0,0,0.0,0.0,0,17.0,0.0,0,1
17.0,J3,11,45.13,0.0,0.0,0.0,0,0.0,0.0,0,17.0,0.0,0,1
17.0,J1,11,45.13,0.0,0.0,0.0,0,0.0,0.0,0,17.0,22.5,0,1
18.0,J2,12,44.93,0.0,0.0,0.0,0,0.0,0.0,0,18.0,7.5,0,1
18.0,J3,12,44.93,0.0,0.0,0.0,0,0.0,0.0,0,18.0,15.0,0,1
18.0,J1,12,44.93,0.0,0.0,0.0,0,0.0,0.0,0,18.0,22.5,0,1
19.0,J2,12,44.59,0.0,0.0,0.0,0,0.0,0.0,0,19.0,15.0,0,1
19.0,J3,12,44.59,0.0,0.0,0.0,0,0.0,0.0,0,19.0,22.5,0,1
19.0,J1,12,44.59,0.0,0.0,0.0,0,0.0,0.0,0,19.0,30.0,0,1
20.0,J2,13,44.08,0.0,0.0,0.0,0,0.0,0.0,0,20.0,30.0,0,1
20.0,J3,13,44.08,0.0,0.0,0.0,0,0.0,0.0,0,20.0,30.0,0,1
20.0,J1,13,44.08,0.0,0.0,0.0,0,0.0,0.0,0,20.0,37.5,1,1
21.0,J2,13,44.64,0.0,0.0,0.0,0,0.0,0.0,0,21.0,30.0,0,1
21.0,J3,13,44.64,0.0,0.0,0.0,0,0.0,0.0,0,21.0,30.0,0,1
21.0,J1,13,44.64,0.0,0.0,0.0,0,0.0,0.0,0,21.0,45.0,1,1
22.0,J2,13,43.88,0.0,0.0,0.0,0,0.0,0.0,0,22.0,52.5,1,1
22.0,J3,13,43.88,0.0,0.0,0.0,0,0.0,0.0,0,22.0,37.5,1,1
22.0,J1,13,43.88,0.0,0.0,0.0,0,0.0,0.0,0,22.0,52.5,1,1
23.0,J2,14,43.73,0.0,0.0,0.0,0,0.0,0.0,0,23.0,67.5,1,1
23.0,J3,14,43.73,0.0,0.0,0.0,0,0.0,0.0,0,23.0,37.5,1,1
23.0,J1,14,43.73,0.0,0.0,0.0,0,0.0,0.0,0,23.0,60.0,1,1
24.0,J2,15,43.87,0.0,0.0,0.0,0,0.0,0.0,0,24.0,67.5,1,1
24.0,J3,15,43.87,0.0,0.0,0.0,0,0.0,0.0,0,24.0,37.5,1,1
24.0,J1,15,43.87,0.0,0.0,0.0,0,0.0,0.0,0,24.0,67.5,1,1
25.0,J2,15,44.13,0.0,0.0,0.0,0,0.0,0.0,0,25.0,82.5,1,1
25.0,J3,15,44.13,0.0,0.0,0.0,0,0.0,0.0,0,25.0,45.0,1,1
25.0,J1,15,44.13,0.0,0.0,0.0,0,0.0,0.0,0,25.0,67.5,1,1
26.0,J2,15,44.82,0.0,0.0,0.0,0,0.0,0.0,0,26.0,82.5,1,1
26.0,J3,15,44.82,0.0,0.0,0.0,0,0.0,0.0,0,26.0,45.0,1,1
26.0,J1,15,44.82,0.0,0.0,0.0,0,0.0,0.0,0,26.0,82.5,1,1
27.0,J2,15,44.54,0.0,0.0,0.0,0,0.0,0.0,0,27.0,90.0,1,1
27.0,J3,15,44.54,0.0,0.0,0.0,0,0.0,0.0,0,27.0,45.0,1,1
27.0,J1,15,44.54,0.0,0.0,0.0,0,0.0,0.0,0,27.0,82.5,1,1
28.0,J2,15,43.67,0.0,0.0,0.0,0,0.0,0.0,0,28.0,90.0,1,1
28.0,J3,15,43.67,0.0,0.0,0.0,0,0.0,0.0,0,28.0,52.5,1,1
28.0,J1,15,43.67,0.0,0.0,0.0,0,0.0,0.0,0,28.0,82.5,1,1
29.0,J2,15,43.8,0.0,0.0,0.0,0,0.0,0.0,0,29.0,105.0,1,1
29.0,J3,15,43.8,0.0,0.0,0.0,0,0.0,0.0,0,29.0,60.0,1,1
29.0,J1,15,43.8,0.0,0.0,0.0,0,0.0,0.0,0,29.0,82.5,1,1
30.0,J2,15,43.64,0.0,0.0,0.0,0,0.0,0.0,0,30.0,105.0,1,1
30.0,J3,15,43.64,0.0,0.0,0.0,0,0.0,0.0,0,30.0,67.5,1,1
30.0,J1,15,43.64,0.0,0.0,0.0,0,0.0,0.0,0,30.0,82.5,1,1
31.0,J2,15,43.65,0.0,0.0,0.0,0,0.0,0.0,0,31.0,105.0,1,1
31.0,J3,15,43.65,0.0,0.0,0.0,0,0.0,0.0,0,31.0,67.5,1,1
31.0,J1,15,43.65,0.0,0.0,0.0,0,0.0,0.0,0,31.0,82.5,1,1
32.0,J2,17,44.46,0.0,0.0,0.0,0,0.0,0.0,0,32.0,112.5,1,1
32.0,J3,17,44.46,0.0,0.0,0.0,0,0.0,0.0,0,32.0,67.5,1,1
32.0,J1,17,44.46,0.0,0.0,0.0,0,0.0,0.0,0,32.0,82.5,1,1
33.0,J2,18,44.16,0.0,0.0,0.0,0,0.0,0.0,0,33.0,112.5,1,1
33.0,J3,18,44.16,0.0,0.0,0.0,0,0.0,0.0,0,33.0,67.5,1,1
33.0,J1,18,44.16,0.0,0.0,0.0,0,0.0,0.0,0,33.0,90.0,1,1
34.0,J2,18,44.49,0.0,0.0,0.0,0,0.0,0.0,0,34.0,112.5,1,1
34.0,J3,18,44.49,0.0,0.0,0.0,0,0.0,0.0,0,34.0,67.5,1,1
34.0,J1,18,44.49,0.0,0.0,0.0,0,0.0,0.0,0,34.0,90.0,1,1
35.0,J2,18,44.11,0.0,0.0,0.0,0,0.0,0.0,0,35.0,112.5,1,1
35.0,J3,18,44.11,0.0,0.0,0.0,0,0.0,0.0,0,35.0,67.5,1,1
35.0,J1,18,44.11,0.0,0.0,0.0,0,0.0,0.0,0,35.0,90.0,1,1
36.0,J2,18,44.02,0.0,0.0,0.0,0,0.0,0.0,0,36.0,112.5,1,1
36.0,J3,18,44.02,0.0,0.0,0.0,0,0.0,0.0,0,36.0,67.5,1,1
36.0,J1,18,44.02,0.0,0.0,0.0,0,0.0,0.0,0,36.0,90.0,1,1
37.0,J2,18,44.2,0.0,0.0,0.0,0,0.0,0.0,0,37.0,120.0,1,1
37.0,J3,18,44.2,0.0,0.0,0.0,0,0.0,0.0,0,37.0,67.5,1,1
37.0,J1,18,44.2,0.0,0.0,0.0,0,0.0,0.0,0,37.0,90.0,1,1
38.0,J2,19,44.53,0.0,0.0,0.0,0,0.0,0.0,0,38.0,120.0,1,1
38.0,J3,19,44.53,0.0,0.0,0.0,0,0.0,0.0,0,38.0,67.5,1,1
38.0,J1,19,44.53,0.0,0.0,0.0,0,0.0,0.0,0,38.0,90.0,1,1
39.0,J2,20,44.39,0.0,0.0,0.0,0,0.0,0.0,0,39.0,120.0,1,1
39.0,J3,20,44.39,0.0,0.0,0.0,0,0.0,0.0,0,39.0,67.5,1,1
39.0,J1,20,44.39,0.0,0.0,0.0,0,0.0,0.0,0,39.0,90.0,1,1
40.0,J2,22,44.45,0.0,0.0,0.0,0,0.0,0.0,0,40.0,120.0,1,1
40.0,J3,22,44.45,0.0,0.0,0.0,0,0.0,0.0,0,40.0,67.5,1,1
40.0,J1,22,44.45,0.0,0.0,0.0,0,0.0,0.0,0,40.0,97.5,1,1
41.0,J2,24,44.5,0.0,0.0,0.0,0,0.0,0.0,0,41.0,120.0,1,1
41.0,J3,24,44.5,0.0,0.0,0.0,0,0.0,0.0,0,41.0,67.5,1,1
41.0,J1,24,44.5,0.0,0.0,0.0,0,0.0,0.0,0,41.0,97.5,1,1
42.0,J2,25,44.13,0.0,0.0,0.0,0,0.0,0.0,0,42.0,120.0,1,1
42.0,J3,25,44.13,0.0,0.0,0.0,0,0.0,0.0,0,42.0,75.0,1,1
42.0,J1,25,44.13,0.0,0.0,0.0,0,0.0,0.0,0,42.0,97.5,1,1
43.0,J2,27,44.07,0.0,0.0,0.0,0,0.0,0.0,1,43.0,127.5,1,1
43.0,J3,27,44.07,0.0,0.0,0.0,0,0.0,0.0,1,43.0,82.5,1,1
43.0,J1,27,44.07,0.0,0.0,0.0,0,0.0,0.0,1,43.0,97.5,1,1
44.0,J2,27,44.55,0.0,0.0,0.0,0,0.0,0.0,1,44.0,127.5,1,1
44.0,J3,27,44.55,0.0,0.0,0.0,0,0.0,0.0,1,44.0,90.0,1,1
44.0,J1,27,44.55,0.0,0.0,0.0,0,0.0,0.0,1,44.0,97.5,1,1
45.0,J2,28,44.29,0.0,0.0,0.0,0,0.0,0.0,1,45.0,135.0,1,1
45.0,J3,28,44.29,0.0,0.0,0.0,0,0.0,0.0,1,45.0,90.0,1,1
45.0,J1,28,44.29,0.0,0.0,0.0,0,0.0,0.0,1,45.0,97.5,1,1
46.0,J2,29,44.47,0.0,0.0,0.0,0,0.0,0.0,2,46.0,135.0,1,1
46.0,J3,29,44.47,0.0,0.0,0.0,0,0.0,0.0,2,46.0,90.0,1,1
46.0,J1,29,44.47,0.0,0.0,0.0,0,0.0,0.0,2,46.0,105.0,1,1
47.0,J2,30,44.9,0.0,0.0,0.0,0,0.0,0.0,2,47.0,142.5,1,1
47.0,J3,30,44.9,0.0,0.0,0.0,0,0.0,0.0,2,47.0,90.0,1,1
47.0,J1,30,44.9,0.0,0.0,0.0,0,0.0,0.0,2,47.0,105.0,1,1
48.0,J2,30,44.89,0.0,0.0,0.0,0,0.0,0.0,2,48.0,142.5,1,1
48.0,J3,30,44.89,0.0,0.0,0.0,0,0.0,0.0,2,48.0,90.0,1,1
48.0,J1,30,44.89,0.0,0.0,0.0,0,0.0,0.0,2,48.0,105.0,1,1
49.0,J2,30,44.71,0.0,0.0,0.0,0,0.0,0.0,2,49.0,142.5,1,1
49.0,J3,30,44.71,0.0,0.0,0.0,0,0.0,0.0,2,49.0,97.5,1,1
49.0,J1,30,44.71,0.0,0.0,0.0,0,0.0,0.0,2,49.0,105.0,1,1
50.0,J2,30,44.79,0.0,0.0,0.0,0,0.0,0.0,2,50.0,142.5,1,1
50.0,J3,30,44.79,0.0,0.0,0.0,0,0.0,0.0,2,50.0,97.5,1,1
50.0,J1,30,44.79,0.0,0.0,0.0,0,0.0,0.0,2,50.0,112.5,1,1
51.0,J2,32,45.07,0.0,0.0,0.0,0,0.0,0.0,2,51.0,142.5,1,1
51.0,J3,32,45.07,0.0,0.0,0.0,0,0.0,0.0,2,51.0,90.0,1,1
51.0,J1,32,45.07,0.0,0.0,0.0,0,0.0,0.0,2,51.0,112.5,1,1
52.0,J2,32,44.84,0.0,0.0,0.0,0,0.0,0.0,2,52.0,150.0,1,1
52.0,J3,32,44.84,0.0,0.0,0.0,0,0.0,0.0,2,52.0,90.0,1,1
52.0,J1,32,44.84,0.0,0.0,0.0,0,0.0,0.0,2,52.0,120.0,1,1
53.0,J2,32,44.44,0.0,0.0,0.0,0,0.0,0.0,2,53.0,150.0,1,1
53.0,J3,32,44.44,0.0,0.0,0.0,0,0.0,0.0,2,53.0,105.0,1,1
53.0,J1,32,44.44,0.0,0.0,0.0,0,0.0,0.0,2,53.0,127.5,1,1
54.0,J2,32,43.57,0.0,0.0,0.0,0,0.0,0.0,2,54.0,150.0,1,1
54.0,J3,32,43.57,0.0,0.0,0.0,0,0.0,0.0,2,54.0,105.0,1,1
54.0,J1,32,43.57,0.0,0.0,0.0,0,0.0,0.0,2,54.0,127.5,1,1
55.0,J2,32,42.24,0.0,0.0,0.0,0,0.0,0.0,2,55.0,150.0,1,1
55.0,J3,32,42.24,0.0,0.0,0.0,0,0.0,0.0,2,55.0,105.0,1,1
55.0,J1,32,42.24,0.0,0.0,0.0,0,0.0,0.0,2,55.0,127.5,1,1
56.0,J2,33,41.61,0.0,0.0,0.0,0,0.0,0.0,2,56.0,150.0,1,1
56.0,J3,33,41.61,0.0,0.0,0.0,0,0.0,0.0,2,56.0,112.5,1,1
56.0,J1,33,41.61,0.0,0.0,0.0,0,0.0,0.0,2,56.0,127.5,1,1
57.0,J2,33,41.24,0.03,1.0,0.0,0,0.0,0.0,2,57.0,150.0,1,1
57.0,J3,33,41.24,0.03,1.0,0.0,0,0.0,0.0,2,57.0,112.5,1,1
57.0,J1,33,41.24,0.03,1.0,7.5,1,0.0,7.5,2,57.0,127.5,1,1
58.0,J2,34,41.17,0.09,2.0,0.0,0,0.0,0.0,2,58.0,150.0,1,1
58.0,J3,34,41.17,0.09,2.0,0.0,0,0.0,0.0,2,58.0,112.5,1,1
58.0,J1,34,41.17,0.09,2.0,15.0,2,0.0,15.0,2,58.0,127.5,1,1
59.0,J2,34,41.21,0.15,3.0,0.0,0,0.0,0.0,2,59.0,150.0,1,1
59.0,J3,34,41.21,0.15,3.0,0.0,0,0.0,0.0,2,59.0,112.5,1,1
59.0,J1,34,41.21,0.15,3.0,15.0,2,0.0,15.0,2,59.0,135.0,1,1
60.0,J2,34,40.73,0.24,4.0,0.0,0,0.0,0.0,2,60.0,150.0,1,1
60.0,J3,34,40.73,0.24,4.0,0.0,0,0.0,0.0,2,60.0,120.0,1,1
60.0,J1,34,40.73,0.24,4.0,22.5,3,0.0,22.5,2,60.0,150.0,1,1
61.0,J2,34,41.02,0.32,5.0,0.0,0,0.0,0.0,2,61.0,105.0,1,1
61.0,J3,34,41.02,0.32,5.0,0.0,0,0.0,0.0,2,61.0,75.0,1,1
61.0,J1,34,41.02,0.32,5.0,22.5,3,0.0,22.5,2,61.0,105.0,1,1
62.0,J2,35,40.69,0.4,6.0,0.0,0,0.0,0.0,2,62.0,60.0,1,1
62.0,J3,35,40.69,0.4,6.0,0.0,0,0.0,0.0,2,62.0,37.5,1,1
62.0,J1,35,40.69,0.4,6.0,22.5,3,7.5,15.0,2,62.0,67.5,1,1
63.0,J2,36,41.2,0.47,7.0,0.0,0,0.0,0.0,2,63.0,15.0,0,1
63.0,J3,36,41.2,0.47,7.0,0.0,0,0.0,0.0,2,63.0,7.5,0,1
63.0,J1,36,41.2,0.47,7.0,22.5,3,15.0,7.5,2,63.0,45.0,1,1
64.0,J2,36,39.6,0.56,8.0,0.0,0,0.0,0.0,2,64.0,0.0,0,1
64.0,J3,36,39.6,0.56,8.0,0.0,0,0.0,0.0,2,64.0,0.0,0,1
64.0,J1,36,39.6,0.56,8.0,22.5,3,15.0,7.5,2,64.0,22.5,0,1
65.0,J2,36,39.43,0.64,9.0,0.0,0,0.0,0.0,2,65.0,7.5,0,1
65.0,J3,36,39.43,0.64,9.0,0.0,0,0.0,0.0,2,65.0,0.0,0,1
65.0,J1,36,39.43,0.64,9.0,22.5,3,22.5,0.0,2,65.0,7.5,0,1
66.0,J2,36,38.72,0.72,10.0,0.0,0,0.0,0.0,2,66.0,7.5,0,1
66.0,J3,36,38.72,0.72,10.0,0.0,0,0.0,0.0,2,66.0,0.0,0,1
66.0,J1,36,38.72,0.72,10.0,22.5,3,22.5,0.0,2,66.0,7.5,0,1
67.0,J2,36,38.41,0.83,11.0,0.0,0,0.0,0.0,2,67.0,7.5,0,1
67.0,J3,36,38.41,0.83,11.0,0.0,0,0.0,0.0,2,67.0,0.0,0,1
67.0,J1,36,38.41,0.83,11.0,30.0,4,22.5,7.5,2,67.0,7.5,0,1
68.0,J2,37,37.89,0.95,12.0,0.0,0,0.0,0.0,2,68.0,7.5,0,1
68.0,J3,37,37.89,0.95,12.0,0.0,0,0.0,0.0,2,68.0,0.0,0,1
68.0,J1,37,37.89,0.95,12.0,37.5,5,22.5,15.0,2,68.0,7.5,0,1
69.0,J2,37,36.89,1.11,13.0,0.0,0,0.0,0.0,2,69.0,7.5,0,1
69.0,J3,37,36.89,1.11,13.0,0.0,0,0.0,0.0,2,69.0,0.0,0,1
69.0,J1,37,36.89,1.11,13.0,45.0,6,22.5,22.5,2,69.0,7.5,0,1
70.0,J2,37,36.09,1.27,14.0,0.0,0,0.0,0.0,2,70.0,7.5,0,1
70.0,J3,37,36.09,1.27,14.0,0.0,0,0.0,0.0,2,70.0,0.0,0,1
70.0,J1,37,36.09,1.27,14.0,45.0,6,22.5,22.5,2,70.0,7.5,0,1
71.0,J2,39,36.42,1.36,15.0,0.0,0,0.0,0.0,2,71.0,7.5,0,1
71.0,J3,39,36.42,1.36,15.0,0.0,0,0.0,0.0,2,71.0,0.0,0,1
71.0,J1,39,36.42,1.36,15.0,45.0,6,22.5,22.5,2,71.0,7.5,0,1
72.0,J2,39,35.27,1.54,16.0,0.0,0,0.0,0.0,2,72.0,7.5,0,1
72.0,J3,39,35.27,1.54,16.0,7.5,1,0.0,7.5,2,72.0,0.0,0,1
72.0,J1,39,35.27,1.54,16.0,45.0,6,30.0,15.0,2,72.0,7.5,0,1
73.0,J2,40,35.95,1.7,17.0,0.0,0,0.0,0.0,2,73.0,15.0,0,1
73.0,J3,40,35.95,1.7,17.0,7.5,1,0.0,7.5,2,73.0,0.0,0,1
73.0,J1,40,35.95,1.7,17.0,52.5,7,37.5,15.0,2,73.0,7.5,0,1
74.0,J2,40,35.52,1.9,18.0,0.0,0,0.0,0.0,2,74.0,15.0,0,1
74.0,J3,40,35.52,1.9,18.0,7.5,1,0.0,7.5,2,74.0,7.5,0,1
74.0,J1,40,35.52,1.9,18.0,52.5,7,45.0,7.5,2,74.0,7.5,0,1
75.0,J2,40,35.25,2.1,19.0,0.0,0,0.0,0.0,2,75.0,15.0,0,1
75.0,J3,40,35.25,2.1,19.0,7.5,1,0.0,7.5,2,75.0,7.5,0,1
75.0,J1,40,35.25,2.1,19.0,52.5,7,45.0,7.5,2,75.0,7.5,0,1
76.0,J2,41,34.69,2.24,20.0,0.0,0,0.0,0.0,2,76.0,15.0,0,1
76.0,J3,41,34.69,2.24,20.0,7.5,1,0.0,7.5,2,76.0,7.5,0,1
76.0,J1,41,34.69,2.24,20.0,52.5,7,45.0,7.5,2,76.0,7.5,0,1
77.0,J2,41,33.72,2.46,21.0,0.0,0,0.0,0.0,2,77.0,30.0,0,1
77.0,J3,41,33.72,2.46,21.0,7.5,1,7.5,0.0,2,77.0,7.5,0,1
77.0,J1,41,33.72,2.46,21.0,60.0,8,45.0,15.0,2,77.0,7.5,0,1
78.0,J2,44,33.8,2.5,22.0,0.0,0,0.0,0.0,2,78.0,30.0,0,1
78.0,J3,44,33.8,2.5,22.0,7.5,1,7.5,0.0,2,78.0,7.5,0,1
78.0,J1,44,33.8,2.5,22.0,60.0,8,52.5,7.5,2,78.0,7.5,0,1
79.0,J2,45,32.87,2.64,23.0,0.0,0,0.0,0.0,2,79.0,30.0,0,1
79.0,J3,45,32.87,2.64,23.0,7.5,1,7.5,0.0,2,79.0,7.5,0,1
79.0,J1,45,32.87,2.64,23.0,60.0,8,52.5,7.5,2,79.0,7.5,0,1
80.0,J2,45,32.09,2.87,24.0,0.0,0,0.0,0.0,2,80.0,30.0,0,1
80.0,J3,45,32.09,2.87,24.0,7.5,1,7.5,0.0,2,80.0,7.5,0,1
80.0,J1,45,32.09,2.87,24.0,67.5,9,52.5,15.0,2,80.0,7.5,0,1
81.0,J2,45,31.33,3.13,25.0,7.5,1,0.0,7.5,2,81.0,30.0,0,1
81.0,J3,45,31.33,3.13,25.0,7.5,1,7.5,0.0,2,81.0,7.5,0,1
81.0,J1,45,31.33,3.13,25.0,75.0,10,52.5,22.5,2,81.0,7.5,0,1
82.0,J2,45,30.91,3.4,26.0,7.5,1,0.0,7.5,2,82.0,30.0,0,1
82.0,J3,45,30.91,3.4,26.0,7.5,1,7.5,0.0,2,82.0,15.0,0,1
82.0,J1,45,30.91,3.4,26.0,75.0,10,60.0,15.0,2,82.0,7.5,0,1
83.0,J2,46,30.68,3.63,27.0,22.5,3,0.0,22.5,2,83.0,30.0,0,1
83.0,J3,46,30.68,3.63,27.0,7.5,1,7.5,0.0,2,83.0,15.0,0,1
83.0,J1,46,30.68,3.63,27.0,75.0,10,60.0,15.0,2,83.0,7.5,0,1
84.0,J2,46,30.13,3.93,28.0,22.5,3,0.0,22.5,2,84.0,30.0,0,1
84.0,J3,46,30.13,3.93,28.0,7.5,1,7.5,0.0,2,84.0,15.0,0,1
84.0,J1,46,30.13,3.93,28.0,75.0,10,60.0,15.0,2,84.0,7.5,0,1
85.0,J2,46,29.75,4.26,29.0,22.5,3,0.0,22.5,2,85.0,30.0,0,1
85.0,J3,46,29.75,4.26,29.0,15.0,2,7.5,7.5,2,85.0,15.0,0,1
85.0,J1,46,29.75,4.26,29.0,75.0,10,67.5,7.5,2,85.0,7.5,0,1
86.0,J2,45,29.29,4.69,30.0,22.5,3,7.5,15.0,2,86.0,30.0,0,1
86.0,J3,45,29.29,4.69,30.0,15.0,2,7.5,7.5,2,86.0,15.0,0,1
86.0,J1,45,29.29,4.69,30.0,75.0,10,75.0,0.0,2,86.0,7.5,0,1
87.0,J2,45,29.38,5.02,31.0,22.5,3,7.5,15.0,2,87.0,37.5,1,1
87.0,J3,45,29.38,5.02,31.0,15.0,2,7.5,7.5,2,87.0,15.0,0,1
87.0,J1,45,29.38,5.02,31.0,75.0,10,75.0,0.0,2,87.0,15.0,0,1
88.0,J2,46,29.62,5.24,32.0,22.5,3,22.5,0.0,3,88.0,45.0,1,1
88.0,J3,46,29.62,5.24,32.0,15.0,2,7.5,7.5,3,88.0,15.0,0,1
88.0,J1,46,29.62,5.24,32.0,75.0,10,75.0,0.0,3,88.0,15.0,0,1
89.0,J2,47,29.51,5.45,33.0,22.5,3,22.5,0.0,3,89.0,45.0,1,1
89.0,J3,47,29.51,5.45,33.0,15.0,2,7.5,7.5,3,89.0,15.0,0,1
89.0,J1,47,29.51,5.45,33.0,75.0,10,75.0,0.0,3,89.0,15.0,0,1
90.0,J2,48,29.5,5.65,34.0,22.5,3,22.5,0.0,3,90.0,45.0,1,1
90.0,J3,48,29.5,5.65,34.0,15.0,2,15.0,0.0,3,90.0,15.0,0,1
90.0,J1,48,29.5,5.65,34.0,75.0,10,75.0,0.0,3,90.0,15.0,0,1
91.0,J2,48,30.31,2.71,25.0,0.0,0,22.5,-22.5,0,91.0,45.0,1,1
91.0,J3,48,30.31,2.71,25.0,0.0,0,15.0,-15.0,0,91.0,15.0,0,1
91.0,J1,48,30.31,2.71,25.0,60.0,8,75.0,-15.0,0,91.0,15.0,0,1
92.0,J2,46,30.45,1.48,25.0,0.0,0,22.5,-22.5,0,92.0,52.5,1,1
92.0,J3,46,30.45,1.48,25.0,0.0,0,15.0,-15.0,0,92.0,15.0,0,1
92.0,J1,46,30.45,1.48,25.0,37.5,5,75.0,-37.5,0,92.0,15.0,0,1
93.0,J2,46,31.56,0.37,13.0,0.0,0,22.5,-22.5,0,93.0,52.5,1,1
93.0,J3,46,31.56,0.37,13.0,7.5,1,15.0,-7.5,0,93.0,15.0,0,1
93.0,J1,46,31.56,0.37,13.0,15.0,2,75.0,-60.0,0,93.0,15.0,0,1
94.0,J2,46,33.32,0.04,2.0,0.0,0,22.5,-22.5,0,94.0,52.5,1,1
94.0,J3,46,33.32,0.04,2.0,7.5,1,15.0,-7.5,0,94.0,15.0,0,1
94.0,J1,46,33.32,0.04,2.0,0.0,0,75.0,-75.0,0,94.0,15.0,0,1
95.0,J2,45,34.86,0.07,3.0,0.0,0,22.5,-22.5,0,95.0,52.5,1,1
95.0,J3,45,34.86,0.07,3.0,7.5,1,15.0,-7.5,0,95.0,15.0,0,1
95.0,J1,45,34.86,0.07,3.0,0.0,0,75.0,-75.0,0,95.0,15.0,0,1
96.0,J2,45,36.86,0.09,4.0,0.0,0,0.0,0.0,0,96.0,52.5,1,1
96.0,J3,45,36.86,0.09,4.0,7.5,1,0.0,7.5,0,96.0,15.0,0,1
96.0,J1,45,36.86,0.09,4.0,0.0,0,60.0,-60.0,0,96.0,15.0,0,1
97.0,J2,45,38.16,0.11,5.0,0.0,0,0.0,0.0,0,97.0,52.5,1,1
97.0,J3,45,38.16,0.11,5.0,7.5,1,0.0,7.5,0,97.0,15.0,0,1
97.0,J1,45,38.16,0.11,5.0,0.0,0,37.5,-37.5,0,97.0,15.0,0,1
98.0,J2,46,39.45,0.13,6.0,0.0,0,0.0,0.0,0,98.0,52.5,1,1
98.0,J3,46,39.45,0.13,6.0,7.5,1,7.5,0.0,0,98.0,15.0,0,1
98.0,J1,46,39.45,0.13,6.0,0.0,0,15.0,-15.0,0,98.0,30.0,0,1
99.0,J2,47,40.13,0.17,7.0,0.0,0,0.0,0.0,0,99.0,52.5,1,1
99.0,J3,47,40.13,0.17,7.0,7.5,1,7.5,0.0,0,99.0,15.0,0,1
99.0,J1,47,40.13,0.17,7.0,7.5,1,0.0,7.5,0,99.0,37.5,1,1
100.0,J2,47,40.95,0.21,8.0,0.0,0,0.0,0.0,0,100.0,52.5,1,1
100.0,J3,47,40.95,0.21,8.0,7.5,1,7.5,0.0,0,100.0,15.0,0,1
100.0,J1,47,40.95,0.21,8.0,7.5,1,0.0,7.5,0,100.0,37.5,1,1
101.0,J2,47,41.23,0.26,9.0,0.0,0,0.0,0.0,0,101.0,52.5,1,1
101.0,J3,47,41.23,0.26,9.0,7.5,1,7.5,0.0,0,101.0,15.0,0,1
101.0,J1,47,41.23,0.26,9.0,7.5,1,0.0,7.5,0,101.0,37.5,1,1
102.0,J2,47,41.16,0.3,10.0,0.0,0,0.0,0.0,0,102.0,52.5,1,1
102.0,J3,47,41.16,0.3,10.0,7.5,1,7.5,0.0,0,102.0,15.0,0,1
102.0,J1,47,41.16,0.3,10.0,7.5,1,0.0,7.5,0,102.0,37.5,1,1
103.0,J2,47,42.01,0.36,11.0,0.0,0,0.0,0.0,0,103.0,52.5,1,1
103.0,J3,47,42.01,0.36,11.0,7.5,1,7.5,0.0,0,103.0,15.0,0,1
103.0,J1,47,42.01,0.36,11.0,15.0,2,0.0,15.0,0,103.0,37.5,1,1
104.0,J2,46,42.25,0.43,12.0,0.0,0,0.0,0.0,0,104.0,52.5,1,1
104.0,J3,46,42.25,0.43,12.0,7.5,1,7.5,0.0,0,104.0,15.0,0,1
104.0,J1,46,42.25,0.43,12.0,15.0,2,7.5,7.5,0,104.0,37.5,1,1
105.0,J2,47,41.95,0.49,13.0,0.0,0,0.0,0.0,0,105.0,60.0,1,1
105.0,J3,47,41.95,0.49,13.0,7.5,1,7.5,0.0,0,105.0,15.0,0,1
105.0,J1,47,41.95,0.49,13.0,15.0,2,7.5,7.5,0,105.0,37.5,1,1
106.0,J2,47,40.86,0.55,14.0,0.0,0,0.0,0.0,0,106.0,30.0,0,1
106.0,J3,47,40.86,0.55,14.0,7.5,1,7.5,0.0,0,106.0,0.0,0,1
106.0,J1,47,40.86,0.55,14.0,15.0,2,7.5,7.5,0,106.0,7.5,0,1
107.0,J2,48,40.68,0.62,15.0,0.0,0,0.0,0.0,0,107.0,15.0,0,1
107.0,J3,48,40.68,0.62,15.0,7.5,1,7.5,0.0,0,107.0,0.0,0,1
107.0,J1,48,40.68,0.62,15.0,22.5,3,7.5,15.0,0,107.0,7.5,0,1
108.0,J2,48,40.17,0.71,16.0,0.0,0,0.0,0.0,0,108.0,15.0,0,1
108.0,J3,48,40.17,0.71,16.0,7.5,1,7.5,0.0,0,108.0,0.0,0,1
108.0,J1,48,40.17,0.71,16.0,22.5,3,15.0,7.5,0,108.0,7.5,0,1
109.0,J2,51,40.38,0.76,17.0,0.0,0,0.0,0.0,0,109.0,30.0,0,1
109.0,J3,51,40.38,0.76,17.0,7.5,1,7.5,0.0,0,109.0,7.5,0,1
109.0,J1,51,40.38,0.76,17.0,30.0,4,15.0,15.0,0,109.0,15.0,0,1
110.0,J2,51,39.98,0.86,18.0,0.0,0,0.0,0.0,0,110.0,37.5,1,1
110.0,J3,51,39.98,0.86,18.0,7.5,1,7.5,0.0,0,110.0,30.0,0,1
110.0,J1,51,39.98,0.86,18.0,30.0,4,15.0,15.0,0,110.0,22.5,0,1
111.0,J2,52,39.75,0.94,19.0,0.0,0,0.0,0.0,0,111.0,45.0,1,1
111.0,J3,52,39.75,0.94,19.0,7.5,1,7.5,0.0,0,111.0,30.0,0,1
111.0,J1,52,39.75,0.94,19.0,30.0,4,15.0,15.0,0,111.0,30.0,0,1
112.0,J2,54,40.11,1.02,20.0,7.5,1,0.0,7.5,0,112.0,52.5,1,1
112.0,J3,54,40.11,1.02,20.0,7.5,1,7.5,0.0,0,112.0,30.0,0,1
112.0,J1,54,40.11,1.02,20.0,30.0,4,22.5,7.5,0,112.0,37.5,1,1
113.0,J2,55,40.14,1.11,21.0,7.5,1,0.0,7.5,0,113.0,67.5,1,1
113.0,J3,55,40.14,1.11,21.0,7.5,1,7.5,0.0,0,113.0,37.5,1,1
113.0,J1,55,40.14,1.11,21.0,30.0,4,22.5,7.5,0,113.0,37.5,1,1
114.0,J2,53,39.27,1.26,22.0,7.5,1,0.0,7.5,0,114.0,97.5,1,1
114.0,J3,53,39.27,1.26,22.0,7.5,1,7.5,0.0,0,114.0,45.0,1,1
114.0,J1,53,39.27,1.26,22.0,30.0,4,30.0,0.0,0,114.0,37.5,1,1
115.0,J2,55,39.33,1.33,23.0,7.5,1,0.0,7.5,0,115.0,112.5,1,1
115.0,J3,55,39.33,1.33,23.0,7.5,1,7.5,0.0,0,115.0,45.0,1,1
115.0,J1,55,39.33,1.33,23.0,30.0,4,30.0,0.0,0,115.0,45.0,1,1
116.0,J2,55,38.89,1.44,24.0,7.5,1,0.0,7.5,0,116.0,120.0,1,1
116.0,J3,55,38.89,1.44,24.0,7.5,1,7.5,0.0,0,116.0,52.5,1,1
116.0,J1,55,38.89,1.44,24.0,30.0,4,30.0,0.0,0,116.0,45.0,1,1
117.0,J2,55,38.96,1.56,25.0,15.0,2,7.5,7.5,0,117.0,120.0,1,1
117.0,J3,55,38.96,1.56,25.0,7.5,1,7.5,0.0,0,117.0,52.5,1,1
117.0,J1,55,38.96,1.56,25.0,30.0,4,30.0,0.0,0,117.0,45.0,1,1
118.0,J2,54,38.46,1.72,26.0,15.0,2,7.5,7.5,0,118.0,127.5,1,1
118.0,J3,54,38.46,1.72,26.0,7.5,1,7.5,0.0,0,118.0,60.0,1,1
118.0,J1,54,38.46,1.72,26.0,30.0,4,30.0,0.0,0,118.0,60.0,1,1
119.0,J2,54,38.71,1.85,27.0,15.0,2,7.5,7.5,0,119.0,127.5,1,1
119.0,J3,54,38.71,1.85,27.0,7.5,1,7.5,0.0,0,119.0,60.0,1,1
119.0,J1,54,38.71,1.85,27.0,30.0,4,30.0,0.0,0,119.0,60.0,1,1
120.0,J2,54,38.62,1.98,28.0,15.0,2,7.5,7.5,0,120.0,142.5,1,1
120.0,J3,54,38.62,1.98,28.0,7.5,1,7.5,0.0,0,120.0,60.0,1,1
120.0,J1,54,38.62,1.98,28.0,30.0,4,30.0,0.0,0,120.0,60.0,1,1
121.0,J2,54,38.18,2.11,29.0,15.0,2,7.5,7.5,0,121.0,142.5,1,1
121.0,J3,54,38.18,2.11,29.0,7.5,1,7.5,0.0,0,121.0,60.0,1,1
121.0,J1,54,38.18,2.11,29.0,30.0,4,30.0,0.0,0,121.0,60.0,1,1
122.0,J2,55,38.16,2.2,30.0,15.0,2,15.0,0.0,0,122.0,142.5,1,1
122.0,J3,55,38.16,2.2,30.0,7.5,1,7.5,0.0,0,122.0,67.5,1,1
122.0,J1,55,38.16,2.2,30.0,30.0,4,30.0,0.0,0,122.0,60.0,1,1
123.0,J2,57,37.8,2.25,31.0,15.0,2,15.0,0.0,0,123.0,165.0,1,1
123.0,J3,57,37.8,2.25,31.0,7.5,1,7.5,0.0,0,123.0,75.0,1,1
123.0,J1,57,37.8,2.25,31.0,30.0,4,30.0,0.0,0,123.0,60.0,1,1
124.0,J2,57,37.49,2.39,32.0,15.0,2,15.0,0.0,0,124.0,172.5,1,1
124.0,J3,57,37.49,2.39,32.0,15.0,2,7.5,7.5,0,124.0,75.0,1,1
124.0,J1,57,37.49,2.39,32.0,30.0,4,30.0,0.0,0,124.0,60.0,1,1
125.0,J2,58,37.5,2.48,33.0,15.0,2,15.0,0.0,0,125.0,180.0,1,1
125.0,J3,58,37.5,2.48,33.0,15.0,2,7.5,7.5,0,125.0,82.5,1,1
125.0,J1,58,37.5,2.48,33.0,30.0,4,30.0,0.0,0,125.0,60.0,1,1
126.0,J2,57,37.46,2.68,34.0,22.5,3,15.0,7.5,0,126.0,180.0,1,1
126.0,J3,57,37.46,2.68,34.0,15.0,2,7.5,7.5,0,126.0,82.5,1,1
126.0,J1,57,37.46,2.68,34.0,30.0,4,30.0,0.0,0,126.0,60.0,1,1
127.0,J2,57,36.66,2.84,35.0,22.5,3,15.0,7.5,0,127.0,180.0,1,1
127.0,J3,57,36.66,2.84,35.0,15.0,2,7.5,7.5,0,127.0,82.5,1,1
127.0,J1,57,36.66,2.84,35.0,30.0,4,30.0,0.0,0,127.0,60.0,1,1
128.0,J2,57,36.55,3.0,36.0,22.5,3,15.0,7.5,0,128.0,180.0,1,1
128.0,J3,57,36.55,3.0,36.0,15.0,2,7.5,7.5,0,128.0,82.5,1,1
128.0,J1,57,36.55,3.0,36.0,30.0,4,30.0,0.0,0,128.0,60.0,1,1
129.0,J2,57,36.51,3.16,37.0,22.5,3,15.0,7.5,0,129.0,180.0,1,1
129.0,J3,57,36.51,3.16,37.0,15.0,2,15.0,0.0,0,129.0,82.5,1,1
129.0,J1,57,36.51,3.16,37.0,30.0,4,30.0,0.0,0,129.0,60.0,1,1
130.0,J2,58,36.88,3.26,38.0,22.5,3,15.0,7.5,0,130.0,195.0,1,1
130.0,J3,58,36.88,3.26,38.0,15.0,2,15.0,0.0,0,130.0,90.0,1,1
130.0,J1,58,36.88,3.26,38.0,30.0,4,30.0,0.0,0,130.0,67.5,1,1
131.0,J2,60,37.11,3.32,39.0,30.0,4,22.5,7.5,0,131.0,195.0,1,1
131.0,J3,60,37.11,3.32,39.0,15.0,2,15.0,0.0,0,131.0,90.0,1,1
131.0,J1,60,37.11,3.32,39.0,30.0,4,30.0,0.0,0,131.0,67.5,1,1
132.0,J2,61,37.18,3.43,40.0,30.0,4,22.5,7.5,0,132.0,195.0,1,1
132.0,J3,61,37.18,3.43,40.0,15.0,2,15.0,0.0,0,132.0,90.0,1,1
132.0,J1,61,37.18,3.43,40.0,30.0,4,30.0,0.0,0,132.0,67.5,1,1
133.0,J2,61,36.86,3.59,41.0,30.0,4,22.5,7.5,1,133.0,195.0,1,1
133.0,J3,61,36.86,3.59,41.0,15.0,2,15.0,0.0,1,133.0,90.0,1,1
133.0,J1,61,36.86,3.59,41.0,30.0,4,30.0,0.0,1,133.0,67.5,1,1
134.0,J2,61,36.15,3.75,42.0,30.0,4,22.5,7.5,1,134.0,195.0,1,1
134.0,J3,61,36.15,3.75,42.0,15.0,2,15.0,0.0,1,134.0,90.0,1,1
134.0,J1,61,36.15,3.75,42.0,30.0,4,30.0,0.0,1,134.0,67.5,1,1
135.0,J2,61,34.6,3.93,43.0,37.5,5,22.5,15.0,1,135.0,195.0,1,1
135.0,J3,61,34.6,3.93,43.0,15.0,2,15.0,0.0,1,135.0,90.0,1,1
135.0,J1,61,34.6,3.93,43.0,30.0,4,30.0,0.0,1,135.0,67.5,1,1
136.0,J2,61,34.65,0.49,28.0,7.5,1,30.0,-22.5,2,136.0,195.0,1,1
136.0,J3,61,34.65,0.49,28.0,0.0,0,15.0,-15.0,2,136.0,90.0,1,1
136.0,J1,61,34.65,0.49,28.0,7.5,1,30.0,-22.5,2,136.0,75.0,1,1
137.0,J2,61,34.58,0.07,3.0,15.0,2,30.0,-15.0,2,137.0,195.0,1,1
137.0,J3,61,34.58,0.07,3.0,0.0,0,15.0,-15.0,2,137.0,90.0,1,1
137.0,J1,61,34.58,0.07,3.0,0.0,0,30.0,-30.0,2,137.0,75.0,1,1
138.0,J2,62,35.25,0.11,4.0,15.0,2,30.0,-15.0,2,138.0,195.0,1,1
138.0,J3,62,35.25,0.11,4.0,7.5,1,15.0,-7.5,2,138.0,105.0,1,1
138.0,J1,62,35.25,0.11,4.0,0.0,0,30.0,-30.0,2,138.0,82.5,1,1
139.0,J2,65,36.24,0.17,5.0,22.5,3,30.0,-7.5,2,139.0,195.0,1,1
139.0,J3,65,36.24,0.17,5.0,7.5,1,15.0,-7.5,2,139.0,105.0,1,1
139.0,J1,65,36.24,0.17,5.0,0.0,0,30.0,-30.0,2,139.0,82.5,1,1
140.0,J2,65,37.15,0.26,6.0,30.0,4,37.5,-7.5,2,140.0,195.0,1,1
140.0,J3,65,37.15,0.26,6.0,15.0,2,15.0,0.0,2,140.0,112.5,1,1
140.0,J1,65,37.15,0.26,6.0,0.0,0,30.0,-30.0,2,140.0,90.0,1,1
141.0,J2,67,37.87,0.34,7.0,30.0,4,7.5,22.5,2,141.0,202.5,1,1
141.0,J3,67,37.87,0.34,7.0,15.0,2,0.0,15.0,2,141.0,120.0,1,1
141.0,J1,67,37.87,0.34,7.0,0.0,0,7.5,-7.5,2,141.0,90.0,1,1
142.0,J2,69,38.55,0.43,8.0,37.5,5,15.0,22.5,2,142.0,210.0,1,1
142.0,J3,69,38.55,0.43,8.0,15.0,2,0.0,15.0,2,142.0,120.0,1,1
142.0,J1,69,38.55,0.43,8.0,0.0,0,0.0,0.0,2,142.0,105.0,1,1
143.0,J2,69,38.04,0.54,9.0,37.5,5,15.0,22.5,2,143.0,217.5,1,1
143.0,J3,69,38.04,0.54,9.0,15.0,2,7.5,7.5,2,143.0,127.5,1,1
143.0,J1,69,38.04,0.54,9.0,0.0,0,0.0,0.0,2,143.0,105.0,1,1
144.0,J2,69,37.72,0.65,10.0,45.0,6,22.5,22.5,2,144.0,202.5,1,1
144.0,J3,69,37.72,0.65,10.0,15.0,2,7.5,7.5,2,144.0,135.0,1,1
144.0,J1,69,37.72,0.65,10.0,0.0,0,0.0,0.0,2,144.0,112.5,1,1
145.0,J2,69,37.15,0.78,11.0,52.5,7,30.0,22.5,2,145.0,217.5,1,1
145.0,J3,69,37.15,0.78,11.0,15.0,2,15.0,0.0,2,145.0,135.0,1,1
145.0,J1,69,37.15,0.78,11.0,0.0,0,0.0,0.0,2,145.0,120.0,1,1
146.0,J2,69,36.94,0.93,12.0,60.0,8,30.0,30.0,2,146.0,217.5,1,1
146.0,J3,69,36.94,0.93,12.0,15.0,2,15.0,0.0,2,146.0,142.5,1,1
146.0,J1,69,36.94,0.93,12.0,0.0,0,0.0,0.0,2,146.0,127.5,1,1
147.0,J2,70,36.68,1.09,13.0,75.0,10,37.5,37.5,2,147.0,217.5,1,1
147.0,J3,70,36.68,1.09,13.0,15.0,2,15.0,0.0,2,147.0,142.5,1,1
147.0,J1,70,36.68,1.09,13.0,0.0,0,0.0,0.0,2,147.0,127.5,1,1
148.0,J2,72,36.9,1.24,14.0,75.0,10,37.5,37.5,2,148.0,225.0,1,1
148.0,J3,72,36.9,1.24,14.0,15.0,2,15.0,0.0,2,148.0,150.0,1,1
148.0,J1,72,36.9,1.24,14.0,7.5,1,0.0,7.5,2,148.0,127.5,1,1
149.0,J2,72,36.52,1.42,15.0,75.0,10,45.0,30.0,2,149.0,225.0,1,1
149.0,J3,72,36.52,1.42,15.0,15.0,2,15.0,0.0,2,149.0,157.5,1,1
149.0,J1,72,36.52,1.42,15.0,7.5,1,0.0,7.5,2,149.0,127.5,1,1
150.0,J2,74,36.62,1.55,16.0,75.0,10,52.5,22.5,2,150.0,225.0,1,1
150.0,J3,74,36.62,1.55,16.0,15.0,2,15.0,0.0,2,150.0,157.5,1,1
150.0,J1,74,36.62,1.55,16.0,7.5,1,0.0,7.5,2,150.0,127.5,1,1
151.0,J2,75,36.96,1.71,17.0,75.0,10,60.0,15.0,2,151.0,180.0,1,1
151.0,J3,75,36.96,1.71,17.0,15.0,2,15.0,0.0,2,151.0,112.5,1,1
151.0,J1,75,36.96,1.71,17.0,7.5,1,0.0,7.5,2,151.0,82.5,1,1
152.0,J2,75,36.53,1.88,18.0,75.0,10,75.0,0.0,2,152.0,142.5,1,1
152.0,J3,75,36.53,1.88,18.0,15.0,2,15.0,0.0,2,152.0,75.0,1,1
152.0,J1,75,36.53,1.88,18.0,7.5,1,0.0,7.5,2,152.0,45.0,1,1
153.0,J2,76,36.42,2.04,19.0,75.0,10,75.0,0.0,2,153.0,97.5,1,1
153.0,J3,76,36.42,2.04,19.0,22.5,3,15.0,7.5,2,153.0,30.0,0,1
153.0,J1,76,36.42,2.04,19.0,7.5,1,7.5,0.0,2,153.0,7.5,0,1
154.0,J2,77,36.21,2.19,20.0,75.0,10,75.0,0.0,2,154.0,60.0,1,1
154.0,J3,77,36.21,2.19,20.0,22.5,3,15.0,7.5,2,154.0,0.0,0,1
154.0,J1,77,36.21,2.19,20.0,7.5,1,7.5,0.0,2,154.0,0.0,0,1
155.0,J2,78,36.27,2.35,21.0,75.0,10,75.0,0.0,2,155.0,30.0,0,1
155.0,J3,78,36.27,2.35,21.0,22.5,3,15.0,7.5,2,155.0,0.0,0,1
155.0,J1,78,36.27,2.35,21.0,7.5,1,7.5,0.0,2,155.0,0.0,0,1
156.0,J2,78,36.45,2.53,22.0,75.0,10,75.0,0.0,2,156.0,22.5,0,1
156.0,J3,78,36.45,2.53,22.0,22.5,3,15.0,7.5,2,156.0,0.0,0,1
156.0,J1,78,36.45,2.53,22.0,7.5,1,7.5,0.0,2,156.0,0.0,0,1
157.0,J2,79,36.25,2.68,23.0,82.5,11,75.0,7.5,2,157.0,22.5,0,1
157.0,J3,79,36.25,2.68,23.0,22.5,3,15.0,7.5,2,157.0,0.0,0,1
157.0,J1,79,36.25,2.68,23.0,7.5,1,7.5,0.0,2,157.0,0.0,0,1
158.0,J2,79,35.84,2.87,24.0,82.5,11,75.0,7.5,2,158.0,22.5,0,1
158.0,J3,79,35.84,2.87,24.0,22.5,3,22.5,0.0,2,158.0,0.0,0,1
158.0,J1,79,35.84,2.87,24.0,7.5,1,7.5,0.0,2,158.0,0.0,0,1
159.0,J2,79,35.54,3.06,25.0,82.5,11,75.0,7.5,2,159.0,30.0,0,1
159.0,J3,79,35.54,3.06,25.0,22.5,3,22.5,0.0,2,159.0,0.0,0,1
159.0,J1,79,35.54,3.06,25.0,7.5,1,7.5,0.0,2,159.0,0.0,0,1
160.0,J2,79,35.15,3.27,26.0,90.0,12,75.0,15.0,2,160.0,30.0,0,1
160.0,J3,79,35.15,3.27,26.0,22.5,3,22.5,0.0,2,160.0,0.0,0,1
160.0,J1,79,35.15,3.27,26.0,7.5,1,7.5,0.0,2,160.0,0.0,0,1
161.0,J2,80,34.72,3.42,27.0,90.0,12,75.0,15.0,2,161.0,30.0,0,1
161.0,J3,80,34.72,3.42,27.0,22.5,3,22.5,0.0,2,161.0,0.0,0,1
161.0,J1,80,34.72,3.42,27.0,7.5,1,7.5,0.0,2,161.0,0.0,0,1
162.0,J2,81,33.93,3.58,28.0,90.0,12,82.5,7.5,2,162.0,37.5,1,1
162.0,J3,81,33.93,3.58,28.0,22.5,3,22.5,0.0,2,162.0,0.0,0,1
162.0,J1,81,33.93,3.58,28.0,7.5,1,7.5,0.0,2,162.0,0.0,0,1
163.0,J2,82,33.06,3.73,29.0,90.0,12,82.5,7.5,2,163.0,45.0,1,1
163.0,J3,82,33.06,3.73,29.0,22.5,3,22.5,0.0,2,163.0,7.5,0,1
163.0,J1,82,33.06,3.73,29.0,7.5,1,7.5,0.0,2,163.0,7.5,0,1
164.0,J2,84,33.23,3.86,30.0,105.0,14,82.5,22.5,2,164.0,37.5,1,1
164.0,J3,84,33.23,3.86,30.0,22.5,3,22.5,0.0,2,164.0,7.5,0,1
164.0,J1,84,33.23,3.86,30.0,7.5,1,7.5,0.0,2,164.0,7.5,0,1
165.0,J2,86,33.05,4.0,31.0,112.5,15,90.0,22.5,2,165.0,37.5,1,1
165.0,J3,86,33.05,4.0,31.0,30.0,4,22.5,7.5,2,165.0,7.5,0,1
165.0,J1,86,33.05,4.0,31.0,7.5,1,7.5,0.0,2,165.0,7.5,0,1
166.0,J2,86,32.93,4.26,32.0,127.5,17,90.0,37.5,2,166.0,37.5,1,1
166.0,J3,86,32.93,4.26,32.0,30.0,4,22.5,7.5,2,166.0,7.5,0,1
166.0,J1,86,32.93,4.26,32.0,7.5,1,7.5,0.0,2,166.0,7.5,0,1
167.0,J2,87,32.51,4.47,33.0,127.5,17,90.0,37.5,2,167.0,37.5,1,1
167.0,J3,87,32.51,4.47,33.0,37.5,5,22.5,15.0,2,167.0,7.5,0,1
167.0,J1,87,32.51,4.47,33.0,7.5,1,7.5,0.0,2,167.0,7.5,0,1
168.0,J2,87,31.73,4.74,34.0,127.5,17,90.0,37.5,2,168.0,37.5,1,1
168.0,J3,87,31.73,4.74,34.0,37.5,5,22.5,15.0,2,168.0,7.5,0,1
168.0,J1,87,31.73,4.74,34.0,7.5,1,7.5,0.0,2,168.0,7.5,0,1
169.0,J2,87,31.17,5.01,35.0,127.5,17,105.0,22.5,2,169.0,37.5,1,1
169.0,J3,87,31.17,5.01,35.0,45.0,6,22.5,22.5,2,169.0,7.5,0,1
169.0,J1,87,31.17,5.01,35.0,7.5,1,7.5,0.0,2,169.0,7.5,0,1
170.0,J2,85,29.67,5.42,36.0,127.5,17,112.5,15.0,2,170.0,37.5,1,1
170.0,J3,85,29.67,5.42,36.0,52.5,7,30.0,22.5,2,170.0,7.5,0,1
170.0,J1,85,29.67,5.42,36.0,7.5,1,7.5,0.0,2,170.0,15.0,0,1
171.0,J2,85,28.47,5.72,37.0,127.5,17,127.5,0.0,2,171.0,37.5,1,1
171.0,J3,85,28.47,5.72,37.0,52.5,7,30.0,22.5,2,171.0,7.5,0,1
171.0,J1,85,28.47,5.72,37.0,7.5,1,7.5,0.0,2,171.0,15.0,0,1
172.0,J2,85,28.14,6.07,38.0,127.5,17,127.5,0.0,2,172.0,37.5,1,1
172.0,J3,85,28.14,6.07,38.0,75.0,10,37.5,37.5,2,172.0,7.5,0,1
172.0,J1,85,28.14,6.07,38.0,22.5,3,7.5,15.0,2,172.0,15.0,0,1
173.0,J2,85,27.93,6.42,39.0,127.5,17,127.5,0.0,2,173.0,45.0,1,1
173.0,J3,85,27.93,6.42,39.0,75.0,10,37.5,37.5,2,173.0,7.5,0,1
173.0,J1,85,27.93,6.42,39.0,22.5,3,7.5,15.0,2,173.0,22.5,0,1
174.0,J2,86,28.38,6.71,40.0,127.5,17,127.5,0.0,2,174.0,45.0,1,1
174.0,J3,86,28.38,6.71,40.0,75.0,10,45.0,30.0,2,174.0,7.5,0,1
174.0,J1,86,28.38,6.71,40.0,30.0,4,7.5,22.5,2,174.0,22.5,0,1
175.0,J2,89,28.79,6.83,41.0,127.5,17,127.5,0.0,2,175.0,45.0,1,1
175.0,J3,89,28.79,6.83,41.0,75.0,10,52.5,22.5,2,175.0,7.5,0,1
175.0,J1,89,28.79,6.83,41.0,30.0,4,7.5,22.5,2,175.0,22.5,0,1
176.0,J2,88,28.62,7.27,42.0,127.5,17,127.5,0.0,2,176.0,52.5,1,1
176.0,J3,88,28.62,7.27,42.0,75.0,10,52.5,22.5,2,176.0,7.5,0,1
176.0,J1,88,28.62,7.27,42.0,37.5,5,7.5,30.0,2,176.0,22.5,0,1
177.0,J2,86,28.15,7.81,43.0,127.5,17,127.5,0.0,2,177.0,52.5,1,1
177.0,J3,86,28.15,7.81,43.0,75.0,10,75.0,0.0,2,177.0,15.0,0,1
177.0,J1,86,28.15,7.81,43.0,37.5,5,22.5,15.0,2,177.0,22.5,0,1
178.0,J2,82,26.94,8.59,44.0,127.5,17,127.5,0.0,3,178.0,52.5,1,1
178.0,J3,82,26.94,8.59,44.0,75.0,10,75.0,0.0,3,178.0,15.0,0,1
178.0,J1,82,26.94,8.59,44.0,37.5,5,22.5,15.0,3,178.0,22.5,0,1
179.0,J2,83,27.01,8.87,45.0,127.5,17,127.5,0.0,3,179.0,52.5,1,1
179.0,J3,83,27.01,8.87,45.0,75.0,10,75.0,0.0,3,179.0,15.0,0,1
179.0,J1,83,27.01,8.87,45.0,37.5,5,30.0,7.5,3,179.0,22.5,0,1
180.0,J2,82,26.29,9.37,46.0,127.5,17,127.5,0.0,3,180.0,52.5,1,1
180.0,J3,82,26.29,9.37,46.0,75.0,10,75.0,0.0,3,180.0,15.0,0,1
180.0,J1,82,26.29,9.37,46.0,37.5,5,30.0,7.5,3,180.0,22.5,0,1
181.0,J2,82,27.25,5.06,42.0,82.5,11,127.5,-45.0,0,181.0,52.5,1,1
181.0,J3,82,27.25,5.06,42.0,37.5,5,75.0,-37.5,0,181.0,15.0,0,1
181.0,J1,82,27.25,5.06,42.0,7.5,1,37.5,-30.0,0,181.0,22.5,0,1
182.0,J2,83,29.13,2.3,39.0,37.5,5,127.5,-90.0,0,182.0,52.5,1,1
182.0,J3,83,29.13,2.3,39.0,22.5,3,75.0,-52.5,0,182.0,15.0,0,1
182.0,J1,83,29.13,2.3,39.0,0.0,0,37.5,-37.5,0,182.0,22.5,0,1
183.0,J2,84,31.58,0.67,37.0,15.0,2,127.5,-112.5,0,183.0,60.0,1,1
183.0,J3,84,31.58,0.67,37.0,7.5,1,75.0,-67.5,0,183.0,15.0,0,1
183.0,J1,84,31.58,0.67,37.0,0.0,0,37.5,-37.5,0,183.0,22.5,0,1
184.0,J2,86,34.45,0.0,0.0,0.0,0,127.5,-127.5,0,184.0,60.0,1,1
184.0,J3,86,34.45,0.0,0.0,0.0,0,75.0,-75.0,0,184.0,15.0,0,1
184.0,J1,86,34.45,0.0,0.0,0.0,0,37.5,-37.5,0,184.0,22.5,0,1
185.0,J2,86,36.75,0.0,0.0,0.0,0,127.5,-127.5,0,185.0,60.0,1,1
185.0,J3,86,36.75,0.0,0.0,0.0,0,75.0,-75.0,0,185.0,15.0,0,1
185.0,J1,86,36.75,0.0,0.0,0.0,0,37.5,-37.5,0,185.0,22.5,0,1
186.0,J2,86,39.09,0.0,0.0,0.0,0,82.5,-82.5,0,186.0,60.0,1,1
186.0,J3,86,39.09,0.0,0.0,0.0,0,37.5,-37.5,0,186.0,15.0,0,1
186.0,J1,86,39.09,0.0,0.0,0.0,0,7.5,-7.5,0,186.0,22.5,0,1
187.0,J2,84,40.56,0.0,0.0,0.0,0,37.5,-37.5,0,187.0,60.0,1,1
187.0,J3,84,40.56,0.0,0.0,0.0,0,22.5,-22.5,0,187.0,15.0,0,1
187.0,J1,84,40.56,0.0,0.0,0.0,0,0.0,0.0,0,187.0,22.5,0,1
188.0,J2,84,41.86,0.0,0.0,0.0,0,15.0,-15.0,0,188.0,60.0,1,1
188.0,J3,84,41.86,0.0,0.0,0.0,0,7.5,-7.5,0,188.0,15.0,0,1
188.0,J1,84,41.86,0.0,0.0,0.0,0,0.0,0.0,0,188.0,22.5,0,1
189.0,J2,84,42.82,0.0,0.0,0.0,0,0.0,0.0,0,189.0,60.0,1,1
189.0,J3,84,42.82,0.0,0.0,0.0,0,0.0,0.0,0,189.0,15.0,0,1
189.0,J1,84,42.82,0.0,0.0,0.0,0,0.0,0.0,0,189.0,22.5,0,1
190.0,J2,82,43.26,0.0,0.0,0.0,0,0.0,0.0,0,190.0,60.0,1,1
190.0,J3,82,43.26,0.0,0.0,0.0,0,0.0,0.0,0,190.0,15.0,0,1
190.0,J1,82,43.26,0.0,0.0,0.0,0,0.0,0.0,0,190.0,22.5,0,1
191.0,J2,82,43.42,0.01,1.0,7.5,1,0.0,7.5,0,191.0,67.5,1,1
191.0,J3,82,43.42,0.01,1.0,0.0,0,0.0,0.0,0,191.0,15.0,0,1
191.0,J1,82,43.42,0.01,1.0,0.0,0,0.0,0.0,0,191.0,22.5,0,1
192.0,J2,82,43.22,0.02,2.0,7.5,1,0.0,7.5,0,192.0,67.5,1,1
192.0,J3,82,43.22,0.02,2.0,0.0,0,0.0,0.0,0,192.0,15.0,0,1
192.0,J1,82,43.22,0.02,2.0,0.0,0,0.0,0.0,0,192.0,30.0,0,1
193.0,J2,83,43.48,0.04,3.0,7.5,1,0.0,7.5,0,193.0,67.5,1,1
193.0,J3,83,43.48,0.04,3.0,0.0,0,0.0,0.0,0,193.0,15.0,0,1
193.0,J1,83,43.48,0.04,3.0,0.0,0,0.0,0.0,0,193.0,30.0,0,1
194.0,J2,84,43.46,0.05,4.0,7.5,1,0.0,7.5,0,194.0,67.5,1,1
194.0,J3,84,43.46,0.05,4.0,0.0,0,0.0,0.0,0,194.0,15.0,0,1
194.0,J1,84,43.46,0.05,4.0,0.0,0,0.0,0.0,0,194.0,30.0,0,1
195.0,J2,84,43.63,0.07,5.0,15.0,2,0.0,15.0,0,195.0,67.5,1,1
195.0,J3,84,43.63,0.07,5.0,0.0,0,0.0,0.0,0,195.0,15.0,0,1
195.0,J1,84,43.63,0.07,5.0,0.0,0,0.0,0.0,0,195.0,30.0,0,1
196.0,J2,83,43.34,0.1,6.0,15.0,2,7.5,7.5,0,196.0,52.5,1,1
196.0,J3,83,43.34,0.1,6.0,0.0,0,0.0,0.0,0,196.0,0.0,0,1
196.0,J1,83,43.34,0.1,6.0,0.0,0,0.0,0.0,0,196.0,15.0,0,1
197.0,J2,83,43.58,0.12,7.0,15.0,2,7.5,7.5,0,197.0,45.0,1,1
197.0,J3,83,43.58,0.12,7.0,0.0,0,0.0,0.0,0,197.0,7.5,0,1
197.0,J1,83,43.58,0.12,7.0,0.0,0,0.0,0.0,0,197.0,22.5,0,1
198.0,J2,83,43.45,0.14,8.0,15.0,2,7.5,7.5,0,198.0,30.0,0,1
198.0,J3,83,43.45,0.14,8.0,0.0,0,0.0,0.0,0,198.0,7.5,0,1
198.0,J1,83,43.45,0.14,8.0,0.0,0,0.0,0.0,0,198.0,30.0,0,1
199.0,J2,82,43.51,0.17,9.0,15.0,2,7.5,7.5,0,199.0,15.0,0,1
199.0,J3,82,43.51,0.17,9.0,0.0,0,0.0,0.0,0,199.0,15.0,0,1
199.0,J1,82,43.51,0.17,9.0,0.0,0,0.0,0.0,0,199.0,30.0,0,1
200.0,J2,82,42.71,0.2,10.0,15.0,2,15.0,0.0,0,200.0,30.0,0,1
200.0,J3,82,42.71,0.2,10.0,0.0,0,0.0,0.0,0,200.0,37.5,1,1
200.0,J1,82,42.71,0.2,10.0,0.0,0,0.0,0.0,0,200.0,45.0,1,1
201.0,J2,84,42.0,0.23,11.0,15.0,2,15.0,0.0,0,201.0,45.0,1,1
201.0,J3,84,42.0,0.23,11.0,0.0,0,0.0,0.0,0,201.0,45.0,1,1
201.0,J1,84,42.0,0.23,11.0,7.5,1,0.0,7.5,0,201.0,52.5,1,1
202.0,J2,84,41.6,0.26,12.0,15.0,2,15.0,0.0,0,202.0,67.5,1,1
202.0,J3,84,41.6,0.26,12.0,0.0,0,0.0,0.0,0,202.0,52.5,1,1
202.0,J1,84,41.6,0.26,12.0,7.5,1,0.0,7.5,0,202.0,60.0,1,1
203.0,J2,84,41.3,0.31,13.0,15.0,2,15.0,0.0,0,203.0,82.5,1,1
203.0,J3,84,41.3,0.31,13.0,7.5,1,0.0,7.5,0,203.0,60.0,1,1
203.0,J1,84,41.3,0.31,13.0,7.5,1,0.0,7.5,0,203.0,67.5,1,1
204.0,J2,85,40.89,0.38,14.0,22.5,3,15.0,7.5,0,204.0,90.0,1,1
204.0,J3,85,40.89,0.38,14.0,7.5,1,0.0,7.5,0,204.0,60.0,1,1
204.0,J1,85,40.89,0.38,14.0,15.0,2,0.0,15.0,0,204.0,82.5,1,1
205.0,J2,83,40.47,0.47,15.0,30.0,4,15.0,15.0,0,205.0,120.0,1,1
205.0,J3,83,40.47,0.47,15.0,7.5,1,0.0,7.5,0,205.0,75.0,1,1
205.0,J1,83,40.47,0.47,15.0,15.0,2,0.0,15.0,0,205.0,90.0,1,1
206.0,J2,84,40.35,0.55,16.0,30.0,4,15.0,15.0,0,206.0,127.5,1,1
206.0,J3,84,40.35,0.55,16.0,7.5,1,0.0,7.5,0,206.0,75.0,1,1
206.0,J1,84,40.35,0.55,16.0,15.0,2,7.5,7.5,0,206.0,97.5,1,1
207.0,J2,84,40.16,0.64,17.0,30.0,4,15.0,15.0,0,207.0,127.5,1,1
207.0,J3,84,40.16,0.64,17.0,7.5,1,0.0,7.5,0,207.0,75.0,1,1
207.0,J1,84,40.16,0.64,17.0,22.5,3,7.5,15.0,0,207.0,112.5,1,1
208.0,J2,84,40.14,0.74,18.0,30.0,4,15.0,15.0,0,208.0,142.5,1,1
208.0,J3,84,40.14,0.74,18.0,7.5,1,7.5,0.0,0,208.0,75.0,1,1
208.0,J1,84,40.14,0.74,18.0,22.5,3,7.5,15.0,0,208.0,120.0,1,1
209.0,J2,84,39.9,0.85,19.0,30.0,4,22.5,7.5,0,209.0,150.0,1,1
209.0,J3,84,39.9,0.85,19.0,15.0,2,7.5,7.5,0,209.0,82.5,1,1
209.0,J1,84,39.9,0.85,19.0,22.5,3,15.0,7.5,0,209.0,120.0,1,1
210.0,J2,85,39.82,0.94,20.0,30.0,4,30.0,0.0,0,210.0,150.0,1,1
210.0,J3,85,39.82,0.94,20.0,15.0,2,7.5,7.5,0,210.0,82.5,1,1
210.0,J1,85,39.82,0.94,20.0,22.5,3,15.0,7.5,0,210.0,127.5,1,1
211.0,J2,85,39.65,1.05,21.0,30.0,4,30.0,0.0,0,211.0,157.5,1,1
211.0,J3,85,39.65,1.05,21.0,15.0,2,7.5,7.5,0,211.0,90.0,1,1
211.0,J1,85,39.65,1.05,21.0,22.5,3,15.0,7.5,0,211.0,127.5,1,1
212.0,J2,84,39.85,1.17,22.0,30.0,4,30.0,0.0,0,212.0,157.5,1,1
212.0,J3,84,39.85,1.17,22.0,15.0,2,7.5,7.5,0,212.0,97.5,1,1
212.0,J1,84,39.85,1.17,22.0,22.5,3,22.5,0.0,0,212.0,127.5,1,1
213.0,J2,84,39.77,1.29,23.0,30.0,4,30.0,0.0,0,213.0,165.0,1,1
213.0,J3,84,39.77,1.29,23.0,22.5,3,7.5,15.0,0,213.0,105.0,1,1
213.0,J1,84,39.77,1.29,23.0,22.5,3,22.5,0.0,0,213.0,135.0,1,1
214.0,J2,83,39.51,1.42,24.0,30.0,4,30.0,0.0,0,214.0,172.5,1,1
214.0,J3,83,39.51,1.42,24.0,22.5,3,15.0,7.5,0,214.0,105.0,1,1
214.0,J1,83,39.51,1.42,24.0,22.5,3,22.5,0.0,0,214.0,142.5,1,1
215.0,J2,82,39.37,1.56,25.0,30.0,4,30.0,0.0,0,215.0,180.0,1,1
215.0,J3,82,39.37,1.56,25.0,22.5,3,15.0,7.5,0,215.0,105.0,1,1
215.0,J1,82,39.37,1.56,25.0,22.5,3,22.5,0.0,0,215.0,142.5,1,1
216.0,J2,81,39.2,1.7,26.0,30.0,4,30.0,0.0,0,216.0,180.0,1,1
216.0,J3,81,39.2,1.7,26.0,22.5,3,15.0,7.5,0,216.0,112.5,1,1
216.0,J1,81,39.2,1.7,26.0,22.5,3,22.5,0.0,0,216.0,142.5,1,1
217.0,J2,82,39.13,1.8,27.0,30.0,4,30.0,0.0,0,217.0,195.0,1,1
217.0,J3,82,39.13,1.8,27.0,22.5,3,15.0,7.5,0,217.0,112.5,1,1
217.0,J1,82,39.13,1.8,27.0,22.5,3,22.5,0.0,0,217.0,142.5,1,1
218.0,J2,82,38.82,1.93,28.0,30.0,4,30.0,0.0,0,218.0,195.0,1,1
218.0,J3,82,38.82,1.93,28.0,22.5,3,22.5,0.0,0,218.0,120.0,1,1
218.0,J1,82,38.82,1.93,28.0,22.5,3,22.5,0.0,0,218.0,142.5,1,1
219.0,J2,82,38.51,2.05,29.0,30.0,4,30.0,0.0,0,219.0,195.0,1,1
219.0,J3,82,38.51,2.05,29.0,22.5,3,22.5,0.0,0,219.0,120.0,1,1
219.0,J1,82,38.51,2.05,29.0,22.5,3,22.5,0.0,0,219.0,142.5,1,1
220.0,J2,82,38.33,2.18,30.0,37.5,5,30.0,7.5,0,220.0,195.0,1,1
220.0,J3,82,38.33,2.18,30.0,22.5,3,22.5,0.0,0,220.0,127.5,1,1
220.0,J1,82,38.33,2.18,30.0,22.5,3,22.5,0.0,0,220.0,142.5,1,1
221.0,J2,83,37.83,2.29,31.0,37.5,5,30.0,7.5,0,221.0,195.0,1,1
221.0,J3,83,37.83,2.29,31.0,22.5,3,22.5,0.0,0,221.0,127.5,1,1
221.0,J1,83,37.83,2.29,31.0,22.5,3,22.5,0.0,0,221.0,142.5,1,1
222.0,J2,79,36.79,2.54,32.0,37.5,5,30.0,7.5,0,222.0,195.0,1,1
222.0,J3,79,36.79,2.54,32.0,22.5,3,22.5,0.0,0,222.0,127.5,1,1
222.0,J1,79,36.79,2.54,32.0,22.5,3,22.5,0.0,0,222.0,142.5,1,1
223.0,J2,79,35.75,2.7,33.0,37.5,5,30.0,7.5,1,223.0,195.0,1,1
223.0,J3,79,35.75,2.7,33.0,22.5,3,22.5,0.0,1,223.0,127.5,1,1
223.0,J1,79,35.75,2.7,33.0,30.0,4,22.5,7.5,1,223.0,142.5,1,1
224.0,J2,80,33.89,2.84,34.0,45.0,6,30.0,15.0,1,224.0,195.0,1,1
224.0,J3,80,33.89,2.84,34.0,22.5,3,22.5,0.0,1,224.0,135.0,1,1
224.0,J1,80,33.89,2.84,34.0,37.5,5,22.5,15.0,1,224.0,142.5,1,1
225.0,J2,81,31.72,3.0,35.0,52.5,7,37.5,15.0,1,225.0,195.0,1,1
225.0,J3,81,31.72,3.0,35.0,30.0,4,22.5,7.5,1,225.0,142.5,1,1
225.0,J1,81,31.72,3.0,35.0,37.5,5,22.5,15.0,1,225.0,142.5,1,1
226.0,J2,82,30.63,0.43,14.0,22.5,3,37.5,-15.0,2,226.0,195.0,1,1
226.0,J3,82,30.63,0.43,14.0,15.0,2,22.5,-7.5,2,226.0,150.0,1,1
226.0,J1,82,30.63,0.43,14.0,15.0,2,22.5,-7.5,2,226.0,142.5,1,1
227.0,J2,82,30.07,0.13,3.0,30.0,4,37.5,-7.5,2,227.0,202.5,1,1
227.0,J3,82,30.07,0.13,3.0,15.0,2,22.5,-7.5,2,227.0,150.0,1,1
227.0,J1,82,30.07,0.13,3.0,7.5,1,22.5,-15.0,2,227.0,142.5,1,1
228.0,J2,82,30.73,0.21,4.0,45.0,6,37.5,7.5,2,228.0,202.5,1,1
228.0,J3,82,30.73,0.21,4.0,15.0,2,22.5,-7.5,2,228.0,150.0,1,1
228.0,J1,82,30.73,0.21,4.0,7.5,1,30.0,-22.5,2,228.0,157.5,1,1
229.0,J2,82,30.97,0.37,5.0,60.0,8,45.0,15.0,2,229.0,210.0,1,1
229.0,J3,82,30.97,0.37,5.0,22.5,3,22.5,0.0,2,229.0,150.0,1,1
229.0,J1,82,30.97,0.37,5.0,15.0,2,37.5,-22.5,2,229.0,165.0,1,1
230.0,J2,82,30.7,0.54,6.0,67.5,9,52.5,15.0,2,230.0,210.0,1,1
230.0,J3,82,30.7,0.54,6.0,22.5,3,30.0,-7.5,2,230.0,150.0,1,1
230.0,J1,82,30.7,0.54,6.0,15.0,2,37.5,-22.5,2,230.0,165.0,1,1
231.0,J2,83,30.87,0.73,7.0,82.5,11,22.5,60.0,2,231.0,217.5,1,1
231.0,J3,83,30.87,0.73,7.0,30.0,4,15.0,15.0,2,231.0,150.0,1,1
231.0,J1,83,30.87,0.73,7.0,15.0,2,15.0,0.0,2,231.0,172.5,1,1
232.0,J2,84,30.73,0.94,8.0,82.5,11,30.0,52.5,2,232.0,217.5,1,1
232.0,J3,84,30.73,0.94,8.0,30.0,4,15.0,15.0,2,232.0,165.0,1,1
232.0,J1,84,30.73,0.94,8.0,22.5,3,7.5,15.0,2,232.0,172.5,1,1
233.0,J2,84,30.56,1.18,9.0,90.0,12,45.0,45.0,2,233.0,217.5,1,1
233.0,J3,84,30.56,1.18,9.0,37.5,5,15.0,22.5,2,233.0,165.0,1,1
233.0,J1,84,30.56,1.18,9.0,22.5,3,7.5,15.0,2,233.0,172.5,1,1
234.0,J2,88,31.05,1.39,10.0,90.0,12,60.0,30.0,2,234.0,225.0,1,1
234.0,J3,88,31.05,1.39,10.0,52.5,7,22.5,30.0,2,234.0,165.0,1,1
234.0,J1,88,31.05,1.39,10.0,30.0,4,15.0,15.0,2,234.0,172.5,1,1
235.0,J2,88,30.77,1.69,11.0,97.5,13,67.5,30.0,2,235.0,225.0,1,1
235.0,J3,88,30.77,1.69,11.0,75.0,10,22.5,52.5,2,235.0,165.0,1,1
235.0,J1,88,30.77,1.69,11.0,30.0,4,15.0,15.0,2,235.0,172.5,1,1
236.0,J2,89,30.61,1.98,12.0,97.5,13,82.5,15.0,2,236.0,225.0,1,1
236.0,J3,89,30.61,1.98,12.0,75.0,10,30.0,45.0,2,236.0,172.5,1,1
236.0,J1,89,30.61,1.98,12.0,30.0,4,15.0,15.0,2,236.0,172.5,1,1
237.0,J2,89,30.07,2.29,13.0,97.5,13,82.5,15.0,2,237.0,232.5,1,1
237.0,J3,89,30.07,2.29,13.0,82.5,11,30.0,52.5,2,237.0,180.0,1,1
237.0,J1,89,30.07,2.29,13.0,30.0,4,22.5,7.5,2,237.0,180.0,1,1
238.0,J2,91,29.91,2.55,14.0,97.5,13,90.0,7.5,2,238.0,232.5,1,1
238.0,J3,91,29.91,2.55,14.0,82.5,11,37.5,45.0,2,238.0,180.0,1,1
238.0,J1,91,29.91,2.55,14.0,30.0,4,22.5,7.5,2,238.0,180.0,1,1
239.0,J2,93,29.64,2.8,15.0,97.5,13,90.0,7.5,2,239.0,232.5,1,1
239.0,J3,93,29.64,2.8,15.0,82.5,11,52.5,30.0,2,239.0,180.0,1,1
239.0,J1,93,29.64,2.8,15.0,30.0,4,30.0,0.0,2,239.0,180.0,1,1
240.0,J2,94,29.83,3.07,16.0,97.5,13,97.5,0.0,2,240.0,232.5,1,1
240.0,J3,94,29.83,3.07,16.0,82.5,11,75.0,7.5,2,240.0,180.0,1,1
240.0,J1,94,29.83,3.07,16.0,37.5,5,30.0,7.5,2,240.0,187.5,1,1
241.0,J2,94,29.5,3.41,17.0,112.5,15,97.5,15.0,2,241.0,187.5,1,1
241.0,J3,94,29.5,3.41,17.0,82.5,11,75.0,7.5,2,241.0,142.5,1,1
241.0,J1,94,29.5,3.41,17.0,45.0,6,30.0,15.0,2,241.0,142.5,1,1
242.0,J2,94,29.26,3.76,18.0,112.5,15,97.5,15.0,2,242.0,142.5,1,1
242.0,J3,94,29.26,3.76,18.0,82.5,11,82.5,0.0,2,242.0,97.5,1,1
242.0,J1,94,29.26,3.76,18.0,45.0,6,30.0,15.0,2,242.0,97.5,1,1
243.0,J2,94,28.91,4.1,19.0,112.5,15,97.5,15.0,2,243.0,97.5,1,1
243.0,J3,94,28.91,4.1,19.0,82.5,11,82.5,0.0,2,243.0,52.5,1,1
243.0,J1,94,28.91,4.1,19.0,45.0,6,30.0,15.0,2,243.0,60.0,1,1
244.0,J2,94,28.7,4.44,20.0,112.5,15,97.5,15.0,2,244.0,60.0,1,1
244.0,J3,94,28.7,4.44,20.0,82.5,11,82.5,0.0,2,244.0,22.5,0,1
244.0,J1,94,28.7,4.44,20.0,45.0,6,30.0,15.0,2,244.0,45.0,1,1
245.0,J2,94,28.44,4.79,21.0,120.0,16,97.5,22.5,2,245.0,22.5,0,1
245.0,J3,94,28.44,4.79,21.0,82.5,11,82.5,0.0,2,245.0,15.0,0,1
245.0,J1,94,28.44,4.79,21.0,45.0,6,37.5,7.5,2,245.0,22.5,0,1
246.0,J2,94,27.96,5.15,22.0,127.5,17,112.5,15.0,2,246.0,7.5,0,1
246.0,J3,94,27.96,5.15,22.0,82.5,11,82.5,0.0,2,246.0,15.0,0,1
246.0,J1,94,27.96,5.15,22.0,45.0,6,45.0,0.0,2,246.0,7.5,0,1
247.0,J2,95,28.06,5.45,23.0,127.5,17,112.5,15.0,2,247.0,0.0,0,1
247.0,J3,95,28.06,5.45,23.0,82.5,11,82.5,0.0,2,247.0,15.0,0,1
247.0,J1,95,28.06,5.45,23.0,45.0,6,45.0,0.0,2,247.0,7.5,0,1
248.0,J2,95,27.3,5.83,24.0,135.0,18,112.5,22.5,2,248.0,0.0,0,1
248.0,J3,95,27.3,5.83,24.0,82.5,11,82.5,0.0,2,248.0,15.0,0,1
248.0,J1,95,27.3,5.83,24.0,52.5,7,45.0,7.5,2,248.0,7.5,0,1
249.0,J2,95,27.16,6.21,25.0,135.0,18,112.5,22.5,2,249.0,0.0,0,1
249.0,J3,95,27.16,6.21,25.0,82.5,11,82.5,0.0,2,249.0,15.0,0,1
249.0,J1,95,27.16,6.21,25.0,52.5,7,45.0,7.5,2,249.0,15.0,0,1
250.0,J2,96,27.33,6.53,26.0,142.5,19,120.0,22.5,2,250.0,7.5,0,1
250.0,J3,96,27.33,6.53,26.0,82.5,11,82.5,0.0,2,250.0,15.0,0,1
250.0,J1,96,27.33,6.53,26.0,52.5,7,45.0,7.5,2,250.0,15.0,0,1
251.0,J2,97,27.2,6.86,27.0,150.0,20,127.5,22.5,2,251.0,7.5,0,1
251.0,J3,97,27.2,6.86,27.0,82.5,11,82.5,0.0,2,251.0,15.0,0,1
251.0,J1,97,27.2,6.86,27.0,52.5,7,45.0,7.5,2,251.0,22.5,0,1
252.0,J2,98,27.36,7.18,28.0,157.5,21,127.5,30.0,2,252.0,0.0,0,1
252.0,J3,98,27.36,7.18,28.0,82.5,11,82.5,0.0,2,252.0,15.0,0,1
252.0,J1,98,27.36,7.18,28.0,52.5,7,45.0,7.5,2,252.0,22.5,0,1
253.0,J2,98,27.38,7.58,29.0,157.5,21,135.0,22.5,2,253.0,0.0,0,1
253.0,J3,98,27.38,7.58,29.0,82.5,11,82.5,0.0,2,253.0,15.0,0,1
253.0,J1,98,27.38,7.58,29.0,52.5,7,52.5,0.0,2,253.0,30.0,0,1
254.0,J2,99,27.06,7.9,30.0,157.5,21,135.0,22.5,2,254.0,0.0,0,1
254.0,J3,99,27.06,7.9,30.0,82.5,11,82.5,0.0,2,254.0,15.0,0,1
254.0,J1,99,27.06,7.9,30.0,52.5,7,52.5,0.0,2,254.0,30.0,0,1
255.0,J2,99,26.61,8.29,31.0,157.5,21,142.5,15.0,2,255.0,0.0,0,1
255.0,J3,99,26.61,8.29,31.0,82.5,11,82.5,0.0,2,255.0,15.0,0,1
255.0,J1,99,26.61,8.29,31.0,52.5,7,52.5,0.0,2,255.0,30.0,0,1
256.0,J2,99,25.99,8.69,32.0,157.5,21,150.0,7.5,2,256.0,15.0,0,1
256.0,J3,99,25.99,8.69,32.0,82.5,11,82.5,0.0,2,256.0,15.0,0,1
256.0,J1,99,25.99,8.69,32.0,52.5,7,52.5,0.0,2,256.0,30.0,0,1
257.0,J2,101,25.95,8.91,33.0,165.0,22,157.5,7.5,2,257.0,7.5,0,1
257.0,J3,101,25.95,8.91,33.0,82.5,11,82.5,0.0,2,257.0,15.0,0,1
257.0,J1,101,25.95,8.91,33.0,52.5,7,52.5,0.0,2,257.0,30.0,0,1
258.0,J2,101,25.24,9.33,34.0,172.5,23,157.5,15.0,2,258.0,7.5,0,1
258.0,J3,101,25.24,9.33,34.0,90.0,12,82.5,7.5,2,258.0,15.0,0,1
258.0,J1,101,25.24,9.33,34.0,52.5,7,52.5,0.0,2,258.0,30.0,0,1
259.0,J2,101,24.76,9.76,35.0,172.5,23,157.5,15.0,2,259.0,7.5,0,1
259.0,J3,101,24.76,9.76,35.0,97.5,13,82.5,15.0,2,259.0,15.0,0,1
259.0,J1,101,24.76,9.76,35.0,60.0,8,52.5,7.5,2,259.0,45.0,1,1
260.0,J2,99,23.81,10.4,36.0,172.5,23,157.5,15.0,2,260.0,7.5,0,1
260.0,J3,99,23.81,10.4,36.0,97.5,13,82.5,15.0,2,260.0,15.0,0,1
260.0,J1,99,23.81,10.4,36.0,60.0,8,52.5,7.5,2,260.0,45.0,1,1
261.0,J2,96,22.39,11.2,37.0,172.5,23,157.5,15.0,2,261.0,7.5,0,1
261.0,J3,96,22.39,11.2,37.0,105.0,14,82.5,22.5,2,261.0,15.0,0,1
261.0,J1,96,22.39,11.2,37.0,60.0,8,52.5,7.5,2,261.0,45.0,1,1
262.0,J2,96,22.06,11.68,38.0,172.5,23,165.0,7.5,2,262.0,7.5,0,1
262.0,J3,96,22.06,11.68,38.0,105.0,14,82.5,22.5,2,262.0,15.0,0,1
262.0,J1,96,22.06,11.68,38.0,67.5,9,52.5,15.0,2,262.0,45.0,1,1
263.0,J2,97,21.96,12.05,39.0,172.5,23,172.5,0.0,2,263.0,7.5,0,1
263.0,J3,97,21.96,12.05,39.0,112.5,15,90.0,22.5,2,263.0,15.0,0,1
263.0,J1,97,21.96,12.05,39.0,75.0,10,52.5,22.5,2,263.0,45.0,1,1
264.0,J2,97,21.89,12.56,40.0,172.5,23,172.5,0.0,2,264.0,15.0,0,1
264.0,J3,97,21.89,12.56,40.0,120.0,16,97.5,22.5,2,264.0,15.0,0,1
264.0,J1,97,21.89,12.56,40.0,75.0,10,60.0,15.0,2,264.0,45.0,1,1
265.0,J2,97,21.43,13.06,41.0,172.5,23,172.5,0.0,2,265.0,15.0,0,1
265.0,J3,97,21.43,13.06,41.0,120.0,16,97.5,22.5,2,265.0,15.0,0,1
265.0,J1,97,21.43,13.06,41.0,75.0,10,60.0,15.0,2,265.0,45.0,1,1
266.0,J2,97,21.46,13.57,42.0,172.5,23,172.5,0.0,2,266.0,15.0,0,1
266.0,J3,97,21.46,13.57,42.0,120.0,16,105.0,15.0,2,266.0,22.5,0,1
266.0,J1,97,21.46,13.57,42.0,75.0,10,60.0,15.0,2,266.0,45.0,1,1
267.0,J2,95,20.57,14.39,43.0,172.5,23,172.5,0.0,2,267.0,15.0,0,1
267.0,J3,95,20.57,14.39,43.0,120.0,16,105.0,15.0,2,267.0,22.5,0,1
267.0,J1,95,20.57,14.39,43.0,90.0,12,67.5,22.5,2,267.0,45.0,1,1
268.0,J2,94,19.94,15.09,44.0,172.5,23,172.5,0.0,3,268.0,15.0,0,1
268.0,J3,94,19.94,15.09,44.0,120.0,16,112.5,7.5,3,268.0,22.5,0,1
268.0,J1,94,19.94,15.09,44.0,90.0,12,75.0,15.0,3,268.0,45.0,1,1
269.0,J2,91,18.63,16.14,45.0,172.5,23,172.5,0.0,3,269.0,15.0,0,1
269.0,J3,91,18.63,16.14,45.0,120.0,16,120.0,0.0,3,269.0,22.5,0,1
269.0,J1,91,18.63,16.14,45.0,90.0,12,75.0,15.0,3,269.0,45.0,1,1
270.0,J2,91,18.09,16.7,46.0,172.5,23,172.5,0.0,3,270.0,15.0,0,1
270.0,J3,91,18.09,16.7,46.0,120.0,16,120.0,0.0,3,270.0,22.5,0,1
270.0,J1,91,18.09,16.7,46.0,90.0,12,75.0,15.0,3,270.0,45.0,1,1
271.0,J2,91,18.58,9.42,43.0,127.5,17,172.5,-45.0,0,271.0,22.5,0,1
271.0,J3,91,18.58,9.42,43.0,75.0,10,120.0,-45.0,0,271.0,22.5,0,1
271.0,J1,91,18.58,9.42,43.0,45.0,6,75.0,-30.0,0,271.0,45.0,1,1
272.0,J2,90,19.79,4.53,40.0,82.5,11,172.5,-90.0,0,272.0,22.5,0,1
272.0,J3,90,19.79,4.53,40.0,37.5,5,120.0,-82.5,0,272.0,22.5,0,1
272.0,J1,90,19.79,4.53,40.0,7.5,1,90.0,-82.5,0,272.0,45.0,1,1
273.0,J2,87,21.23,1.91,33.0,52.5,7,172.5,-120.0,0,273.0,22.5,0,1
273.0,J3,87,21.23,1.91,33.0,15.0,2,120.0,-105.0,0,273.0,22.5,0,1
273.0,J1,87,21.23,1.91,33.0,0.0,0,90.0,-90.0,0,273.0,45.0,1,1
274.0,J2,86,23.99,0.3,24.0,15.0,2,172.5,-157.5,0,274.0,22.5,0,1
274.0,J3,86,23.99,0.3,24.0,0.0,0,120.0,-120.0,0,274.0,22.5,0,1
274.0,J1,86,23.99,0.3,24.0,0.0,0,90.0,-90.0,0,274.0,45.0,1,1
275.0,J2,87,27.55,0.05,3.0,15.0,2,172.5,-157.5,0,275.0,22.5,0,1
275.0,J3,87,27.55,0.05,3.0,0.0,0,120.0,-120.0,0,275.0,30.0,0,1
275.0,J1,87,27.55,0.05,3.0,0.0,0,90.0,-90.0,0,275.0,45.0,1,1
276.0,J2,87,31.07,0.07,4.0,15.0,2,127.5,-112.5,0,276.0,22.5,0,1
276.0,J3,87,31.07,0.07,4.0,0.0,0,75.0,-75.0,0,276.0,30.0,0,1
276.0,J1,87,31.07,0.07,4.0,0.0,0,45.0,-45.0,0,276.0,45.0,1,1
277.0,J2,87,34.64,0.1,5.0,22.5,3,82.5,-60.0,0,277.0,22.5,0,1
277.0,J3,87,34.64,0.1,5.0,0.0,0,37.5,-37.5,0,277.0,30.0,0,1
277.0,J1,87,34.64,0.1,5.0,0.0,0,7.5,-7.5,0,277.0,45.0,1,1
278.0,J2,85,37.29,0.14,6.0,22.5,3,52.5,-30.0,0,278.0,22.5,0,1
278.0,J3,85,37.29,0.14,6.0,0.0,0,15.0,-15.0,0,278.0,30.0,0,1
278.0,J1,85,37.29,0.14,6.0,0.0,0,0.0,0.0,0,278.0,45.0,1,1
279.0,J2,86,38.84,0.17,7.0,22.5,3,15.0,7.5,0,279.0,22.5,0,1
279.0,J3,86,38.84,0.17,7.0,0.0,0,0.0,0.0,0,279.0,30.0,0,1
279.0,J1,86,38.84,0.17,7.0,0.0,0,0.0,0.0,0,279.0,45.0,1,1
280.0,J2,87,39.94,0.21,8.0,22.5,3,15.0,7.5,0,280.0,22.5,0,1
280.0,J3,87,39.94,0.21,8.0,0.0,0,0.0,0.0,0,280.0,30.0,0,1
280.0,J1,87,39.94,0.21,8.0,0.0,0,0.0,0.0,0,280.0,45.0,1,1
281.0,J2,87,41.1,0.24,9.0,22.5,3,15.0,7.5,0,281.0,22.5,0,1
281.0,J3,87,41.1,0.24,9.0,0.0,0,0.0,0.0,0,281.0,30.0,0,1
281.0,J1,87,41.1,0.24,9.0,0.0,0,0.0,0.0,0,281.0,45.0,1,1
282.0,J2,87,41.53,0.28,10.0,22.5,3,22.5,0.0,0,282.0,22.5,0,1
282.0,J3,87,41.53,0.28,10.0,0.0,0,0.0,0.0,0,282.0,30.0,0,1
282.0,J1,87,41.53,0.28,10.0,0.0,0,0.0,0.0,0,282.0,45.0,1,1
283.0,J2,86,41.68,0.31,11.0,22.5,3,22.5,0.0,0,283.0,22.5,0,1
283.0,J3,86,41.68,0.31,11.0,0.0,0,0.0,0.0,0,283.0,30.0,0,1
283.0,J1,86,41.68,0.31,11.0,0.0,0,0.0,0.0,0,283.0,45.0,1,1
284.0,J2,86,42.0,0.35,12.0,22.5,3,22.5,0.0,0,284.0,22.5,0,1
284.0,J3,86,42.0,0.35,12.0,0.0,0,0.0,0.0,0,284.0,30.0,0,1
284.0,J1,86,42.0,0.35,12.0,0.0,0,0.0,0.0,0,284.0,45.0,1,1
285.0,J2,86,42.17,0.4,13.0,22.5,3,22.5,0.0,0,285.0,22.5,0,1
285.0,J3,86,42.17,0.4,13.0,7.5,1,0.0,7.5,0,285.0,30.0,0,1
285.0,J1,86,42.17,0.4,13.0,0.0,0,0.0,0.0,0,285.0,52.5,1,1
286.0,J2,86,41.37,0.44,14.0,22.5,3,22.5,0.0,0,286.0,0.0,0,1
286.0,J3,86,41.37,0.44,14.0,7.5,1,0.0,7.5,0,286.0,7.5,0,1
286.0,J1,86,41.37,0.44,14.0,0.0,0,0.0,0.0,0,286.0,37.5,1,1
287.0,J2,86,41.17,0.49,15.0,22.5,3,22.5,0.0,0,287.0,0.0,0,1
287.0,J3,86,41.17,0.49,15.0,7.5,1,0.0,7.5,0,287.0,7.5,0,1
287.0,J1,86,41.17,0.49,15.0,0.0,0,0.0,0.0,0,287.0,30.0,0,1
288.0,J2,88,41.1,0.53,16.0,22.5,3,22.5,0.0,0,288.0,0.0,0,1
288.0,J3,88,41.1,0.53,16.0,15.0,2,0.0,15.0,0,288.0,7.5,0,1
288.0,J1,88,41.1,0.53,16.0,0.0,0,0.0,0.0,0,288.0,30.0,0,1
289.0,J2,88,40.42,0.6,17.0,22.5,3,22.5,0.0,0,289.0,7.5,0,1
289.0,J3,88,40.42,0.6,17.0,22.5,3,0.0,22.5,0,289.0,7.5,0,1
289.0,J1,88,40.42,0.6,17.0,0.0,0,0.0,0.0,0,289.0,45.0,1,1
290.0,J2,88,40.2,0.67,18.0,22.5,3,22.5,0.0,0,290.0,22.5,0,1
290.0,J3,88,40.2,0.67,18.0,22.5,3,7.5,15.0,0,290.0,7.5,0,1
290.0,J1,88,40.2,0.67,18.0,0.0,0,0.0,0.0,0,290.0,45.0,1,1
291.0,J2,89,40.24,0.73,19.0,22.5,3,22.5,0.0,0,291.0,45.0,1,1
291.0,J3,89,40.24,0.73,19.0,22.5,3,7.5,15.0,0,291.0,15.0,0,1
291.0,J1,89,40.24,0.73,19.0,0.0,0,0.0,0.0,0,291.0,52.5,1,1
292.0,J2,90,40.14,0.81,20.0,37.5,5,22.5,15.0,0,292.0,52.5,1,1
292.0,J3,90,40.14,0.81,20.0,22.5,3,7.5,15.0,0,292.0,22.5,0,1
292.0,J1,90,40.14,0.81,20.0,0.0,0,0.0,0.0,0,292.0,52.5,1,1
293.0,J2,90,40.06,0.9,21.0,37.5,5,22.5,15.0,0,293.0,67.5,1,1
293.0,J3,90,40.06,0.9,21.0,22.5,3,15.0,7.5,0,293.0,30.0,0,1
293.0,J1,90,40.06,0.9,21.0,0.0,0,0.0,0.0,0,293.0,52.5,1,1
294.0,J2,91,39.8,0.99,22.0,45.0,6,22.5,22.5,0,294.0,67.5,1,1
294.0,J3,91,39.8,0.99,22.0,22.5,3,22.5,0.0,0,294.0,30.0,0,1
294.0,J1,91,39.8,0.99,22.0,0.0,0,0.0,0.0,0,294.0,67.5,1,1
295.0,J2,91,39.86,1.09,23.0,45.0,6,22.5,22.5,0,295.0,67.5,1,1
295.0,J3,91,39.86,1.09,23.0,22.5,3,22.5,0.0,0,295.0,37.5,1,1
295.0,J1,91,39.86,1.09,23.0,0.0,0,0.0,0.0,0,295.0,82.5,1,1
296.0,J2,91,39.89,1.19,24.0,45.0,6,22.5,22.5,0,296.0,67.5,1,1
296.0,J3,91,39.89,1.19,24.0,22.5,3,22.5,0.0,0,296.0,45.0,1,1
296.0,J1,91,39.89,1.19,24.0,0.0,0,0.0,0.0,0,296.0,82.5,1,1
297.0,J2,91,39.46,1.29,25.0,45.0,6,37.5,7.5,0,297.0,75.0,1,1
297.0,J3,91,39.46,1.29,25.0,22.5,3,22.5,0.0,0,297.0,67.5,1,1
297.0,J1,91,39.46,1.29,25.0,0.0,0,0.0,0.0,0,297.0,97.5,1,1
298.0,J2,91,39.5,1.38,26.0,45.0,6,37.5,7.5,0,298.0,75.0,1,1
298.0,J3,91,39.5,1.38,26.0,22.5,3,22.5,0.0,0,298.0,67.5,1,1
298.0,J1,91,39.5,1.38,26.0,0.0,0,0.0,0.0,0,298.0,105.0,1,1
299.0,J2,91,39.23,1.48,27.0,45.0,6,45.0,0.0,0,299.0,75.0,1,1
299.0,J3,91,39.23,1.48,27.0,22.5,3,22.5,0.0,0,299.0,67.5,1,1
299.0,J1,91,39.23,1.48,27.0,0.0,0,0.0,0.0,0,299.0,105.0,1,1
300.0,J2,90,39.09,1.6,28.0,45.0,6,45.0,0.0,0,300.0,97.5,1,1
300.0,J3,90,39.09,1.6,28.0,22.5,3,22.5,0.0,0,300.0,67.5,1,1
300.0,J1,90,39.09,1.6,28.0,0.0,0,0.0,0.0,0,300.0,112.5,1,1
301.0,J2,95,39.83,1.62,29.0,45.0,6,45.0,0.0,0,301.0,105.0,1,1
301.0,J3,95,39.83,1.62,29.0,22.5,3,22.5,0.0,0,301.0,75.0,1,1
301.0,J1,95,39.83,1.62,29.0,7.5,1,0.0,7.5,0,301.0,120.0,1,1
302.0,J2,95,39.51,1.73,30.0,45.0,6,45.0,0.0,0,302.0,112.5,1,1
302.0,J3,95,39.51,1.73,30.0,22.5,3,22.5,0.0,0,302.0,75.0,1,1
302.0,J1,95,39.51,1.73,30.0,7.5,1,0.0,7.5,0,302.0,120.0,1,1
303.0,J2,95,39.52,1.83,31.0,45.0,6,45.0,0.0,0,303.0,112.5,1,1
303.0,J3,95,39.52,1.83,31.0,22.5,3,22.5,0.0,0,303.0,75.0,1,1
303.0,J1,95,39.52,1.83,31.0,7.5,1,0.0,7.5,0,303.0,127.5,1,1
304.0,J2,96,39.72,1.92,32.0,45.0,6,45.0,0.0,0,304.0,127.5,1,1
304.0,J3,96,39.72,1.92,32.0,22.5,3,22.5,0.0,0,304.0,75.0,1,1
304.0,J1,96,39.72,1.92,32.0,7.5,1,0.0,7.5,0,304.0,127.5,1,1
305.0,J2,96,39.9,2.02,33.0,45.0,6,45.0,0.0,0,305.0,135.0,1,1
305.0,J3,96,39.9,2.02,33.0,22.5,3,22.5,0.0,0,305.0,82.5,1,1
305.0,J1,96,39.9,2.02,33.0,7.5,1,0.0,7.5,0,305.0,127.5,1,1
306.0,J2,96,39.71,2.12,34.0,45.0,6,45.0,0.0,0,306.0,135.0,1,1
306.0,J3,96,39.71,2.12,34.0,22.5,3,22.5,0.0,0,306.0,82.5,1,1
306.0,J1,96,39.71,2.12,34.0,7.5,1,7.5,0.0,0,306.0,135.0,1,1
307.0,J2,96,39.63,2.23,35.0,45.0,6,45.0,0.0,0,307.0,142.5,1,1
307.0,J3,96,39.63,2.23,35.0,22.5,3,22.5,0.0,0,307.0,82.5,1,1
307.0,J1,96,39.63,2.23,35.0,7.5,1,7.5,0.0,0,307.0,135.0,1,1
308.0,J2,98,39.92,2.29,36.0,45.0,6,45.0,0.0,0,308.0,142.5,1,1
308.0,J3,98,39.92,2.29,36.0,22.5,3,22.5,0.0,0,308.0,90.0,1,1
308.0,J1,98,39.92,2.29,36.0,7.5,1,7.5,0.0,0,308.0,135.0,1,1
309.0,J2,99,40.13,2.36,37.0,45.0,6,45.0,0.0,0,309.0,142.5,1,1
309.0,J3,99,40.13,2.36,37.0,22.5,3,22.5,0.0,0,309.0,90.0,1,1
309.0,J1,99,40.13,2.36,37.0,7.5,1,7.5,0.0,0,309.0,135.0,1,1
310.0,J2,99,40.39,2.46,38.0,45.0,6,45.0,0.0,0,310.0,142.5,1,1
310.0,J3,99,40.39,2.46,38.0,22.5,3,22.5,0.0,0,310.0,90.0,1,1
310.0,J1,99,40.39,2.46,38.0,7.5,1,7.5,0.0,0,310.0,142.5,1,1
311.0,J2,99,39.92,2.57,39.0,45.0,6,45.0,0.0,0,311.0,142.5,1,1
311.0,J3,99,39.92,2.57,39.0,22.5,3,22.5,0.0,0,311.0,90.0,1,1
311.0,J1,99,39.92,2.57,39.0,7.5,1,7.5,0.0,0,311.0,142.5,1,1
312.0,J2,95,39.49,2.78,40.0,45.0,6,45.0,0.0,0,312.0,142.5,1,1
312.0,J3,95,39.49,2.78,40.0,22.5,3,22.5,0.0,0,312.0,97.5,1,1
312.0,J1,95,39.49,2.78,40.0,7.5,1,7.5,0.0,0,312.0,142.5,1,1
313.0,J2,95,38.61,2.88,41.0,45.0,6,45.0,0.0,1,313.0,142.5,1,1
313.0,J3,95,38.61,2.88,41.0,22.5,3,22.5,0.0,1,313.0,105.0,1,1
313.0,J1,95,38.61,2.88,41.0,7.5,1,7.5,0.0,1,313.0,142.5,1,1
314.0,J2,95,37.75,3.0,42.0,45.0,6,45.0,0.0,1,314.0,142.5,1,1
314.0,J3,95,37.75,3.0,42.0,30.0,4,22.5,7.5,1,314.0,105.0,1,1
314.0,J1,95,37.75,3.0,42.0,7.5,1,7.5,0.0,1,314.0,142.5,1,1
315.0,J2,94,35.84,3.15,43.0,45.0,6,45.0,0.0,1,315.0,142.5,1,1
315.0,J3,94,35.84,3.15,43.0,30.0,4,22.5,7.5,1,315.0,105.0,1,1
315.0,J1,94,35.84,3.15,43.0,7.5,1,7.5,0.0,1,315.0,142.5,1,1
316.0,J2,93,34.64,0.54,25.0,22.5,3,45.0,-22.5,2,316.0,142.5,1,1
316.0,J3,93,34.64,0.54,25.0,0.0,0,22.5,-22.5,2,316.0,105.0,1,1
316.0,J1,93,34.64,0.54,25.0,7.5,1,7.5,0.0,2,316.0,142.5,1,1
317.0,J2,94,33.83,0.04,2.0,0.0,0,45.0,-45.0,2,317.0,142.5,1,1
317.0,J3,94,33.83,0.04,2.0,0.0,0,22.5,-22.5,2,317.0,105.0,1,1
317.0,J1,94,33.83,0.04,2.0,22.5,3,7.5,15.0,2,317.0,142.5,1,1
318.0,J2,92,33.17,0.11,3.0,7.5,1,45.0,-37.5,2,318.0,142.5,1,1
318.0,J3,92,33.17,0.11,3.0,15.0,2,22.5,-7.5,2,318.0,105.0,1,1
318.0,J1,92,33.17,0.11,3.0,22.5,3,7.5,15.0,2,318.0,142.5,1,1
319.0,J2,93,32.71,0.2,4.0,15.0,2,45.0,-30.0,2,319.0,142.5,1,1
319.0,J3,93,32.71,0.2,4.0,22.5,3,30.0,-7.5,2,319.0,112.5,1,1
319.0,J1,93,32.71,0.2,4.0,30.0,4,7.5,22.5,2,319.0,150.0,1,1
320.0,J2,96,32.5,0.33,5.0,30.0,4,45.0,-15.0,2,320.0,142.5,1,1
320.0,J3,96,32.5,0.33,5.0,30.0,4,30.0,0.0,2,320.0,112.5,1,1
320.0,J1,96,32.5,0.33,5.0,37.5,5,7.5,30.0,2,320.0,165.0,1,1
321.0,J2,96,32.03,0.48,6.0,30.0,4,22.5,7.5,2,321.0,142.5,1,1
321.0,J3,96,32.03,0.48,6.0,30.0,4,0.0,30.0,2,321.0,120.0,1,1
321.0,J1,96,32.03,0.48,6.0,45.0,6,7.5,37.5,2,321.0,165.0,1,1
322.0,J2,97,32.09,0.67,7.0,52.5,7,0.0,52.5,2,322.0,150.0,1,1
322.0,J3,97,32.09,0.67,7.0,37.5,5,0.0,37.5,2,322.0,120.0,1,1
322.0,J1,97,32.09,0.67,7.0,52.5,7,22.5,30.0,2,322.0,165.0,1,1
323.0,J2,99,31.67,0.88,8.0,67.5,9,7.5,60.0,2,323.0,150.0,1,1
323.0,J3,99,31.67,0.88,8.0,37.5,5,15.0,22.5,2,323.0,127.5,1,1
323.0,J1,99,31.67,0.88,8.0,60.0,8,22.5,37.5,2,323.0,165.0,1,1
324.0,J2,100,31.23,1.1,9.0,67.5,9,15.0,52.5,2,324.0,150.0,1,1
324.0,J3,100,31.23,1.1,9.0,37.5,5,22.5,15.0,2,324.0,135.0,1,1
324.0,J1,100,31.23,1.1,9.0,67.5,9,30.0,37.5,2,324.0,165.0,1,1
325.0,J2,100,30.19,1.36,10.0,82.5,11,30.0,52.5,2,325.0,150.0,1,1
325.0,J3,100,30.19,1.36,10.0,45.0,6,30.0,15.0,2,325.0,135.0,1,1
325.0,J1,100,30.19,1.36,10.0,67.5,9,37.5,30.0,2,325.0,165.0,1,1
326.0,J2,100,29.79,1.64,11.0,82.5,11,30.0,52.5,2,326.0,150.0,1,1
326.0,J3,100,29.79,1.64,11.0,45.0,6,30.0,15.0,2,326.0,135.0,1,1
326.0,J1,100,29.79,1.64,11.0,82.5,11,45.0,37.5,2,326.0,165.0,1,1
327.0,J2,99,29.42,1.95,12.0,90.0,12,52.5,37.5,2,327.0,150.0,1,1
327.0,J3,99,29.42,1.95,12.0,45.0,6,37.5,7.5,2,327.0,135.0,1,1
327.0,J1,99,29.42,1.95,12.0,82.5,11,52.5,30.0,2,327.0,165.0,1,1
328.0,J2,99,29.41,2.25,13.0,90.0,12,67.5,22.5,2,328.0,150.0,1,1
328.0,J3,99,29.41,2.25,13.0,52.5,7,37.5,15.0,2,328.0,135.0,1,1
328.0,J1,99,29.41,2.25,13.0,82.5,11,60.0,22.5,2,328.0,165.0,1,1
329.0,J2,99,29.21,2.59,14.0,105.0,14,67.5,37.5,2,329.0,150.0,1,1
329.0,J3,99,29.21,2.59,14.0,60.0,8,37.5,22.5,2,329.0,135.0,1,1
329.0,J1,99,29.21,2.59,14.0,82.5,11,67.5,15.0,2,329.0,165.0,1,1
330.0,J2,99,29.02,2.93,15.0,105.0,14,82.5,22.5,2,330.0,150.0,1,1
330.0,J3,99,29.02,2.93,15.0,67.5,9,45.0,22.5,2,330.0,135.0,1,1
330.0,J1,99,29.02,2.93,15.0,82.5,11,67.5,15.0,2,330.0,165.0,1,1
331.0,J2,101,29.19,3.21,16.0,105.0,14,82.5,22.5,2,331.0,105.0,1,1
331.0,J3,101,29.19,3.21,16.0,67.5,9,45.0,22.5,2,331.0,90.0,1,1
331.0,J1,101,29.19,3.21,16.0,82.5,11,82.5,0.0,2,331.0,127.5,1,1
332.0,J2,101,29.12,3.55,17.0,112.5,15,90.0,22.5,2,332.0,67.5,1,1
332.0,J3,101,29.12,3.55,17.0,67.5,9,45.0,22.5,2,332.0,60.0,1,1
332.0,J1,101,29.12,3.55,17.0,82.5,11,82.5,0.0,2,332.0,97.5,1,1
333.0,J2,104,29.57,3.8,18.0,112.5,15,90.0,22.5,2,333.0,45.0,1,1
333.0,J3,104,29.57,3.8,18.0,67.5,9,52.5,15.0,2,333.0,30.0,0,1
333.0,J1,104,29.57,3.8,18.0,90.0,12,82.5,7.5,2,333.0,75.0,1,1
334.0,J2,105,29.68,4.1,19.0,112.5,15,105.0,7.5,2,334.0,15.0,0,1
334.0,J3,105,29.68,4.1,19.0,67.5,9,60.0,7.5,2,334.0,7.5,0,1
334.0,J1,105,29.68,4.1,19.0,90.0,12,82.5,7.5,2,334.0,52.5,1,1
335.0,J2,106,29.64,4.41,20.0,112.5,15,105.0,7.5,2,335.0,0.0,0,1
335.0,J3,106,29.64,4.41,20.0,67.5,9,67.5,0.0,2,335.0,7.5,0,1
335.0,J1,106,29.64,4.41,20.0,90.0,12,82.5,7.5,2,335.0,30.0,0,1
336.0,J2,107,29.83,4.7,21.0,112.5,15,105.0,7.5,2,336.0,0.0,0,1
336.0,J3,107,29.83,4.7,21.0,67.5,9,67.5,0.0,2,336.0,7.5,0,1
336.0,J1,107,29.83,4.7,21.0,90.0,12,82.5,7.5,2,336.0,7.5,0,1
337.0,J2,108,29.55,5.0,22.0,120.0,16,112.5,7.5,2,337.0,0.0,0,1
337.0,J3,108,29.55,5.0,22.0,67.5,9,67.5,0.0,2,337.0,7.5,0,1
337.0,J1,108,29.55,5.0,22.0,90.0,12,82.5,7.5,2,337.0,0.0,0,1
338.0,J2,108,29.18,5.34,23.0,120.0,16,112.5,7.5,2,338.0,0.0,0,1
338.0,J3,108,29.18,5.34,23.0,67.5,9,67.5,0.0,2,338.0,7.5,0,1
338.0,J1,108,29.18,5.34,23.0,90.0,12,90.0,0.0,2,338.0,0.0,0,1
339.0,J2,110,29.5,5.58,24.0,120.0,16,112.5,7.5,2,339.0,0.0,0,1
339.0,J3,110,29.5,5.58,24.0,67.5,9,67.5,0.0,2,339.0,7.5,0,1
339.0,J1,110,29.5,5.58,24.0,90.0,12,90.0,0.0,2,339.0,0.0,0,1
340.0,J2,110,28.98,5.93,25.0,120.0,16,112.5,7.5,2,340.0,0.0,0,1
340.0,J3,110,28.98,5.93,25.0,67.5,9,67.5,0.0,2,340.0,7.5,0,1
340.0,J1,110,28.98,5.93,25.0,97.5,13,90.0,7.5,2,340.0,0.0,0,1
341.0,J2,111,28.29,6.22,26.0,120.0,16,112.5,7.5,2,341.0,7.5,0,1
341.0,J3,111,28.29,6.22,26.0,67.5,9,67.5,0.0,2,341.0,7.5,0,1
341.0,J1,111,28.29,6.22,26.0,97.5,13,90.0,7.5,2,341.0,0.0,0,1
342.0,J2,111,28.23,6.57,27.0,120.0,16,120.0,0.0,2,342.0,7.5,0,1
342.0,J3,111,28.23,6.57,27.0,75.0,10,67.5,7.5,2,342.0,7.5,0,1
342.0,J1,111,28.23,6.57,27.0,97.5,13,90.0,7.5,2,342.0,0.0,0,1
343.0,J2,112,27.85,6.88,28.0,127.5,17,120.0,7.5,2,343.0,7.5,0,1
343.0,J3,112,27.85,6.88,28.0,82.5,11,67.5,15.0,2,343.0,7.5,0,1
343.0,J1,112,27.85,6.88,28.0,97.5,13,90.0,7.5,2,343.0,0.0,0,1
344.0,J2,114,27.89,7.12,29.0,127.5,17,120.0,7.5,2,344.0,7.5,0,1
344.0,J3,114,27.89,7.12,29.0,90.0,12,67.5,22.5,2,344.0,7.5,0,1
344.0,J1,114,27.89,7.12,29.0,97.5,13,90.0,7.5,2,344.0,0.0,0,1
345.0,J2,114,27.4,7.5,30.0,135.0,18,120.0,15.0,2,345.0,7.5,0,1
345.0,J3,114,27.4,7.5,30.0,90.0,12,67.5,22.5,2,345.0,7.5,0,1
345.0,J1,114,27.4,7.5,30.0,97.5,13,97.5,0.0,2,345.0,0.0,0,1
346.0,J2,116,27.37,7.75,31.0,135.0,18,120.0,15.0,2,346.0,7.5,0,1
346.0,J3,116,27.37,7.75,31.0,90.0,12,67.5,22.5,2,346.0,7.5,0,1
346.0,J1,116,27.37,7.75,31.0,105.0,14,97.5,7.5,2,346.0,0.0,0,1
347.0,J2,117,26.7,8.07,32.0,142.5,19,120.0,22.5,2,347.0,15.0,0,1
347.0,J3,117,26.7,8.07,32.0,90.0,12,75.0,15.0,2,347.0,7.5,0,1
347.0,J1,117,26.7,8.07,32.0,105.0,14,97.5,7.5,2,347.0,0.0,0,1
348.0,J2,117,26.29,8.45,33.0,142.5,19,127.5,15.0,2,348.0,15.0,0,1
348.0,J3,117,26.29,8.45,33.0,90.0,12,82.5,7.5,2,348.0,15.0,0,1
348.0,J1,117,26.29,8.45,33.0,105.0,14,97.5,7.5,2,348.0,7.5,0,1
349.0,J2,118,26.1,8.77,34.0,142.5,19,127.5,15.0,2,349.0,15.0,0,1
349.0,J3,118,26.1,8.77,34.0,97.5,13,90.0,7.5,2,349.0,15.0,0,1
349.0,J1,118,26.1,8.77,34.0,105.0,14,97.5,7.5,2,349.0,7.5,0,1
350.0,J2,116,25.5,9.33,35.0,142.5,19,135.0,7.5,2,350.0,15.0,0,1
350.0,J3,116,25.5,9.33,35.0,97.5,13,90.0,7.5,2,350.0,15.0,0,1
350.0,J1,116,25.5,9.33,35.0,112.5,15,97.5,15.0,2,350.0,7.5,0,1
351.0,J2,117,25.07,9.62,36.0,142.5,19,135.0,7.5,2,351.0,15.0,0,1
351.0,J3,117,25.07,9.62,36.0,90.0,12,90.0,0.0,2,351.0,15.0,0,1
351.0,J1,117,25.07,9.62,36.0,112.5,15,105.0,7.5,2,351.0,15.0,0,1
352.0,J2,116,24.77,10.12,37.0,150.0,20,142.5,7.5,2,352.0,15.0,0,1
352.0,J3,116,24.77,10.12,37.0,90.0,12,90.0,0.0,2,352.0,15.0,0,1
352.0,J1,116,24.77,10.12,37.0,120.0,16,105.0,15.0,2,352.0,15.0,0,1
353.0,J2,117,24.79,10.47,38.0,150.0,20,142.5,7.5,2,353.0,15.0,0,1
353.0,J3,117,24.79,10.47,38.0,105.0,14,90.0,15.0,2,353.0,15.0,0,1
353.0,J1,117,24.79,10.47,38.0,127.5,17,105.0,22.5,2,353.0,15.0,0,1
354.0,J2,116,24.06,11.0,39.0,150.0,20,142.5,7.5,2,354.0,15.0,0,1
354.0,J3,116,24.06,11.0,39.0,105.0,14,97.5,7.5,2,354.0,15.0,0,1
354.0,J1,116,24.06,11.0,39.0,127.5,17,105.0,22.5,2,354.0,22.5,0,1
355.0,J2,117,24.19,11.34,40.0,150.0,20,142.5,7.5,2,355.0,15.0,0,1
355.0,J3,117,24.19,11.34,40.0,105.0,14,97.5,7.5,2,355.0,15.0,0,1
355.0,J1,117,24.19,11.34,40.0,127.5,17,112.5,15.0,2,355.0,22.5,0,1
356.0,J2,113,23.24,12.2,41.0,150.0,20,142.5,7.5,2,356.0,15.0,0,1
356.0,J3,113,23.24,12.2,41.0,112.5,15,90.0,22.5,2,356.0,15.0,0,1
356.0,J1,113,23.24,12.2,41.0,127.5,17,112.5,15.0,2,356.0,22.5,0,1
357.0,J2,112,22.65,12.78,42.0,150.0,20,150.0,0.0,2,357.0,15.0,0,1
357.0,J3,112,22.65,12.78,42.0,112.5,15,90.0,22.5,2,357.0,15.0,0,1
357.0,J1,112,22.65,12.78,42.0,127.5,17,120.0,7.5,2,357.0,22.5,0,1
358.0,J2,112,22.36,13.24,43.0,150.0,20,150.0,0.0,3,358.0,15.0,0,1
358.0,J3,112,22.36,13.24,43.0,112.5,15,105.0,7.5,3,358.0,15.0,0,1
358.0,J1,112,22.36,13.24,43.0,127.5,17,127.5,0.0,3,358.0,22.5,0,1
359.0,J2,112,21.99,13.71,44.0,150.0,20,150.0,0.0,3,359.0,15.0,0,1
359.0,J3,112,21.99,13.71,44.0,112.5,15,105.0,7.5,3,359.0,15.0,0,1
359.0,J1,112,21.99,13.71,44.0,135.0,18,127.5,7.5,3,359.0,22.5,0,1
360.0,J2,112,21.63,14.21,45.0,150.0,20,150.0,0.0,3,360.0,15.0,0,1
360.0,J3,112,21.63,14.21,45.0,120.0,16,105.0,15.0,3,360.0,15.0,0,1
360.0,J1,112,21.63,14.21,45.0,150.0,20,127.5,22.5,3,360.0,22.5,0,1
361.0,J2,111,22.11,8.86,43.0,105.0,14,150.0,-45.0,0,361.0,15.0,0,1
361.0,J3,111,22.11,8.86,43.0,75.0,10,112.5,-37.5,0,361.0,15.0,0,1
361.0,J1,111,22.11,8.86,43.0,105.0,14,127.5,-22.5,0,361.0,22.5,0,1
362.0,J2,109,23.24,4.56,41.0,60.0,8,150.0,-90.0,0,362.0,22.5,0,1
362.0,J3,109,23.24,4.56,41.0,37.5,5,112.5,-75.0,0,362.0,15.0,0,1
362.0,J1,109,23.24,4.56,41.0,67.5,9,127.5,-60.0,0,362.0,22.5,0,1
363.0,J2,110,25.86,1.35,40.0,15.0,2,150.0,-135.0,0,363.0,22.5,0,1
363.0,J3,110,25.86,1.35,40.0,7.5,1,112.5,-105.0,0,363.0,15.0,0,1
363.0,J1,110,25.86,1.35,40.0,45.0,6,127.5,-82.5,0,363.0,22.5,0,1
364.0,J2,110,28.72,0.29,15.0,0.0,0,150.0,-150.0,0,364.0,22.5,0,1
364.0,J3,110,28.72,0.29,15.0,0.0,0,112.5,-112.5,0,364.0,22.5,0,1
364.0,J1,110,28.72,0.29,15.0,22.5,3,135.0,-112.5,0,364.0,22.5,0,1
365.0,J2,110,31.69,0.06,6.0,7.5,1,150.0,-142.5,0,365.0,22.5,0,1
365.0,J3,110,31.69,0.06,6.0,0.0,0,120.0,-120.0,0,365.0,22.5,0,1
365.0,J1,110,31.69,0.06,6.0,7.5,1,150.0,-142.5,0,365.0,22.5,0,1
366.0,J2,107,34.57,0.08,7.0,7.5,1,105.0,-97.5,0,366.0,22.5,0,1
366.0,J3,107,34.57,0.08,7.0,0.0,0,75.0,-75.0,0,366.0,22.5,0,1
366.0,J1,107,34.57,0.08,7.0,7.5,1,105.0,-97.5,0,366.0,22.5,0,1
367.0,J2,106,37.81,0.1,8.0,7.5,1,60.0,-52.5,0,367.0,22.5,0,1
367.0,J3,106,37.81,0.1,8.0,0.0,0,37.5,-37.5,0,367.0,22.5,0,1
367.0,J1,106,37.81,0.1,8.0,7.5,1,67.5,-60.0,0,367.0,22.5,0,1
368.0,J2,107,39.97,0.12,9.0,7.5,1,15.0,-7.5,0,368.0,22.5,0,1
368.0,J3,107,39.97,0.12,9.0,0.0,0,7.5,-7.5,0,368.0,22.5,0,1
368.0,J1,107,39.97,0.12,9.0,7.5,1,45.0,-37.5,0,368.0,22.5,0,1
369.0,J2,107,41.13,0.14,10.0,7.5,1,0.0,7.5,0,369.0,30.0,0,1
369.0,J3,107,41.13,0.14,10.0,0.0,0,0.0,0.0,0,369.0,22.5,0,1
369.0,J1,107,41.13,0.14,10.0,7.5,1,22.5,-15.0,0,369.0,22.5,0,1
370.0,J2,107,41.76,0.16,11.0,7.5,1,7.5,0.0,0,370.0,30.0,0,1
370.0,J3,107,41.76,0.16,11.0,0.0,0,0.0,0.0,0,370.0,22.5,0,1
370.0,J1,107,41.76,0.16,11.0,7.5,1,7.5,0.0,0,370.0,22.5,0,1
371.0,J2,107,41.99,0.18,12.0,7.5,1,7.5,0.0,0,371.0,30.0,0,1
371.0,J3,107,41.99,0.18,12.0,0.0,0,0.0,0.0,0,371.0,22.5,0,1
371.0,J1,107,41.99,0.18,12.0,7.5,1,7.5,0.0,0,371.0,22.5,0,1
372.0,J2,109,42.17,0.19,13.0,7.5,1,7.5,0.0,0,372.0,30.0,0,1
372.0,J3,109,42.17,0.19,13.0,0.0,0,0.0,0.0,0,372.0,30.0,0,1
372.0,J1,109,42.17,0.19,13.0,7.5,1,7.5,0.0,0,372.0,22.5,0,1
373.0,J2,110,42.58,0.22,14.0,15.0,2,7.5,7.5,0,373.0,37.5,1,1
373.0,J3,110,42.58,0.22,14.0,0.0,0,0.0,0.0,0,373.0,30.0,0,1
373.0,J1,110,42.58,0.22,14.0,7.5,1,7.5,0.0,0,373.0,30.0,0,1
374.0,J2,110,42.2,0.25,15.0,15.0,2,7.5,7.5,0,374.0,37.5,1,1
374.0,J3,110,42.2,0.25,15.0,7.5,1,0.0,7.5,0,374.0,30.0,0,1
374.0,J1,110,42.2,0.25,15.0,7.5,1,7.5,0.0,0,374.0,30.0,0,1
375.0,J2,110,41.99,0.29,16.0,15.0,2,7.5,7.5,0,375.0,37.5,1,1
375.0,J3,110,41.99,0.29,16.0,7.5,1,0.0,7.5,0,375.0,30.0,0,1
375.0,J1,110,41.99,0.29,16.0,7.5,1,7.5,0.0,0,375.0,30.0,0,1
376.0,J2,112,41.61,0.32,17.0,15.0,2,7.5,7.5,0,376.0,37.5,1,1
376.0,J3,112,41.61,0.32,17.0,7.5,1,0.0,7.5,0,376.0,0.0,0,1
376.0,J1,112,41.61,0.32,17.0,7.5,1,7.5,0.0,0,376.0,7.5,0,1
377.0,J2,113,41.64,0.37,18.0,30.0,4,7.5,22.5,0,377.0,22.5,0,1
377.0,J3,113,41.64,0.37,18.0,7.5,1,0.0,7.5,0,377.0,0.0,0,1
377.0,J1,113,41.64,0.37,18.0,7.5,1,7.5,0.0,0,377.0,0.0,0,1
378.0,J2,114,41.32,0.42,19.0,30.0,4,15.0,15.0,0,378.0,15.0,0,1
378.0,J3,114,41.32,0.42,19.0,7.5,1,0.0,7.5,0,378.0,0.0,0,1
378.0,J1,114,41.32,0.42,19.0,7.5,1,7.5,0.0,0,378.0,7.5,0,1
379.0,J2,115,41.46,0.47,20.0,30.0,4,15.0,15.0,0,379.0,7.5,0,1
379.0,J3,115,41.46,0.47,20.0,7.5,1,7.5,0.0,0,379.0,0.0,0,1
379.0,J1,115,41.46,0.47,20.0,7.5,1,7.5,0.0,0,379.0,15.0,0,1
380.0,J2,115,41.27,0.52,21.0,30.0,4,15.0,15.0,0,380.0,7.5,0,1
380.0,J3,115,41.27,0.52,21.0,7.5,1,7.5,0.0,0,380.0,7.5,0,1
380.0,J1,115,41.27,0.52,21.0,7.5,1,7.5,0.0,0,380.0,15.0,0,1
381.0,J2,115,41.2,0.57,22.0,30.0,4,15.0,15.0,0,381.0,7.5,0,1
381.0,J3,115,41.2,0.57,22.0,7.5,1,7.5,0.0,0,381.0,15.0,0,1
381.0,J1,115,41.2,0.57,22.0,7.5,1,7.5,0.0,0,381.0,22.5,0,1
382.0,J2,115,41.18,0.63,23.0,30.0,4,30.0,0.0,0,382.0,22.5,0,1
382.0,J3,115,41.18,0.63,23.0,15.0,2,7.5,7.5,0,382.0,15.0,0,1
382.0,J1,115,41.18,0.63,23.0,7.5,1,7.5,0.0,0,382.0,30.0,0,1
383.0,J2,115,41.23,0.7,24.0,30.0,4,30.0,0.0,0,383.0,22.5,0,1
383.0,J3,115,41.23,0.7,24.0,15.0,2,7.5,7.5,0,383.0,15.0,0,1
383.0,J1,115,41.23,0.7,24.0,7.5,1,7.5,0.0,0,383.0,37.5,1,1
384.0,J2,115,40.98,0.76,25.0,30.0,4,30.0,0.0,0,384.0,30.0,0,1
384.0,J3,115,40.98,0.76,25.0,15.0,2,7.5,7.5,0,384.0,15.0,0,1
384.0,J1,115,40.98,0.76,25.0,7.5,1,7.5,0.0,0,384.0,37.5,1,1
385.0,J2,116,40.68,0.81,26.0,30.0,4,30.0,0.0,0,385.0,30.0,0,1
385.0,J3,116,40.68,0.81,26.0,15.0,2,7.5,7.5,0,385.0,15.0,0,1
385.0,J1,116,40.68,0.81,26.0,7.5,1,7.5,0.0,0,385.0,37.5,1,1
386.0,J2,115,40.23,0.88,27.0,30.0,4,30.0,0.0,0,386.0,30.0,0,1
386.0,J3,115,40.23,0.88,27.0,15.0,2,7.5,7.5,0,386.0,22.5,0,1
386.0,J1,115,40.23,0.88,27.0,7.5,1,7.5,0.0,0,386.0,45.0,1,1
387.0,J2,115,40.31,0.96,28.0,37.5,5,30.0,7.5,0,387.0,30.0,0,1
387.0,J3,115,40.31,0.96,28.0,15.0,2,15.0,0.0,0,387.0,30.0,0,1
387.0,J1,115,40.31,0.96,28.0,15.0,2,7.5,7.5,0,387.0,45.0,1,1
388.0,J2,115,40.43,1.04,29.0,45.0,6,30.0,15.0,0,388.0,30.0,0,1
388.0,J3,115,40.43,1.04,29.0,15.0,2,15.0,0.0,0,388.0,30.0,0,1
388.0,J1,115,40.43,1.04,29.0,15.0,2,7.5,7.5,0,388.0,45.0,1,1
389.0,J2,115,40.17,1.13,30.0,45.0,6,30.0,15.0,0,389.0,30.0,0,1
389.0,J3,115,40.17,1.13,30.0,15.0,2,15.0,0.0,0,389.0,30.0,0,1
389.0,J1,115,40.17,1.13,30.0,15.0,2,7.5,7.5,0,389.0,52.5,1,1
390.0,J2,115,40.26,1.22,31.0,45.0,6,30.0,15.0,0,390.0,30.0,0,1
390.0,J3,115,40.26,1.22,31.0,15.0,2,15.0,0.0,0,390.0,37.5,1,1
390.0,J1,115,40.26,1.22,31.0,15.0,2,7.5,7.5,0,390.0,67.5,1,1
391.0,J2,116,40.13,1.29,32.0,45.0,6,30.0,15.0,0,391.0,37.5,1,1
391.0,J3,116,40.13,1.29,32.0,15.0,2,15.0,0.0,0,391.0,45.0,1,1
391.0,J1,116,40.13,1.29,32.0,15.0,2,7.5,7.5,0,391.0,67.5,1,1
392.0,J2,116,40.21,1.39,33.0,52.5,7,37.5,15.0,0,392.0,45.0,1,1
392.0,J3,116,40.21,1.39,33.0,15.0,2,15.0,0.0,0,392.0,45.0,1,1
392.0,J1,116,40.21,1.39,33.0,15.0,2,15.0,0.0,0,392.0,82.5,1,1
393.0,J2,116,40.02,1.48,34.0,52.5,7,45.0,7.5,0,393.0,45.0,1,1
393.0,J3,116,40.02,1.48,34.0,15.0,2,15.0,0.0,0,393.0,45.0,1,1
393.0,J1,116,40.02,1.48,34.0,15.0,2,15.0,0.0,0,393.0,82.5,1,1
394.0,J2,116,39.8,1.58,35.0,52.5,7,45.0,7.5,0,394.0,60.0,1,1
394.0,J3,116,39.8,1.58,35.0,15.0,2,15.0,0.0,0,394.0,45.0,1,1
394.0,J1,116,39.8,1.58,35.0,15.0,2,15.0,0.0,0,394.0,90.0,1,1
395.0,J2,115,39.43,1.69,36.0,52.5,7,45.0,7.5,0,395.0,60.0,1,1
395.0,J3,115,39.43,1.69,36.0,15.0,2,15.0,0.0,0,395.0,45.0,1,1
395.0,J1,115,39.43,1.69,36.0,15.0,2,15.0,0.0,0,395.0,97.5,1,1
396.0,J2,116,39.24,1.77,37.0,52.5,7,45.0,7.5,0,396.0,75.0,1,1
396.0,J3,116,39.24,1.77,37.0,15.0,2,15.0,0.0,0,396.0,52.5,1,1
396.0,J1,116,39.24,1.77,37.0,15.0,2,15.0,0.0,0,396.0,105.0,1,1
397.0,J2,117,39.2,1.85,38.0,52.5,7,52.5,0.0,0,397.0,75.0,1,1
397.0,J3,117,39.2,1.85,38.0,15.0,2,15.0,0.0,0,397.0,52.5,1,1
397.0,J1,117,39.2,1.85,38.0,15.0,2,15.0,0.0,0,397.0,105.0,1,1
398.0,J2,118,39.19,1.94,39.0,52.5,7,52.5,0.0,0,398.0,75.0,1,1
398.0,J3,118,39.19,1.94,39.0,15.0,2,15.0,0.0,0,398.0,52.5,1,1
398.0,J1,118,39.19,1.94,39.0,30.0,4,15.0,15.0,0,398.0,105.0,1,1
399.0,J2,118,39.21,2.06,40.0,52.5,7,52.5,0.0,0,399.0,82.5,1,1
399.0,J3,118,39.21,2.06,40.0,15.0,2,15.0,0.0,0,399.0,52.5,1,1
399.0,J1,118,39.21,2.06,40.0,37.5,5,15.0,22.5,0,399.0,105.0,1,1
400.0,J2,123,39.36,2.09,41.0,52.5,7,52.5,0.0,0,400.0,82.5,1,1
400.0,J3,123,39.36,2.09,41.0,15.0,2,15.0,0.0,0,400.0,52.5,1,1
400.0,J1,123,39.36,2.09,41.0,37.5,5,15.0,22.5,0,400.0,112.5,1,1
401.0,J2,123,39.37,2.2,42.0,52.5,7,52.5,0.0,0,401.0,90.0,1,1
401.0,J3,123,39.37,2.2,42.0,15.0,2,15.0,0.0,0,401.0,52.5,1,1
401.0,J1,123,39.37,2.2,42.0,37.5,5,15.0,22.5,0,401.0,112.5,1,1
402.0,J2,122,39.35,2.34,43.0,52.5,7,52.5,0.0,0,402.0,97.5,1,1
402.0,J3,122,39.35,2.34,43.0,15.0,2,15.0,0.0,0,402.0,52.5,1,1
402.0,J1,122,39.35,2.34,43.0,37.5,5,15.0,22.5,0,402.0,112.5,1,1
403.0,J2,122,38.67,2.45,44.0,52.5,7,52.5,0.0,1,403.0,105.0,1,1
403.0,J3,122,38.67,2.45,44.0,15.0,2,15.0,0.0,1,403.0,52.5,1,1
403.0,J1,122,38.67,2.45,44.0,37.5,5,30.0,7.5,1,403.0,112.5,1,1
404.0,J2,120,37.52,2.61,45.0,52.5,7,52.5,0.0,1,404.0,105.0,1,1
404.0,J3,120,37.52,2.61,45.0,15.0,2,15.0,0.0,1,404.0,52.5,1,1
404.0,J1,120,37.52,2.61,45.0,37.5,5,37.5,0.0,1,404.0,112.5,1,1
405.0,J2,120,36.61,2.73,46.0,60.0,8,52.5,7.5,1,405.0,112.5,1,1
405.0,J3,120,36.61,2.73,46.0,15.0,2,15.0,0.0,1,405.0,52.5,1,1
405.0,J1,120,36.61,2.73,46.0,37.5,5,37.5,0.0,1,405.0,112.5,1,1
406.0,J2,118,35.62,0.55,20.0,30.0,4,52.5,-22.5,2,406.0,112.5,1,1
406.0,J3,118,35.62,0.55,20.0,0.0,0,15.0,-15.0,2,406.0,60.0,1,1
406.0,J1,118,35.62,0.55,20.0,7.5,1,37.5,-30.0,2,406.0,112.5,1,1
407.0,J2,117,35.13,0.04,3.0,15.0,2,52.5,-37.5,2,407.0,112.5,1,1
407.0,J3,117,35.13,0.04,3.0,0.0,0,15.0,-15.0,2,407.0,60.0,1,1
407.0,J1,117,35.13,0.04,3.0,7.5,1,37.5,-30.0,2,407.0,127.5,1,1
408.0,J2,116,34.85,0.06,4.0,15.0,2,52.5,-37.5,2,408.0,112.5,1,1
408.0,J3,116,34.85,0.06,4.0,0.0,0,15.0,-15.0,2,408.0,67.5,1,1
408.0,J1,116,34.85,0.06,4.0,7.5,1,37.5,-30.0,2,408.0,127.5,1,1
409.0,J2,116,34.65,0.12,5.0,30.0,4,52.5,-22.5,2,409.0,112.5,1,1
409.0,J3,116,34.65,0.12,5.0,7.5,1,15.0,-7.5,2,409.0,67.5,1,1
409.0,J1,116,34.65,0.12,5.0,15.0,2,37.5,-22.5,2,409.0,135.0,1,1
410.0,J2,116,34.2,0.22,6.0,37.5,5,60.0,-22.5,2,410.0,120.0,1,1
410.0,J3,116,34.2,0.22,6.0,30.0,4,15.0,15.0,2,410.0,75.0,1,1
410.0,J1,116,34.2,0.22,6.0,22.5,3,37.5,-15.0,2,410.0,157.5,1,1
411.0,J2,115,33.52,0.35,7.0,45.0,6,30.0,15.0,2,411.0,120.0,1,1
411.0,J3,115,33.52,0.35,7.0,30.0,4,0.0,30.0,2,411.0,75.0,1,1
411.0,J1,115,33.52,0.35,7.0,30.0,4,7.5,22.5,2,411.0,157.5,1,1
412.0,J2,114,33.06,0.49,8.0,52.5,7,15.0,37.5,2,412.0,127.5,1,1
412.0,J3,114,33.06,0.49,8.0,30.0,4,0.0,30.0,2,412.0,67.5,1,1
412.0,J1,114,33.06,0.49,8.0,37.5,5,7.5,30.0,2,412.0,165.0,1,1
413.0,J2,114,32.71,0.66,9.0,67.5,9,15.0,52.5,2,413.0,127.5,1,1
413.0,J3,114,32.71,0.66,9.0,37.5,5,0.0,37.5,2,413.0,82.5,1,1
413.0,J1,114,32.71,0.66,9.0,37.5,5,7.5,30.0,2,413.0,165.0,1,1
414.0,J2,117,32.78,0.85,10.0,97.5,13,30.0,67.5,2,414.0,127.5,1,1
414.0,J3,117,32.78,0.85,10.0,45.0,6,7.5,37.5,2,414.0,82.5,1,1
414.0,J1,117,32.78,0.85,10.0,37.5,5,15.0,22.5,2,414.0,165.0,1,1
415.0,J2,118,32.15,1.07,11.0,112.5,15,37.5,75.0,2,415.0,127.5,1,1
415.0,J3,118,32.15,1.07,11.0,45.0,6,30.0,15.0,2,415.0,90.0,1,1
415.0,J1,118,32.15,1.07,11.0,45.0,6,22.5,22.5,2,415.0,165.0,1,1
416.0,J2,117,31.5,1.32,12.0,120.0,16,45.0,75.0,2,416.0,127.5,1,1
416.0,J3,117,31.5,1.32,12.0,52.5,7,30.0,22.5,2,416.0,97.5,1,1
416.0,J1,117,31.5,1.32,12.0,45.0,6,30.0,15.0,2,416.0,165.0,1,1
417.0,J2,119,31.08,1.55,13.0,120.0,16,52.5,67.5,2,417.0,135.0,1,1
417.0,J3,119,31.08,1.55,13.0,52.5,7,30.0,22.5,2,417.0,97.5,1,1
417.0,J1,119,31.08,1.55,13.0,45.0,6,37.5,7.5,2,417.0,165.0,1,1
418.0,J2,119,30.63,1.82,14.0,127.5,17,67.5,60.0,2,418.0,135.0,1,1
418.0,J3,119,30.63,1.82,14.0,60.0,8,37.5,22.5,2,418.0,97.5,1,1
418.0,J1,119,30.63,1.82,14.0,60.0,8,37.5,22.5,2,418.0,165.0,1,1
419.0,J2,120,30.24,2.08,15.0,127.5,17,97.5,30.0,2,419.0,135.0,1,1
419.0,J3,120,30.24,2.08,15.0,60.0,8,45.0,15.0,2,419.0,97.5,1,1
419.0,J1,120,30.24,2.08,15.0,60.0,8,37.5,22.5,2,419.0,165.0,1,1
420.0,J2,121,29.87,2.36,16.0,142.5,19,112.5,30.0,2,420.0,135.0,1,1
420.0,J3,121,29.87,2.36,16.0,60.0,8,45.0,15.0,2,420.0,97.5,1,1
420.0,J1,121,29.87,2.36,16.0,60.0,8,45.0,15.0,2,420.0,180.0,1,1
421.0,J2,122,29.28,2.61,17.0,142.5,19,120.0,22.5,2,421.0,90.0,1,1
421.0,J3,122,29.28,2.61,17.0,60.0,8,52.5,7.5,2,421.0,52.5,1,1
421.0,J1,122,29.28,2.61,17.0,60.0,8,45.0,15.0,2,421.0,135.0,1,1
422.0,J2,122,29.09,2.91,18.0,142.5,19,120.0,22.5,2,422.0,45.0,1,1
422.0,J3,122,29.09,2.91,18.0,67.5,9,52.5,15.0,2,422.0,15.0,0,1
422.0,J1,122,29.09,2.91,18.0,60.0,8,45.0,15.0,2,422.0,90.0,1,1
423.0,J2,122,28.86,3.24,19.0,165.0,22,127.5,37.5,2,423.0,7.5,0,1
423.0,J3,122,28.86,3.24,19.0,75.0,10,60.0,15.0,2,423.0,0.0,0,1
423.0,J1,122,28.86,3.24,19.0,60.0,8,60.0,0.0,2,423.0,45.0,1,1
424.0,J2,121,28.54,3.6,20.0,172.5,23,127.5,45.0,2,424.0,0.0,0,1
424.0,J3,121,28.54,3.6,20.0,75.0,10,60.0,15.0,2,424.0,0.0,0,1
424.0,J1,121,28.54,3.6,20.0,60.0,8,60.0,0.0,2,424.0,22.5,0,1
425.0,J2,121,28.24,3.96,21.0,180.0,24,142.5,37.5,2,425.0,7.5,0,1
425.0,J3,121,28.24,3.96,21.0,82.5,11,60.0,22.5,2,425.0,0.0,0,1
425.0,J1,121,28.24,3.96,21.0,60.0,8,60.0,0.0,2,425.0,7.5,0,1
426.0,J2,122,28.25,4.28,22.0,180.0,24,142.5,37.5,2,426.0,7.5,0,1
426.0,J3,122,28.25,4.28,22.0,82.5,11,60.0,22.5,2,426.0,0.0,0,1
426.0,J1,122,28.25,4.28,22.0,60.0,8,60.0,0.0,2,426.0,0.0,0,1
427.0,J2,123,27.68,4.59,23.0,180.0,24,142.5,37.5,2,427.0,7.5,0,1
427.0,J3,123,27.68,4.59,23.0,82.5,11,67.5,15.0,2,427.0,0.0,0,1
427.0,J1,123,27.68,4.59,23.0,60.0,8,60.0,0.0,2,427.0,0.0,0,1
428.0,J2,123,27.38,4.94,24.0,180.0,24,165.0,15.0,2,428.0,7.5,0,1
428.0,J3,123,27.38,4.94,24.0,82.5,11,75.0,7.5,2,428.0,0.0,0,1
428.0,J1,123,27.38,4.94,24.0,60.0,8,60.0,0.0,2,428.0,0.0,0,1
429.0,J2,123,27.25,5.29,25.0,180.0,24,172.5,7.5,2,429.0,7.5,0,1
429.0,J3,123,27.25,5.29,25.0,82.5,11,75.0,7.5,2,429.0,0.0,0,1
429.0,J1,123,27.25,5.29,25.0,60.0,8,60.0,0.0,2,429.0,0.0,0,1
430.0,J2,123,27.13,5.67,26.0,195.0,26,180.0,15.0,2,430.0,15.0,0,1
430.0,J3,123,27.13,5.67,26.0,90.0,12,82.5,7.5,2,430.0,0.0,0,1
430.0,J1,123,27.13,5.67,26.0,67.5,9,60.0,7.5,2,430.0,0.0,0,1
431.0,J2,125,27.51,5.96,27.0,195.0,26,180.0,15.0,2,431.0,22.5,0,1
431.0,J3,125,27.51,5.96,27.0,90.0,12,82.5,7.5,2,431.0,0.0,0,1
431.0,J1,125,27.51,5.96,27.0,67.5,9,60.0,7.5,2,431.0,0.0,0,1
432.0,J2,125,27.65,6.34,28.0,195.0,26,180.0,15.0,2,432.0,15.0,0,1
432.0,J3,125,27.65,6.34,28.0,90.0,12,82.5,7.5,2,432.0,7.5,0,1
432.0,J1,125,27.65,6.34,28.0,67.5,9,60.0,7.5,2,432.0,0.0,0,1
433.0,J2,126,27.5,6.66,29.0,195.0,26,180.0,15.0,2,433.0,22.5,0,1
433.0,J3,126,27.5,6.66,29.0,90.0,12,82.5,7.5,2,433.0,7.5,0,1
433.0,J1,126,27.5,6.66,29.0,67.5,9,60.0,7.5,2,433.0,0.0,0,1
434.0,J2,127,27.49,6.98,30.0,195.0,26,180.0,15.0,2,434.0,30.0,0,1
434.0,J3,127,27.49,6.98,30.0,90.0,12,82.5,7.5,2,434.0,7.5,0,1
434.0,J1,127,27.49,6.98,30.0,67.5,9,60.0,7.5,2,434.0,0.0,0,1
435.0,J2,128,27.38,7.29,31.0,195.0,26,195.0,0.0,2,435.0,30.0,0,1
435.0,J3,128,27.38,7.29,31.0,90.0,12,90.0,0.0,2,435.0,7.5,0,1
435.0,J1,128,27.38,7.29,31.0,67.5,9,67.5,0.0,2,435.0,0.0,0,1
436.0,J2,129,26.91,7.6,32.0,195.0,26,195.0,0.0,2,436.0,30.0,0,1
436.0,J3,129,26.91,7.6,32.0,90.0,12,90.0,0.0,2,436.0,7.5,0,1
436.0,J1,129,26.91,7.6,32.0,75.0,10,67.5,7.5,2,436.0,7.5,0,1
437.0,J2,129,26.29,7.98,33.0,195.0,26,195.0,0.0,2,437.0,30.0,0,1
437.0,J3,129,26.29,7.98,33.0,90.0,12,90.0,0.0,2,437.0,7.5,0,1
437.0,J1,129,26.29,7.98,33.0,75.0,10,67.5,7.5,2,437.0,7.5,0,1
438.0,J2,129,25.53,8.37,34.0,195.0,26,195.0,0.0,2,438.0,30.0,0,1
438.0,J3,129,25.53,8.37,34.0,105.0,14,90.0,15.0,2,438.0,7.5,0,1
438.0,J1,129,25.53,8.37,34.0,82.5,11,67.5,15.0,2,438.0,7.5,0,1
439.0,J2,129,24.2,8.77,35.0,195.0,26,195.0,0.0,2,439.0,30.0,0,1
439.0,J3,129,24.2,8.77,35.0,105.0,14,90.0,15.0,2,439.0,7.5,0,1
439.0,J1,129,24.2,8.77,35.0,82.5,11,67.5,15.0,2,439.0,7.5,0,1
440.0,J2,127,23.13,9.32,36.0,195.0,26,195.0,0.0,2,440.0,30.0,0,1
440.0,J3,127,23.13,9.32,36.0,112.5,15,90.0,22.5,2,440.0,7.5,0,1
440.0,J1,127,23.13,9.32,36.0,90.0,12,67.5,22.5,2,440.0,7.5,0,1
441.0,J2,126,22.34,9.83,37.0,202.5,27,195.0,7.5,2,441.0,30.0,0,1
441.0,J3,126,22.34,9.83,37.0,120.0,16,90.0,30.0,2,441.0,7.5,0,1
441.0,J1,126,22.34,9.83,37.0,90.0,12,75.0,15.0,2,441.0,7.5,0,1
442.0,J2,125,21.45,10.38,38.0,210.0,28,195.0,15.0,2,442.0,30.0,0,1
442.0,J3,125,21.45,10.38,38.0,120.0,16,90.0,30.0,2,442.0,7.5,0,1
442.0,J1,125,21.45,10.38,38.0,105.0,14,75.0,30.0,2,442.0,7.5,0,1
443.0,J2,125,21.07,10.86,39.0,217.5,29,195.0,22.5,2,443.0,30.0,0,1
443.0,J3,125,21.07,10.86,39.0,127.5,17,105.0,22.5,2,443.0,7.5,0,1
443.0,J1,125,21.07,10.86,39.0,105.0,14,82.5,22.5,2,443.0,7.5,0,1
444.0,J2,124,20.73,11.39,40.0,202.5,27,195.0,7.5,2,444.0,37.5,1,1
444.0,J3,124,20.73,11.39,40.0,135.0,18,105.0,30.0,2,444.0,7.5,0,1
444.0,J1,124,20.73,11.39,40.0,112.5,15,82.5,30.0,2,444.0,7.5,0,1
445.0,J2,126,20.82,11.71,41.0,217.5,29,195.0,22.5,2,445.0,37.5,1,1
445.0,J3,126,20.82,11.71,41.0,135.0,18,112.5,22.5,2,445.0,7.5,0,1
445.0,J1,126,20.82,11.71,41.0,120.0,16,90.0,30.0,2,445.0,7.5,0,1
446.0,J2,126,20.28,12.22,42.0,217.5,29,202.5,15.0,2,446.0,37.5,1,1
446.0,J3,126,20.28,12.22,42.0,142.5,19,120.0,22.5,2,446.0,7.5,0,1
446.0,J1,126,20.28,12.22,42.0,127.5,17,90.0,37.5,2,446.0,7.5,0,1
447.0,J2,125,19.75,12.84,43.0,217.5,29,210.0,7.5,2,447.0,45.0,1,1
447.0,J3,125,19.75,12.84,43.0,142.5,19,120.0,22.5,2,447.0,7.5,0,1
447.0,J1,125,19.75,12.84,43.0,127.5,17,105.0,22.5,2,447.0,7.5,0,1
448.0,J2,124,19.49,13.48,44.0,225.0,30,217.5,7.5,3,448.0,45.0,1,1
448.0,J3,124,19.49,13.48,44.0,150.0,20,127.5,22.5,3,448.0,7.5,0,1
448.0,J1,124,19.49,13.48,44.0,127.5,17,105.0,22.5,3,448.0,7.5,0,1
449.0,J2,121,18.25,14.38,45.0,225.0,30,202.5,22.5,3,449.0,45.0,1,1
449.0,J3,121,18.25,14.38,45.0,157.5,21,135.0,22.5,3,449.0,7.5,0,1
449.0,J1,121,18.25,14.38,45.0,127.5,17,112.5,15.0,3,449.0,7.5,0,1
450.0,J2,121,18.15,14.94,46.0,225.0,30,217.5,7.5,3,450.0,45.0,1,1
450.0,J3,121,18.15,14.94,46.0,157.5,21,135.0,22.5,3,450.0,7.5,0,1
450.0,J1,121,18.15,14.94,46.0,127.5,17,120.0,7.5,3,450.0,7.5,0,1
451.0,J2,120,18.26,9.75,43.0,180.0,24,217.5,-37.5,0,451.0,45.0,1,1
451.0,J3,120,18.26,9.75,43.0,112.5,15,142.5,-30.0,0,451.0,7.5,0,1
451.0,J1,120,18.26,9.75,43.0,82.5,11,127.5,-45.0,0,451.0,7.5,0,1
452.0,J2,121,19.82,5.26,39.0,142.5,19,217.5,-75.0,0,452.0,45.0,1,1
452.0,J3,121,19.82,5.26,39.0,75.0,10,142.5,-67.5,0,452.0,7.5,0,1
452.0,J1,121,19.82,5.26,39.0,45.0,6,127.5,-82.5,0,452.0,15.0,0,1
453.0,J2,118,21.32,2.56,36.0,97.5,13,225.0,-127.5,0,453.0,45.0,1,1
453.0,J3,118,21.32,2.56,36.0,30.0,4,150.0,-120.0,0,453.0,7.5,0,1
453.0,J1,118,21.32,2.56,36.0,7.5,1,127.5,-120.0,0,453.0,15.0,0,1
454.0,J2,117,23.84,0.84,30.0,60.0,8,225.0,-165.0,0,454.0,45.0,1,1
454.0,J3,117,23.84,0.84,30.0,0.0,0,157.5,-157.5,0,454.0,7.5,0,1
454.0,J1,117,23.84,0.84,30.0,0.0,0,127.5,-127.5,0,454.0,15.0,0,1
455.0,J2,114,26.55,0.16,11.0,30.0,4,225.0,-195.0,0,455.0,45.0,1,1
455.0,J3,114,26.55,0.16,11.0,0.0,0,157.5,-157.5,0,455.0,7.5,0,1
455.0,J1,114,26.55,0.16,11.0,0.0,0,127.5,-127.5,0,455.0,15.0,0,1
456.0,J2,113,29.34,0.09,5.0,22.5,3,180.0,-157.5,0,456.0,52.5,1,1
456.0,J3,113,29.34,0.09,5.0,0.0,0,112.5,-112.5,0,456.0,7.5,0,1
456.0,J1,113,29.34,0.09,5.0,0.0,0,82.5,-82.5,0,456.0,15.0,0,1
457.0,J2,113,32.28,0.12,6.0,22.5,3,142.5,-120.0,0,457.0,52.5,1,1
457.0,J3,113,32.28,0.12,6.0,0.0,0,75.0,-75.0,0,457.0,7.5,0,1
457.0,J1,113,32.28,0.12,6.0,0.0,0,45.0,-45.0,0,457.0,22.5,0,1
458.0,J2,114,34.75,0.14,7.0,22.5,3,97.5,-75.0,0,458.0,52.5,1,1
458.0,J3,114,34.75,0.14,7.0,0.0,0,30.0,-30.0,0,458.0,7.5,0,1
458.0,J1,114,34.75,0.14,7.0,0.0,0,7.5,-7.5,0,458.0,22.5,0,1
459.0,J2,115,36.51,0.17,8.0,30.0,4,60.0,-30.0,0,459.0,52.5,1,1
459.0,J3,115,36.51,0.17,8.0,0.0,0,0.0,0.0,0,459.0,7.5,0,1
459.0,J1,115,36.51,0.17,8.0,0.0,0,0.0,0.0,0,459.0,22.5,0,1
460.0,J2,117,37.56,0.21,9.0,30.0,4,30.0,0.0,0,460.0,52.5,1,1
460.0,J3,117,37.56,0.21,9.0,0.0,0,0.0,0.0,0,460.0,7.5,0,1
460.0,J1,117,37.56,0.21,9.0,0.0,0,0.0,0.0,0,460.0,22.5,0,1
461.0,J2,118,38.5,0.25,10.0,30.0,4,22.5,7.5,0,461.0,52.5,1,1
461.0,J3,118,38.5,0.25,10.0,0.0,0,0.0,0.0,0,461.0,7.5,0,1
461.0,J1,118,38.5,0.25,10.0,0.0,0,0.0,0.0,0,461.0,22.5,0,1
462.0,J2,117,39.27,0.3,11.0,37.5,5,22.5,15.0,0,462.0,52.5,1,1
462.0,J3,117,39.27,0.3,11.0,0.0,0,0.0,0.0,0,462.0,7.5,0,1
462.0,J1,117,39.27,0.3,11.0,0.0,0,0.0,0.0,0,462.0,22.5,0,1
463.0,J2,118,39.51,0.37,12.0,45.0,6,22.5,22.5,0,463.0,52.5,1,1
463.0,J3,118,39.51,0.37,12.0,7.5,1,0.0,7.5,0,463.0,7.5,0,1
463.0,J1,118,39.51,0.37,12.0,7.5,1,0.0,7.5,0,463.0,22.5,0,1
464.0,J2,119,39.98,0.43,13.0,37.5,5,30.0,7.5,0,464.0,52.5,1,1
464.0,J3,119,39.98,0.43,13.0,7.5,1,0.0,7.5,0,464.0,7.5,0,1
464.0,J1,119,39.98,0.43,13.0,7.5,1,0.0,7.5,0,464.0,22.5,0,1
465.0,J2,119,40.29,0.5,14.0,37.5,5,30.0,7.5,0,465.0,60.0,1,1
465.0,J3,119,40.29,0.5,14.0,7.5,1,0.0,7.5,0,465.0,7.5,0,1
465.0,J1,119,40.29,0.5,14.0,7.5,1,0.0,7.5,0,465.0,22.5,0,1
466.0,J2,121,40.61,0.5,15.0,37.5,5,30.0,7.5,0,466.0,30.0,0,1
466.0,J3,121,40.61,0.5,15.0,7.5,1,0.0,7.5,0,466.0,0.0,0,1
466.0,J1,121,40.61,0.5,15.0,7.5,1,0.0,7.5,0,466.0,0.0,0,1
467.0,J2,121,40.42,0.56,16.0,37.5,5,37.5,0.0,0,467.0,7.5,0,1
467.0,J3,121,40.42,0.56,16.0,7.5,1,0.0,7.5,0,467.0,0.0,0,1
467.0,J1,121,40.42,0.56,16.0,7.5,1,0.0,7.5,0,467.0,7.5,0,1
468.0,J2,121,40.76,0.62,17.0,37.5,5,45.0,-7.5,0,468.0,37.5,1,1
468.0,J3,121,40.76,0.62,17.0,7.5,1,7.5,0.0,0,468.0,0.0,0,1
468.0,J1,121,40.76,0.62,17.0,7.5,1,7.5,0.0,0,468.0,30.0,0,1
469.0,J2,120,40.65,0.68,18.0,37.5,5,37.5,0.0,0,469.0,52.5,1,1
469.0,J3,120,40.65,0.68,18.0,7.5,1,7.5,0.0,0,469.0,0.0,0,1
469.0,J1,120,40.65,0.68,18.0,7.5,1,7.5,0.0,0,469.0,37.5,1,1
470.0,J2,122,40.3,0.74,19.0,37.5,5,37.5,0.0,0,470.0,52.5,1,1
470.0,J3,122,40.3,0.74,19.0,7.5,1,7.5,0.0,0,470.0,0.0,0,1
470.0,J1,122,40.3,0.74,19.0,15.0,2,7.5,7.5,0,470.0,45.0,1,1
471.0,J2,122,40.38,0.8,20.0,37.5,5,37.5,0.0,0,471.0,60.0,1,1
471.0,J3,122,40.38,0.8,20.0,7.5,1,7.5,0.0,0,471.0,0.0,0,1
471.0,J1,122,40.38,0.8,20.0,15.0,2,7.5,7.5,0,471.0,60.0,1,1
472.0,J2,122,39.66,0.87,21.0,37.5,5,37.5,0.0,0,472.0,67.5,1,1
472.0,J3,122,39.66,0.87,21.0,7.5,1,7.5,0.0,0,472.0,7.5,0,1
472.0,J1,122,39.66,0.87,21.0,15.0,2,7.5,7.5,0,472.0,67.5,1,1
473.0,J2,123,39.8,0.94,22.0,45.0,6,37.5,7.5,0,473.0,82.5,1,1
473.0,J3,123,39.8,0.94,22.0,7.5,1,7.5,0.0,0,473.0,15.0,0,1
473.0,J1,123,39.8,0.94,22.0,22.5,3,7.5,15.0,0,473.0,67.5,1,1
474.0,J2,124,39.92,1.02,23.0,45.0,6,37.5,7.5,0,474.0,90.0,1,1
474.0,J3,124,39.92,1.02,23.0,7.5,1,7.5,0.0,0,474.0,15.0,0,1
474.0,J1,124,39.92,1.02,23.0,22.5,3,7.5,15.0,0,474.0,67.5,1,1
475.0,J2,124,39.69,1.1,24.0,45.0,6,37.5,7.5,0,475.0,90.0,1,1
475.0,J3,124,39.69,1.1,24.0,7.5,1,7.5,0.0,0,475.0,15.0,0,1
475.0,J1,124,39.69,1.1,24.0,22.5,3,15.0,7.5,0,475.0,67.5,1,1
476.0,J2,125,39.45,1.18,25.0,52.5,7,37.5,15.0,0,476.0,97.5,1,1
476.0,J3,125,39.45,1.18,25.0,7.5,1,7.5,0.0,0,476.0,30.0,0,1
476.0,J1,125,39.45,1.18,25.0,22.5,3,15.0,7.5,0,476.0,67.5,1,1
477.0,J2,125,39.33,1.27,26.0,52.5,7,37.5,15.0,0,477.0,97.5,1,1
477.0,J3,125,39.33,1.27,26.0,15.0,2,7.5,7.5,0,477.0,37.5,1,1
477.0,J1,125,39.33,1.27,26.0,22.5,3,15.0,7.5,0,477.0,67.5,1,1
478.0,J2,125,39.16,1.37,27.0,52.5,7,45.0,7.5,0,478.0,105.0,1,1
478.0,J3,125,39.16,1.37,27.0,15.0,2,7.5,7.5,0,478.0,37.5,1,1
478.0,J1,125,39.16,1.37,27.0,22.5,3,22.5,0.0,0,478.0,75.0,1,1
479.0,J2,125,39.23,1.46,28.0,52.5,7,45.0,7.5,0,479.0,120.0,1,1
479.0,J3,125,39.23,1.46,28.0,15.0,2,7.5,7.5,0,479.0,37.5,1,1
479.0,J1,125,39.23,1.46,28.0,22.5,3,22.5,0.0,0,479.0,75.0,1,1
480.0,J2,125,39.38,1.56,29.0,52.5,7,45.0,7.5,0,480.0,127.5,1,1
480.0,J3,125,39.38,1.56,29.0,15.0,2,7.5,7.5,0,480.0,37.5,1,1
480.0,J1,125,39.38,1.56,29.0,22.5,3,22.5,0.0,0,480.0,82.5,1,1
481.0,J2,125,39.31,1.66,30.0,52.5,7,52.5,0.0,0,481.0,127.5,1,1
481.0,J3,125,39.31,1.66,30.0,15.0,2,7.5,7.5,0,481.0,37.5,1,1
481.0,J1,125,39.31,1.66,30.0,22.5,3,22.5,0.0,0,481.0,82.5,1,1
482.0,J2,126,39.21,1.74,31.0,52.5,7,52.5,0.0,0,482.0,150.0,1,1
482.0,J3,126,39.21,1.74,31.0,15.0,2,15.0,0.0,0,482.0,45.0,1,1
482.0,J1,126,39.21,1.74,31.0,22.5,3,22.5,0.0,0,482.0,82.5,1,1
483.0,J2,126,39.07,1.84,32.0,60.0,8,52.5,7.5,0,483.0,165.0,1,1
483.0,J3,126,39.07,1.84,32.0,15.0,2,15.0,0.0,0,483.0,52.5,1,1
483.0,J1,126,39.07,1.84,32.0,22.5,3,22.5,0.0,0,483.0,82.5,1,1
484.0,J2,126,39.26,1.94,33.0,60.0,8,52.5,7.5,0,484.0,180.0,1,1
484.0,J3,126,39.26,1.94,33.0,15.0,2,15.0,0.0,0,484.0,52.5,1,1
484.0,J1,126,39.26,1.94,33.0,22.5,3,22.5,0.0,0,484.0,82.5,1,1
485.0,J2,127,39.06,2.03,34.0,60.0,8,52.5,7.5,0,485.0,180.0,1,1
485.0,J3,127,39.06,2.03,34.0,15.0,2,15.0,0.0,0,485.0,52.5,1,1
485.0,J1,127,39.06,2.03,34.0,22.5,3,22.5,0.0,0,485.0,82.5,1,1
486.0,J2,128,39.09,2.12,35.0,60.0,8,52.5,7.5,0,486.0,195.0,1,1
486.0,J3,128,39.09,2.12,35.0,15.0,2,15.0,0.0,0,486.0,52.5,1,1
486.0,J1,128,39.09,2.12,35.0,22.5,3,22.5,0.0,0,486.0,82.5,1,1
487.0,J2,129,38.87,2.2,36.0,60.0,8,52.5,7.5,0,487.0,195.0,1,1
487.0,J3,129,38.87,2.2,36.0,15.0,2,15.0,0.0,0,487.0,52.5,1,1
487.0,J1,129,38.87,2.2,36.0,22.5,3,22.5,0.0,0,487.0,90.0,1,1
488.0,J2,130,39.08,2.28,37.0,60.0,8,60.0,0.0,0,488.0,202.5,1,1
488.0,J3,130,39.08,2.28,37.0,15.0,2,15.0,0.0,0,488.0,52.5,1,1
488.0,J1,130,39.08,2.28,37.0,22.5,3,22.5,0.0,0,488.0,97.5,1,1
489.0,J2,130,39.13,2.38,38.0,60.0,8,60.0,0.0,0,489.0,202.5,1,1
489.0,J3,130,39.13,2.38,38.0,15.0,2,15.0,0.0,0,489.0,52.5,1,1
489.0,J1,130,39.13,2.38,38.0,22.5,3,22.5,0.0,0,489.0,97.5,1,1
490.0,J2,130,38.98,2.48,39.0,60.0,8,60.0,0.0,0,490.0,202.5,1,1
490.0,J3,130,38.98,2.48,39.0,15.0,2,15.0,0.0,0,490.0,52.5,1,1
490.0,J1,130,38.98,2.48,39.0,22.5,3,22.5,0.0,0,490.0,97.5,1,1
491.0,J2,130,38.38,2.59,40.0,67.5,9,60.0,7.5,0,491.0,217.5,1,1
491.0,J3,130,38.38,2.59,40.0,15.0,2,15.0,0.0,0,491.0,52.5,1,1
491.0,J1,130,38.38,2.59,40.0,22.5,3,22.5,0.0,0,491.0,97.5,1,1
492.0,J2,128,38.46,2.75,41.0,67.5,9,60.0,7.5,0,492.0,217.5,1,1
492.0,J3,128,38.46,2.75,41.0,15.0,2,15.0,0.0,0,492.0,60.0,1,1
492.0,J1,128,38.46,2.75,41.0,30.0,4,22.5,7.5,0,492.0,105.0,1,1
493.0,J2,127,38.36,2.89,42.0,67.5,9,60.0,7.5,1,493.0,217.5,1,1
493.0,J3,127,38.36,2.89,42.0,15.0,2,15.0,0.0,1,493.0,60.0,1,1
493.0,J1,127,38.36,2.89,42.0,30.0,4,22.5,7.5,1,493.0,105.0,1,1
494.0,J2,123,37.63,3.11,43.0,67.5,9,60.0,7.5,1,494.0,217.5,1,1
494.0,J3,123,37.63,3.11,43.0,15.0,2,15.0,0.0,1,494.0,60.0,1,1
494.0,J1,123,37.63,3.11,43.0,30.0,4,22.5,7.5,1,494.0,105.0,1,1
495.0,J2,123,36.29,3.23,44.0,67.5,9,60.0,7.5,1,495.0,217.5,1,1
495.0,J3,123,36.29,3.23,44.0,15.0,2,15.0,0.0,1,495.0,60.0,1,1
495.0,J1,123,36.29,3.23,44.0,30.0,4,22.5,7.5,1,495.0,105.0,1,1
496.0,J2,121,34.72,1.54,42.0,52.5,7,67.5,-15.0,2,496.0,217.5,1,1
496.0,J3,121,34.72,1.54,42.0,0.0,0,15.0,-15.0,2,496.0,60.0,1,1
496.0,J1,121,34.72,1.54,42.0,15.0,2,22.5,-7.5,2,496.0,105.0,1,1
497.0,J2,121,33.29,0.72,36.0,45.0,6,67.5,-22.5,2,497.0,217.5,1,1
497.0,J3,121,33.29,0.72,36.0,7.5,1,15.0,-7.5,2,497.0,60.0,1,1
497.0,J1,121,33.29,0.72,36.0,22.5,3,30.0,-7.5,2,497.0,105.0,1,1
498.0,J2,119,31.92,0.31,16.0,30.0,4,67.5,-37.5,2,498.0,217.5,1,1
498.0,J3,119,31.92,0.31,16.0,7.5,1,15.0,-7.5,2,498.0,60.0,1,1
498.0,J1,119,31.92,0.31,16.0,30.0,4,30.0,0.0,2,498.0,105.0,1,1
499.0,J2,117,30.51,0.18,4.0,15.0,2,67.5,-52.5,2,499.0,217.5,1,1
499.0,J3,117,30.51,0.18,4.0,15.0,2,15.0,0.0,2,499.0,60.0,1,1
499.0,J1,117,30.51,0.18,4.0,30.0,4,30.0,0.0,2,499.0,112.5,1,1
500.0,J2,118,29.49,0.31,5.0,30.0,4,67.5,-37.5,2,500.0,217.5,1,1
500.0,J3,118,29.49,0.31,5.0,37.5,5,15.0,22.5,2,500.0,67.5,1,1
500.0,J1,118,29.49,0.31,5.0,45.0,6,30.0,15.0,2,500.0,112.5,1,1
501.0,J2,118,28.86,0.47,6.0,45.0,6,52.5,-7.5,2,501.0,217.5,1,1
501.0,J3,118,28.86,0.47,6.0,45.0,6,0.0,45.0,2,501.0,67.5,1,1
501.0,J1,118,28.86,0.47,6.0,52.5,7,15.0,37.5,2,501.0,112.5,1,1
502.0,J2,118,28.27,0.67,7.0,67.5,9,45.0,22.5,2,502.0,217.5,1,1
502.0,J3,118,28.27,0.67,7.0,52.5,7,7.5,45.0,2,502.0,67.5,1,1
502.0,J1,118,28.27,0.67,7.0,60.0,8,22.5,37.5,2,502.0,112.5,1,1
503.0,J2,118,27.63,0.91,8.0,82.5,11,30.0,52.5,2,503.0,217.5,1,1
503.0,J3,118,27.63,0.91,8.0,60.0,8,7.5,52.5,2,503.0,82.5,1,1
503.0,J1,118,27.63,0.91,8.0,67.5,9,30.0,37.5,2,503.0,120.0,1,1
504.0,J2,118,27.71,1.17,9.0,90.0,12,15.0,75.0,2,504.0,217.5,1,1
504.0,J3,118,27.71,1.17,9.0,60.0,8,15.0,45.0,2,504.0,82.5,1,1
504.0,J1,118,27.71,1.17,9.0,82.5,11,30.0,52.5,2,504.0,127.5,1,1
505.0,J2,116,26.91,1.52,10.0,120.0,16,30.0,90.0,2,505.0,217.5,1,1
505.0,J3,116,26.91,1.52,10.0,75.0,10,37.5,37.5,2,505.0,82.5,1,1
505.0,J1,116,26.91,1.52,10.0,90.0,12,45.0,45.0,2,505.0,135.0,1,1
506.0,J2,116,26.27,1.86,11.0,127.5,17,45.0,82.5,2,506.0,217.5,1,1
506.0,J3,116,26.27,1.86,11.0,75.0,10,45.0,30.0,2,506.0,82.5,1,1
506.0,J1,116,26.27,1.86,11.0,97.5,13,52.5,45.0,2,506.0,135.0,1,1
507.0,J2,116,25.98,2.22,12.0,127.5,17,67.5,60.0,2,507.0,217.5,1,1
507.0,J3,116,25.98,2.22,12.0,75.0,10,52.5,22.5,2,507.0,67.5,1,1
507.0,J1,116,25.98,2.22,12.0,112.5,15,60.0,52.5,2,507.0,142.5,1,1
508.0,J2,116,25.74,2.61,13.0,142.5,19,82.5,60.0,2,508.0,217.5,1,1
508.0,J3,116,25.74,2.61,13.0,75.0,10,60.0,15.0,2,508.0,75.0,1,1
508.0,J1,116,25.74,2.61,13.0,120.0,16,67.5,52.5,2,508.0,142.5,1,1
509.0,J2,117,25.06,2.99,14.0,150.0,20,90.0,60.0,2,509.0,217.5,1,1
509.0,J3,117,25.06,2.99,14.0,82.5,11,60.0,22.5,2,509.0,90.0,1,1
509.0,J1,117,25.06,2.99,14.0,120.0,16,82.5,37.5,2,509.0,142.5,1,1
510.0,J2,119,24.92,3.34,15.0,150.0,20,120.0,30.0,2,510.0,217.5,1,1
510.0,J3,119,24.92,3.34,15.0,82.5,11,75.0,7.5,2,510.0,90.0,1,1
510.0,J1,119,24.92,3.34,15.0,127.5,17,90.0,37.5,2,510.0,142.5,1,1
511.0,J2,120,24.19,3.73,16.0,157.5,21,127.5,30.0,2,511.0,172.5,1,1
511.0,J3,120,24.19,3.73,16.0,90.0,12,75.0,15.0,2,511.0,45.0,1,1
511.0,J1,120,24.19,3.73,16.0,127.5,17,97.5,30.0,2,511.0,97.5,1,1
512.0,J2,121,23.7,4.12,17.0,157.5,21,127.5,30.0,2,512.0,127.5,1,1
512.0,J3,121,23.7,4.12,17.0,97.5,13,75.0,22.5,2,512.0,15.0,0,1
512.0,J1,121,23.7,4.12,17.0,127.5,17,112.5,15.0,2,512.0,52.5,1,1
513.0,J2,122,23.37,4.53,18.0,165.0,22,142.5,22.5,2,513.0,82.5,1,1
513.0,J3,122,23.37,4.53,18.0,105.0,14,75.0,30.0,2,513.0,0.0,0,1
513.0,J1,122,23.37,4.53,18.0,135.0,18,120.0,15.0,2,513.0,7.5,0,1
514.0,J2,123,23.45,4.95,19.0,172.5,23,150.0,22.5,2,514.0,37.5,1,1
514.0,J3,123,23.45,4.95,19.0,105.0,14,82.5,22.5,2,514.0,0.0,0,1
514.0,J1,123,23.45,4.95,19.0,142.5,19,120.0,22.5,2,514.0,7.5,0,1
515.0,J2,123,23.21,5.41,20.0,180.0,24,150.0,30.0,2,515.0,0.0,0,1
515.0,J3,123,23.21,5.41,20.0,105.0,14,82.5,22.5,2,515.0,0.0,0,1
515.0,J1,123,23.21,5.41,20.0,142.5,19,127.5,15.0,2,515.0,7.5,0,1
516.0,J2,123,23.02,5.89,21.0,180.0,24,157.5,22.5,2,516.0,0.0,0,1
516.0,J3,123,23.02,5.89,21.0,112.5,15,90.0,22.5,2,516.0,0.0,0,1
516.0,J1,123,23.02,5.89,21.0,142.5,19,127.5,15.0,2,516.0,7.5,0,1
517.0,J2,123,22.63,6.37,22.0,195.0,26,157.5,37.5,2,517.0,0.0,0,1
517.0,J3,123,22.63,6.37,22.0,112.5,15,97.5,15.0,2,517.0,0.0,0,1
517.0,J1,123,22.63,6.37,22.0,142.5,19,127.5,15.0,2,517.0,7.5,0,1
518.0,J2,123,22.29,6.87,23.0,195.0,26,165.0,30.0,2,518.0,0.0,0,1
518.0,J3,123,22.29,6.87,23.0,120.0,16,105.0,15.0,2,518.0,0.0,0,1
518.0,J1,123,22.29,6.87,23.0,142.5,19,135.0,7.5,2,518.0,7.5,0,1
519.0,J2,123,22.14,7.37,24.0,195.0,26,172.5,22.5,2,519.0,0.0,0,1
519.0,J3,123,22.14,7.37,24.0,120.0,16,105.0,15.0,2,519.0,0.0,0,1
519.0,J1,123,22.14,7.37,24.0,142.5,19,142.5,0.0,2,519.0,7.5,0,1
520.0,J2,125,22.46,7.74,25.0,195.0,26,180.0,15.0,2,520.0,0.0,0,1
520.0,J3,125,22.46,7.74,25.0,127.5,17,105.0,22.5,2,520.0,0.0,0,1
520.0,J1,125,22.46,7.74,25.0,142.5,19,142.5,0.0,2,520.0,7.5,0,1
521.0,J2,125,22.49,8.24,26.0,195.0,26,180.0,15.0,2,521.0,0.0,0,1
521.0,J3,125,22.49,8.24,26.0,127.5,17,112.5,15.0,2,521.0,0.0,0,1
521.0,J1,125,22.49,8.24,26.0,142.5,19,142.5,0.0,2,521.0,7.5,0,1
522.0,J2,125,21.94,8.74,27.0,195.0,26,195.0,0.0,2,522.0,0.0,0,1
522.0,J3,125,21.94,8.74,27.0,127.5,17,112.5,15.0,2,522.0,0.0,0,1
522.0,J1,125,21.94,8.74,27.0,142.5,19,142.5,0.0,2,522.0,7.5,0,1
523.0,J2,126,21.82,9.16,28.0,195.0,26,195.0,0.0,2,523.0,0.0,0,1
523.0,J3,126,21.82,9.16,28.0,127.5,17,120.0,7.5,2,523.0,0.0,0,1
523.0,J1,126,21.82,9.16,28.0,142.5,19,142.5,0.0,2,523.0,7.5,0,1
524.0,J2,127,21.6,9.58,29.0,195.0,26,195.0,0.0,2,524.0,0.0,0,1
524.0,J3,127,21.6,9.58,29.0,135.0,18,120.0,15.0,2,524.0,0.0,0,1
524.0,J1,127,21.6,9.58,29.0,142.5,19,142.5,0.0,2,524.0,7.5,0,1
525.0,J2,127,21.26,10.09,30.0,195.0,26,195.0,0.0,2,525.0,0.0,0,1
525.0,J3,127,21.26,10.09,30.0,142.5,19,127.5,15.0,2,525.0,0.0,0,1
525.0,J1,127,21.26,10.09,30.0,142.5,19,142.5,0.0,2,525.0,7.5,0,1
526.0,J2,127,20.38,10.6,31.0,195.0,26,195.0,0.0,2,526.0,0.0,0,1
526.0,J3,127,20.38,10.6,31.0,150.0,20,127.5,22.5,2,526.0,0.0,0,1
526.0,J1,127,20.38,10.6,31.0,142.5,19,142.5,0.0,2,526.0,7.5,0,1
527.0,J2,128,20.3,11.03,32.0,202.5,27,195.0,7.5,2,527.0,7.5,0,1
527.0,J3,128,20.3,11.03,32.0,150.0,20,127.5,22.5,2,527.0,0.0,0,1
527.0,J1,128,20.3,11.03,32.0,142.5,19,142.5,0.0,2,527.0,7.5,0,1
528.0,J2,128,19.75,11.56,33.0,202.5,27,195.0,7.5,2,528.0,7.5,0,1
528.0,J3,128,19.75,11.56,33.0,150.0,20,127.5,22.5,2,528.0,0.0,0,1
528.0,J1,128,19.75,11.56,33.0,157.5,21,142.5,15.0,2,528.0,15.0,0,1
529.0,J2,128,19.3,12.11,34.0,210.0,28,195.0,15.0,2,529.0,7.5,0,1
529.0,J3,128,19.3,12.11,34.0,150.0,20,135.0,15.0,2,529.0,0.0,0,1
529.0,J1,128,19.3,12.11,34.0,165.0,22,142.5,22.5,2,529.0,15.0,0,1
530.0,J2,127,18.85,12.76,35.0,210.0,28,195.0,15.0,2,530.0,7.5,0,1
530.0,J3,127,18.85,12.76,35.0,150.0,20,142.5,7.5,2,530.0,0.0,0,1
530.0,J1,127,18.85,12.76,35.0,165.0,22,142.5,22.5,2,530.0,15.0,0,1
531.0,J2,126,18.58,13.43,36.0,217.5,29,195.0,22.5,2,531.0,7.5,0,1
531.0,J3,126,18.58,13.43,36.0,150.0,20,150.0,0.0,2,531.0,0.0,0,1
531.0,J1,126,18.58,13.43,36.0,172.5,23,142.5,30.0,2,531.0,15.0,0,1
532.0,J2,125,17.72,14.13,37.0,217.5,29,202.5,15.0,2,532.0,7.5,0,1
532.0,J3,125,17.72,14.13,37.0,165.0,22,150.0,15.0,2,532.0,0.0,0,1
532.0,J1,125,17.72,14.13,37.0,172.5,23,142.5,30.0,2,532.0,15.0,0,1
533.0,J2,125,17.45,14.72,38.0,217.5,29,202.5,15.0,2,533.0,7.5,0,1
533.0,J3,125,17.45,14.72,38.0,165.0,22,150.0,15.0,2,533.0,0.0,0,1
533.0,J1,125,17.45,14.72,38.0,172.5,23,157.5,15.0,2,533.0,15.0,0,1
534.0,J2,125,17.13,15.32,39.0,225.0,30,210.0,15.0,2,534.0,7.5,0,1
534.0,J3,125,17.13,15.32,39.0,165.0,22,150.0,15.0,2,534.0,0.0,0,1
534.0,J1,125,17.13,15.32,39.0,172.5,23,165.0,7.5,2,534.0,15.0,0,1
535.0,J2,125,16.92,15.92,40.0,225.0,30,210.0,15.0,2,535.0,7.5,0,1
535.0,J3,125,16.92,15.92,40.0,165.0,22,150.0,15.0,2,535.0,0.0,0,1
535.0,J1,125,16.92,15.92,40.0,172.5,23,165.0,7.5,2,535.0,15.0,0,1
536.0,J2,123,16.07,16.8,41.0,225.0,30,217.5,7.5,2,536.0,7.5,0,1
536.0,J3,123,16.07,16.8,41.0,172.5,23,150.0,22.5,2,536.0,0.0,0,1
536.0,J1,123,16.07,16.8,41.0,172.5,23,172.5,0.0,2,536.0,15.0,0,1
537.0,J2,119,14.85,18.03,42.0,232.5,31,217.5,15.0,2,537.0,7.5,0,1
537.0,J3,119,14.85,18.03,42.0,180.0,24,165.0,15.0,2,537.0,0.0,0,1
537.0,J1,119,14.85,18.03,42.0,180.0,24,172.5,7.5,2,537.0,22.5,0,1
538.0,J2,117,14.03,19.01,43.0,232.5,31,217.5,15.0,3,538.0,7.5,0,1
538.0,J3,117,14.03,19.01,43.0,180.0,24,165.0,15.0,3,538.0,0.0,0,1
538.0,J1,117,14.03,19.01,43.0,180.0,24,172.5,7.5,3,538.0,22.5,0,1
539.0,J2,115,13.13,20.03,44.0,232.5,31,225.0,7.5,3,539.0,7.5,0,1
539.0,J3,115,13.13,20.03,44.0,180.0,24,165.0,15.0,3,539.0,0.0,0,1
539.0,J1,115,13.13,20.03,44.0,180.0,24,172.5,7.5,3,539.0,22.5,0,1
540.0,J2,114,12.67,20.9,45.0,232.5,31,225.0,7.5,3,540.0,7.5,0,1
540.0,J3,114,12.67,20.9,45.0,180.0,24,165.0,15.0,3,540.0,0.0,0,1
540.0,J1,114,12.67,20.9,45.0,187.5,25,172.5,15.0,3,540.0,22.5,0,1
541.0,J2,113,13.04,15.12,42.0,187.5,25,225.0,-37.5,0,541.0,7.5,0,1
541.0,J3,113,13.04,15.12,42.0,142.5,19,172.5,-30.0,0,541.0,0.0,0,1
541.0,J1,113,13.04,15.12,42.0,142.5,19,172.5,-30.0,0,541.0,22.5,0,1
542.0,J2,110,13.58,10.24,40.0,142.5,19,232.5,-90.0,0,542.0,7.5,0,1
542.0,J3,110,13.58,10.24,40.0,97.5,13,180.0,-82.5,0,542.0,7.5,0,1
542.0,J1,110,13.58,10.24,40.0,97.5,13,180.0,-82.5,0,542.0,22.5,0,1
543.0,J2,110,15.64,5.78,39.0,97.5,13,232.5,-135.0,0,543.0,15.0,0,1
543.0,J3,110,15.64,5.78,39.0,52.5,7,180.0,-127.5,0,543.0,7.5,0,1
543.0,J1,110,15.64,5.78,39.0,60.0,8,180.0,-120.0,0,543.0,22.5,0,1
544.0,J2,109,18.54,2.64,37.0,60.0,8,232.5,-172.5,0,544.0,15.0,0,1
544.0,J3,109,18.54,2.64,37.0,22.5,3,180.0,-157.5,0,544.0,7.5,0,1
544.0,J1,109,18.54,2.64,37.0,45.0,6,180.0,-135.0,0,544.0,22.5,0,1
545.0,J2,108,21.76,0.72,19.0,22.5,3,232.5,-210.0,0,545.0,15.0,0,1
545.0,J3,108,21.76,0.72,19.0,15.0,2,180.0,-165.0,0,545.0,7.5,0,1
545.0,J1,108,21.76,0.72,19.0,22.5,3,187.5,-165.0,0,545.0,22.5,0,1
546.0,J2,108,25.49,0.17,10.0,7.5,1,187.5,-180.0,0,546.0,22.5,0,1
546.0,J3,108,25.49,0.17,10.0,15.0,2,142.5,-127.5,0,546.0,7.5,0,1
546.0,J1,108,25.49,0.17,10.0,7.5,1,142.5,-135.0,0,546.0,22.5,0,1
547.0,J2,107,28.21,0.1,4.0,0.0,0,142.5,-142.5,0,547.0,22.5,0,1
547.0,J3,107,28.21,0.1,4.0,15.0,2,97.5,-82.5,0,547.0,7.5,0,1
547.0,J1,107,28.21,0.1,4.0,7.5,1,97.5,-90.0,0,547.0,22.5,0,1
548.0,J2,106,30.92,0.14,5.0,0.0,0,97.5,-97.5,0,548.0,22.5,0,1
548.0,J3,106,30.92,0.14,5.0,15.0,2,52.5,-37.5,0,548.0,7.5,0,1
548.0,J1,106,30.92,0.14,5.0,7.5,1,60.0,-52.5,0,548.0,22.5,0,1
549.0,J2,107,32.89,0.19,6.0,0.0,0,60.0,-60.0,0,549.0,22.5,0,1
549.0,J3,107,32.89,0.19,6.0,15.0,2,22.5,-7.5,0,549.0,7.5,0,1
549.0,J1,107,32.89,0.19,6.0,15.0,2,45.0,-30.0,0,549.0,22.5,0,1
550.0,J2,107,34.55,0.24,7.0,7.5,1,22.5,-15.0,0,550.0,30.0,0,1
550.0,J3,107,34.55,0.24,7.0,15.0,2,15.0,0.0,0,550.0,7.5,0,1
550.0,J1,107,34.55,0.24,7.0,15.0,2,22.5,-7.5,0,550.0,22.5,0,1
551.0,J2,108,35.79,0.31,8.0,7.5,1,7.5,0.0,0,551.0,30.0,0,1
551.0,J3,108,35.79,0.31,8.0,15.0,2,15.0,0.0,0,551.0,7.5,0,1
551.0,J1,108,35.79,0.31,8.0,22.5,3,7.5,15.0,0,551.0,22.5,0,1
552.0,J2,108,36.94,0.34,9.0,0.0,0,0.0,0.0,0,552.0,37.5,1,1
552.0,J3,108,36.94,0.34,9.0,15.0,2,15.0,0.0,0,552.0,7.5,0,1
552.0,J1,108,36.94,0.34,9.0,22.5,3,7.5,15.0,0,552.0,22.5,0,1
553.0,J2,108,37.54,0.41,10.0,0.0,0,0.0,0.0,0,553.0,45.0,1,1
553.0,J3,108,37.54,0.41,10.0,15.0,2,15.0,0.0,0,553.0,7.5,0,1
553.0,J1,108,37.54,0.41,10.0,30.0,4,7.5,22.5,0,553.0,30.0,0,1
554.0,J2,108,38.19,0.47,11.0,0.0,0,0.0,0.0,0,554.0,45.0,1,1
554.0,J3,108,38.19,0.47,11.0,15.0,2,15.0,0.0,0,554.0,7.5,0,1
554.0,J1,108,38.19,0.47,11.0,30.0,4,15.0,15.0,0,554.0,30.0,0,1
555.0,J2,108,37.96,0.54,12.0,0.0,0,7.5,-7.5,0,555.0,45.0,1,1
555.0,J3,108,37.96,0.54,12.0,15.0,2,15.0,0.0,0,555.0,7.5,0,1
555.0,J1,108,37.96,0.54,12.0,30.0,4,15.0,15.0,0,555.0,37.5,1,1
556.0,J2,109,38.12,0.61,13.0,15.0,2,7.5,7.5,0,556.0,30.0,0,1
556.0,J3,109,38.12,0.61,13.0,15.0,2,15.0,0.0,0,556.0,0.0,0,1
556.0,J1,109,38.12,0.61,13.0,30.0,4,22.5,7.5,0,556.0,22.5,0,1
557.0,J2,109,38.22,0.68,14.0,7.5,1,0.0,7.5,0,557.0,7.5,0,1
557.0,J3,109,38.22,0.68,14.0,15.0,2,15.0,0.0,0,557.0,15.0,0,1
557.0,J1,109,38.22,0.68,14.0,30.0,4,22.5,7.5,0,557.0,7.5,0,1
558.0,J2,111,38.66,0.74,15.0,7.5,1,0.0,7.5,0,558.0,15.0,0,1
558.0,J3,111,38.66,0.74,15.0,15.0,2,15.0,0.0,0,558.0,22.5,0,1
558.0,J1,111,38.66,0.74,15.0,30.0,4,30.0,0.0,0,558.0,7.5,0,1
559.0,J2,111,38.43,0.83,16.0,7.5,1,0.0,7.5,0,559.0,22.5,0,1
559.0,J3,111,38.43,0.83,16.0,15.0,2,15.0,0.0,0,559.0,30.0,0,1
559.0,J1,111,38.43,0.83,16.0,45.0,6,30.0,15.0,0,559.0,15.0,0,1
560.0,J2,111,38.56,0.92,17.0,7.5,1,0.0,7.5,0,560.0,30.0,0,1
560.0,J3,111,38.56,0.92,17.0,15.0,2,15.0,0.0,0,560.0,37.5,1,1
560.0,J1,111,38.56,0.92,17.0,45.0,6,30.0,15.0,0,560.0,22.5,0,1
561.0,J2,111,38.63,0.88,18.0,7.5,1,15.0,-7.5,0,561.0,30.0,0,1
561.0,J3,111,38.63,0.88,18.0,15.0,2,15.0,0.0,0,561.0,45.0,1,1
561.0,J1,111,38.63,0.88,18.0,45.0,6,30.0,15.0,0,561.0,37.5,1,1
562.0,J2,111,38.45,0.96,19.0,7.5,1,7.5,0.0,0,562.0,30.0,0,1
562.0,J3,111,38.45,0.96,19.0,15.0,2,15.0,0.0,0,562.0,45.0,1,1
562.0,J1,111,38.45,0.96,19.0,45.0,6,30.0,15.0,0,562.0,45.0,1,1
563.0,J2,110,38.34,1.05,20.0,7.5,1,7.5,0.0,0,563.0,30.0,0,1
563.0,J3,110,38.34,1.05,20.0,15.0,2,15.0,0.0,0,563.0,52.5,1,1
563.0,J1,110,38.34,1.05,20.0,45.0,6,30.0,15.0,0,563.0,52.5,1,1
564.0,J2,111,38.34,1.14,21.0,15.0,2,7.5,7.5,0,564.0,37.5,1,1
564.0,J3,111,38.34,1.14,21.0,15.0,2,15.0,0.0,0,564.0,60.0,1,1
564.0,J1,111,38.34,1.14,21.0,45.0,6,45.0,0.0,0,564.0,60.0,1,1
565.0,J2,111,38.32,1.23,22.0,15.0,2,7.5,7.5,0,565.0,37.5,1,1
565.0,J3,111,38.32,1.23,22.0,15.0,2,15.0,0.0,0,565.0,67.5,1,1
565.0,J1,111,38.32,1.23,22.0,45.0,6,45.0,0.0,0,565.0,67.5,1,1
566.0,J2,111,38.22,1.32,23.0,15.0,2,7.5,7.5,0,566.0,37.5,1,1
566.0,J3,111,38.22,1.32,23.0,22.5,3,15.0,7.5,0,566.0,67.5,1,1
566.0,J1,111,38.22,1.32,23.0,45.0,6,45.0,0.0,0,566.0,82.5,1,1
567.0,J2,110,38.25,1.44,24.0,15.0,2,7.5,7.5,0,567.0,45.0,1,1
567.0,J3,110,38.25,1.44,24.0,22.5,3,15.0,7.5,0,567.0,75.0,1,1
567.0,J1,110,38.25,1.44,24.0,45.0,6,45.0,0.0,0,567.0,90.0,1,1
568.0,J2,110,38.04,1.54,25.0,15.0,2,7.5,7.5,0,568.0,45.0,1,1
568.0,J3,110,38.04,1.54,25.0,22.5,3,15.0,7.5,0,568.0,82.5,1,1
568.0,J1,110,38.04,1.54,25.0,45.0,6,45.0,0.0,0,568.0,105.0,1,1
569.0,J2,110,37.88,1.64,26.0,15.0,2,15.0,0.0,0,569.0,52.5,1,1
569.0,J3,110,37.88,1.64,26.0,22.5,3,15.0,7.5,0,569.0,105.0,1,1
569.0,J1,110,37.88,1.64,26.0,45.0,6,45.0,0.0,0,569.0,105.0,1,1
570.0,J2,111,38.01,1.72,27.0,15.0,2,15.0,0.0,0,570.0,52.5,1,1
570.0,J3,111,38.01,1.72,27.0,22.5,3,15.0,7.5,0,570.0,112.5,1,1
570.0,J1,111,38.01,1.72,27.0,45.0,6,45.0,0.0,0,570.0,112.5,1,1
571.0,J2,116,38.37,1.75,28.0,22.5,3,15.0,7.5,0,571.0,82.5,1,1
571.0,J3,116,38.37,1.75,28.0,22.5,3,22.5,0.0,0,571.0,127.5,1,1
571.0,J1,116,38.37,1.75,28.0,45.0,6,45.0,0.0,0,571.0,112.5,1,1
572.0,J2,116,38.1,1.85,29.0,22.5,3,15.0,7.5,0,572.0,82.5,1,1
572.0,J3,116,38.1,1.85,29.0,22.5,3,22.5,0.0,0,572.0,127.5,1,1
572.0,J1,116,38.1,1.85,29.0,45.0,6,45.0,0.0,0,572.0,112.5,1,1
573.0,J2,117,38.1,1.94,30.0,22.5,3,15.0,7.5,0,573.0,97.5,1,1
573.0,J3,117,38.1,1.94,30.0,22.5,3,22.5,0.0,0,573.0,135.0,1,1
573.0,J1,117,38.1,1.94,30.0,45.0,6,45.0,0.0,0,573.0,112.5,1,1
574.0,J2,118,38.35,2.03,31.0,22.5,3,15.0,7.5,0,574.0,105.0,1,1
574.0,J3,118,38.35,2.03,31.0,22.5,3,22.5,0.0,0,574.0,135.0,1,1
574.0,J1,118,38.35,2.03,31.0,45.0,6,45.0,0.0,0,574.0,127.5,1,1
575.0,J2,117,38.44,2.15,32.0,22.5,3,15.0,7.5,0,575.0,105.0,1,1
575.0,J3,117,38.44,2.15,32.0,30.0,4,22.5,7.5,0,575.0,142.5,1,1
575.0,J1,117,38.44,2.15,32.0,45.0,6,45.0,0.0,0,575.0,127.5,1,1
576.0,J2,117,38.21,2.26,33.0,22.5,3,22.5,0.0,0,576.0,105.0,1,1
576.0,J3,117,38.21,2.26,33.0,30.0,4,22.5,7.5,0,576.0,157.5,1,1
576.0,J1,117,38.21,2.26,33.0,45.0,6,45.0,0.0,0,576.0,127.5,1,1
577.0,J2,118,38.42,2.36,34.0,22.5,3,22.5,0.0,0,577.0,105.0,1,1
577.0,J3,118,38.42,2.36,34.0,30.0,4,22.5,7.5,0,577.0,165.0,1,1
577.0,J1,118,38.42,2.36,34.0,45.0,6,45.0,0.0,0,577.0,135.0,1,1
578.0,J2,118,38.11,2.47,35.0,22.5,3,22.5,0.0,0,578.0,105.0,1,1
578.0,J3,118,38.11,2.47,35.0,30.0,4,22.5,7.5,0,578.0,165.0,1,1
578.0,J1,118,38.11,2.47,35.0,45.0,6,45.0,0.0,0,578.0,135.0,1,1
579.0,J2,119,38.52,2.55,36.0,22.5,3,22.5,0.0,0,579.0,105.0,1,1
579.0,J3,119,38.52,2.55,36.0,30.0,4,22.5,7.5,0,579.0,165.0,1,1
579.0,J1,119,38.52,2.55,36.0,45.0,6,45.0,0.0,0,579.0,142.5,1,1
580.0,J2,120,38.64,2.64,37.0,22.5,3,22.5,0.0,0,580.0,105.0,1,1
580.0,J3,120,38.64,2.64,37.0,30.0,4,30.0,0.0,0,580.0,165.0,1,1
580.0,J1,120,38.64,2.64,37.0,45.0,6,45.0,0.0,0,580.0,142.5,1,1
581.0,J2,121,38.82,2.73,38.0,22.5,3,22.5,0.0,0,581.0,105.0,1,1
581.0,J3,121,38.82,2.73,38.0,30.0,4,30.0,0.0,0,581.0,165.0,1,1
581.0,J1,121,38.82,2.73,38.0,45.0,6,45.0,0.0,0,581.0,142.5,1,1
582.0,J2,118,38.41,2.91,39.0,22.5,3,22.5,0.0,0,582.0,105.0,1,1
582.0,J3,118,38.41,2.91,39.0,30.0,4,30.0,0.0,0,582.0,165.0,1,1
582.0,J1,118,38.41,2.91,39.0,45.0,6,45.0,0.0,0,582.0,142.5,1,1
583.0,J2,117,38.02,3.04,40.0,22.5,3,22.5,0.0,1,583.0,112.5,1,1
583.0,J3,117,38.02,3.04,40.0,30.0,4,30.0,0.0,1,583.0,165.0,1,1
583.0,J1,117,38.02,3.04,40.0,45.0,6,45.0,0.0,1,583.0,142.5,1,1
584.0,J2,116,37.31,3.18,41.0,22.5,3,22.5,0.0,1,584.0,120.0,1,1
584.0,J3,116,37.31,3.18,41.0,30.0,4,30.0,0.0,1,584.0,165.0,1,1
584.0,J1,116,37.31,3.18,41.0,45.0,6,45.0,0.0,1,584.0,142.5,1,1
585.0,J2,115,36.33,3.33,42.0,22.5,3,22.5,0.0,1,585.0,120.0,1,1
585.0,J3,115,36.33,3.33,42.0,30.0,4,30.0,0.0,1,585.0,165.0,1,1
585.0,J1,115,36.33,3.33,42.0,52.5,7,45.0,7.5,1,585.0,150.0,1,1
586.0,J2,114,35.5,1.0,34.0,0.0,0,22.5,-22.5,2,586.0,127.5,1,1
586.0,J3,114,35.5,1.0,34.0,7.5,1,30.0,-22.5,2,586.0,165.0,1,1
586.0,J1,114,35.5,1.0,34.0,37.5,5,45.0,-7.5,2,586.0,150.0,1,1
587.0,J2,113,34.83,0.32,29.0,0.0,0,22.5,-22.5,2,587.0,127.5,1,1
587.0,J3,113,34.83,0.32,29.0,7.5,1,30.0,-22.5,2,587.0,165.0,1,1
587.0,J1,113,34.83,0.32,29.0,30.0,4,45.0,-15.0,2,587.0,150.0,1,1
588.0,J2,111,34.37,0.09,4.0,0.0,0,22.5,-22.5,2,588.0,135.0,1,1
588.0,J3,111,34.37,0.09,4.0,7.5,1,30.0,-22.5,2,588.0,165.0,1,1
588.0,J1,111,34.37,0.09,4.0,30.0,4,45.0,-15.0,2,588.0,157.5,1,1
589.0,J2,108,33.56,0.17,5.0,7.5,1,22.5,-15.0,2,589.0,135.0,1,1
589.0,J3,108,33.56,0.17,5.0,7.5,1,30.0,-22.5,2,589.0,165.0,1,1
589.0,J1,108,33.56,0.17,5.0,45.0,6,45.0,0.0,2,589.0,157.5,1,1
590.0,J2,106,33.42,0.26,6.0,22.5,3,22.5,0.0,2,590.0,142.5,1,1
590.0,J3,106,33.42,0.26,6.0,7.5,1,30.0,-22.5,2,590.0,180.0,1,1
590.0,J1,106,33.42,0.26,6.0,45.0,6,52.5,-7.5,2,590.0,165.0,1,1
591.0,J2,103,32.82,0.42,7.0,45.0,6,0.0,45.0,2,591.0,157.5,1,1
591.0,J3,103,32.82,0.42,7.0,15.0,2,7.5,7.5,2,591.0,187.5,1,1
591.0,J1,103,32.82,0.42,7.0,52.5,7,37.5,15.0,2,591.0,180.0,1,1
592.0,J2,100,32.52,0.6,8.0,52.5,7,0.0,52.5,2,592.0,157.5,1,1
592.0,J3,100,32.52,0.6,8.0,22.5,3,7.5,15.0,2,592.0,187.5,1,1
592.0,J1,100,32.52,0.6,8.0,52.5,7,30.0,22.5,2,592.0,180.0,1,1
593.0,J2,99,31.94,0.81,9.0,67.5,9,0.0,67.5,2,593.0,157.5,1,1
593.0,J3,99,31.94,0.81,9.0,30.0,4,7.5,22.5,2,593.0,195.0,1,1
593.0,J1,99,31.94,0.81,9.0,52.5,7,30.0,22.5,2,593.0,180.0,1,1
594.0,J2,99,30.52,1.03,10.0,67.5,9,7.5,60.0,2,594.0,157.5,1,1
594.0,J3,99,30.52,1.03,10.0,30.0,4,7.5,22.5,2,594.0,195.0,1,1
594.0,J1,99,30.52,1.03,10.0,67.5,9,45.0,22.5,2,594.0,180.0,1,1
595.0,J2,97,29.29,1.31,11.0,67.5,9,22.5,45.0,2,595.0,157.5,1,1
595.0,J3,97,29.29,1.31,11.0,37.5,5,7.5,30.0,2,595.0,195.0,1,1
595.0,J1,97,29.29,1.31,11.0,82.5,11,45.0,37.5,2,595.0,180.0,1,1
596.0,J2,99,28.92,1.55,12.0,67.5,9,45.0,22.5,2,596.0,157.5,1,1
596.0,J3,99,28.92,1.55,12.0,45.0,6,15.0,30.0,2,596.0,195.0,1,1
596.0,J1,99,28.92,1.55,12.0,82.5,11,52.5,30.0,2,596.0,180.0,1,1
597.0,J2,98,27.85,1.89,13.0,75.0,10,52.5,22.5,2,597.0,157.5,1,1
597.0,J3,98,27.85,1.89,13.0,67.5,9,22.5,45.0,2,597.0,202.5,1,1
597.0,J1,98,27.85,1.89,13.0,97.5,13,52.5,45.0,2,597.0,187.5,1,1
598.0,J2,98,26.98,2.22,14.0,75.0,10,67.5,7.5,2,598.0,157.5,1,1
598.0,J3,98,26.98,2.22,14.0,67.5,9,30.0,37.5,2,598.0,202.5,1,1
598.0,J1,98,26.98,2.22,14.0,105.0,14,52.5,52.5,2,598.0,187.5,1,1
599.0,J2,98,25.85,2.56,15.0,75.0,10,67.5,7.5,2,599.0,157.5,1,1
599.0,J3,98,25.85,2.56,15.0,67.5,9,30.0,37.5,2,599.0,202.5,1,1
599.0,J1,98,25.85,2.56,15.0,105.0,14,67.5,37.5,2,599.0,187.5,1,1
600.0,J2,97,24.72,2.97,16.0,97.5,13,67.5,30.0,2,600.0,157.5,1,1
600.0,J3,97,24.72,2.97,16.0,67.5,9,37.5,30.0,2,600.0,202.5,1,1
600.0,J1,97,24.72,2.97,16.0,112.5,15,82.5,30.0,2,600.0,187.5,1,1
601.0,J2,98,24.21,3.35,17.0,105.0,14,67.5,37.5,2,601.0,112.5,1,1
601.0,J3,98,24.21,3.35,17.0,75.0,10,45.0,30.0,2,601.0,165.0,1,1
601.0,J1,98,24.21,3.35,17.0,120.0,16,82.5,37.5,2,601.0,150.0,1,1
602.0,J2,99,23.59,3.73,18.0,112.5,15,75.0,37.5,2,602.0,75.0,1,1
602.0,J3,99,23.59,3.73,18.0,75.0,10,67.5,7.5,2,602.0,120.0,1,1
602.0,J1,99,23.59,3.73,18.0,120.0,16,97.5,22.5,2,602.0,112.5,1,1
603.0,J2,100,23.47,4.11,19.0,112.5,15,75.0,37.5,2,603.0,37.5,1,1
603.0,J3,100,23.47,4.11,19.0,75.0,10,67.5,7.5,2,603.0,75.0,1,1
603.0,J1,100,23.47,4.11,19.0,127.5,17,105.0,22.5,2,603.0,67.5,1,1
604.0,J2,101,23.71,4.5,20.0,127.5,17,75.0,52.5,2,604.0,7.5,0,1
604.0,J3,101,23.71,4.5,20.0,75.0,10,67.5,7.5,2,604.0,37.5,1,1
604.0,J1,101,23.71,4.5,20.0,127.5,17,105.0,22.5,2,604.0,22.5,0,1
605.0,J2,100,23.28,5.01,21.0,135.0,18,97.5,37.5,2,605.0,15.0,0,1
605.0,J3,100,23.28,5.01,21.0,82.5,11,67.5,15.0,2,605.0,15.0,0,1
605.0,J1,100,23.28,5.01,21.0,127.5,17,112.5,15.0,2,605.0,0.0,0,1
606.0,J2,102,23.42,5.37,22.0,135.0,18,105.0,30.0,2,606.0,15.0,0,1
606.0,J3,102,23.42,5.37,22.0,82.5,11,75.0,7.5,2,606.0,0.0,0,1
606.0,J1,102,23.42,5.37,22.0,135.0,18,120.0,15.0,2,606.0,0.0,0,1
607.0,J2,102,23.21,5.84,23.0,142.5,19,112.5,30.0,2,607.0,15.0,0,1
607.0,J3,102,23.21,5.84,23.0,82.5,11,75.0,7.5,2,607.0,0.0,0,1
607.0,J1,102,23.21,5.84,23.0,135.0,18,120.0,15.0,2,607.0,0.0,0,1
608.0,J2,103,23.21,6.26,24.0,142.5,19,112.5,30.0,2,608.0,15.0,0,1
608.0,J3,103,23.21,6.26,24.0,90.0,12,75.0,15.0,2,608.0,0.0,0,1
608.0,J1,103,23.21,6.26,24.0,135.0,18,127.5,7.5,2,608.0,0.0,0,1
609.0,J2,104,23.43,6.67,25.0,142.5,19,127.5,15.0,2,609.0,15.0,0,1
609.0,J3,104,23.43,6.67,25.0,90.0,12,75.0,15.0,2,609.0,0.0,0,1
609.0,J1,104,23.43,6.67,25.0,135.0,18,127.5,7.5,2,609.0,0.0,0,1
610.0,J2,104,23.23,7.15,26.0,142.5,19,135.0,7.5,2,610.0,15.0,0,1
610.0,J3,104,23.23,7.15,26.0,90.0,12,82.5,7.5,2,610.0,0.0,0,1
610.0,J1,104,23.23,7.15,26.0,142.5,19,127.5,15.0,2,610.0,0.0,0,1
611.0,J2,104,22.88,7.63,27.0,142.5,19,135.0,7.5,2,611.0,15.0,0,1
611.0,J3,104,22.88,7.63,27.0,90.0,12,82.5,7.5,2,611.0,0.0,0,1
611.0,J1,104,22.88,7.63,27.0,142.5,19,135.0,7.5,2,611.0,0.0,0,1
612.0,J2,104,22.83,8.12,28.0,142.5,19,142.5,0.0,2,612.0,15.0,0,1
612.0,J3,104,22.83,8.12,28.0,97.5,13,82.5,15.0,2,612.0,0.0,0,1
612.0,J1,104,22.83,8.12,28.0,142.5,19,135.0,7.5,2,612.0,0.0,0,1
613.0,J2,105,22.95,8.54,29.0,142.5,19,142.5,0.0,2,613.0,15.0,0,1
613.0,J3,105,22.95,8.54,29.0,105.0,14,90.0,15.0,2,613.0,0.0,0,1
613.0,J1,105,22.95,8.54,29.0,142.5,19,135.0,7.5,2,613.0,0.0,0,1
614.0,J2,107,23.02,8.87,30.0,142.5,19,142.5,0.0,2,614.0,15.0,0,1
614.0,J3,107,23.02,8.87,30.0,105.0,14,90.0,15.0,2,614.0,0.0,0,1
614.0,J1,107,23.02,8.87,30.0,142.5,19,135.0,7.5,2,614.0,0.0,0,1
615.0,J2,108,22.99,9.27,31.0,142.5,19,142.5,0.0,2,615.0,15.0,0,1
615.0,J3,108,22.99,9.27,31.0,105.0,14,90.0,15.0,2,615.0,0.0,0,1
615.0,J1,108,22.99,9.27,31.0,142.5,19,142.5,0.0,2,615.0,0.0,0,1
616.0,J2,108,22.85,9.75,32.0,142.5,19,142.5,0.0,2,616.0,15.0,0,1
616.0,J3,108,22.85,9.75,32.0,105.0,14,90.0,15.0,2,616.0,7.5,0,1
616.0,J1,108,22.85,9.75,32.0,142.5,19,142.5,0.0,2,616.0,0.0,0,1
617.0,J2,109,22.57,10.14,33.0,142.5,19,142.5,0.0,2,617.0,22.5,0,1
617.0,J3,109,22.57,10.14,33.0,105.0,14,97.5,7.5,2,617.0,7.5,0,1
617.0,J1,109,22.57,10.14,33.0,142.5,19,142.5,0.0,2,617.0,0.0,0,1
618.0,J2,109,21.82,10.61,34.0,142.5,19,142.5,0.0,2,618.0,22.5,0,1
618.0,J3,109,21.82,10.61,34.0,105.0,14,105.0,0.0,2,618.0,7.5,0,1
618.0,J1,109,21.82,10.61,34.0,142.5,19,142.5,0.0,2,618.0,0.0,0,1
619.0,J2,109,21.52,11.11,35.0,142.5,19,142.5,0.0,2,619.0,22.5,0,1
619.0,J3,109,21.52,11.11,35.0,112.5,15,105.0,7.5,2,619.0,7.5,0,1
619.0,J1,109,21.52,11.11,35.0,150.0,20,142.5,7.5,2,619.0,0.0,0,1
620.0,J2,106,20.24,11.95,36.0,142.5,19,142.5,0.0,2,620.0,30.0,0,1
620.0,J3,106,20.24,11.95,36.0,112.5,15,105.0,7.5,2,620.0,7.5,0,1
620.0,J1,106,20.24,11.95,36.0,165.0,22,142.5,22.5,2,620.0,0.0,0,1
621.0,J2,106,19.86,12.49,37.0,142.5,19,142.5,0.0,2,621.0,30.0,0,1
621.0,J3,106,19.86,12.49,37.0,120.0,16,105.0,15.0,2,621.0,7.5,0,1
621.0,J1,106,19.86,12.49,37.0,165.0,22,142.5,22.5,2,621.0,0.0,0,1
622.0,J2,106,19.74,13.04,38.0,150.0,20,142.5,7.5,2,622.0,30.0,0,1
622.0,J3,106,19.74,13.04,38.0,120.0,16,105.0,15.0,2,622.0,7.5,0,1
622.0,J1,106,19.74,13.04,38.0,165.0,22,142.5,22.5,2,622.0,0.0,0,1
623.0,J2,105,19.57,13.72,39.0,150.0,20,142.5,7.5,2,623.0,30.0,0,1
623.0,J3,105,19.57,13.72,39.0,127.5,17,105.0,22.5,2,623.0,7.5,0,1
623.0,J1,105,19.57,13.72,39.0,165.0,22,142.5,22.5,2,623.0,0.0,0,1
624.0,J2,108,20.45,13.9,40.0,150.0,20,142.5,7.5,2,624.0,45.0,1,1
624.0,J3,108,20.45,13.9,40.0,135.0,18,112.5,22.5,2,624.0,7.5,0,1
624.0,J1,108,20.45,13.9,40.0,165.0,22,150.0,15.0,2,624.0,0.0,0,1
625.0,J2,108,20.37,14.45,41.0,150.0,20,142.5,7.5,2,625.0,52.5,1,1
625.0,J3,108,20.37,14.45,41.0,135.0,18,112.5,22.5,2,625.0,7.5,0,1
625.0,J1,108,20.37,14.45,41.0,165.0,22,165.0,0.0,2,625.0,0.0,0,1
626.0,J2,109,20.59,14.87,42.0,150.0,20,142.5,7.5,2,626.0,52.5,1,1
626.0,J3,109,20.59,14.87,42.0,135.0,18,120.0,15.0,2,626.0,7.5,0,1
626.0,J1,109,20.59,14.87,42.0,165.0,22,165.0,0.0,2,626.0,0.0,0,1
627.0,J2,104,19.3,16.16,43.0,150.0,20,150.0,0.0,2,627.0,52.5,1,1
627.0,J3,104,19.3,16.16,43.0,135.0,18,120.0,15.0,2,627.0,7.5,0,1
627.0,J1,104,19.3,16.16,43.0,165.0,22,165.0,0.0,2,627.0,0.0,0,1
628.0,J2,103,18.91,16.9,44.0,150.0,20,150.0,0.0,3,628.0,52.5,1,1
628.0,J3,103,18.91,16.9,44.0,135.0,18,127.5,7.5,3,628.0,7.5,0,1
628.0,J1,103,18.91,16.9,44.0,165.0,22,165.0,0.0,3,628.0,0.0,0,1
629.0,J2,101,18.41,17.83,45.0,150.0,20,150.0,0.0,3,629.0,52.5,1,1
629.0,J3,101,18.41,17.83,45.0,135.0,18,135.0,0.0,3,629.0,7.5,0,1
629.0,J1,101,18.41,17.83,45.0,165.0,22,165.0,0.0,3,629.0,0.0,0,1
630.0,J2,98,17.17,18.99,46.0,150.0,20,150.0,0.0,3,630.0,52.5,1,1
630.0,J3,98,17.17,18.99,46.0,135.0,18,135.0,0.0,3,630.0,7.5,0,1
630.0,J1,98,17.17,18.99,46.0,165.0,22,165.0,0.0,3,630.0,7.5,0,1
631.0,J2,100,18.71,12.5,44.0,105.0,14,150.0,-45.0,0,631.0,52.5,1,1
631.0,J3,100,18.71,12.5,44.0,90.0,12,135.0,-45.0,0,631.0,7.5,0,1
631.0,J1,100,18.71,12.5,44.0,127.5,17,165.0,-37.5,0,631.0,7.5,0,1
632.0,J2,99,20.21,8.05,44.0,67.5,9,150.0,-82.5,0,632.0,52.5,1,1
632.0,J3,99,20.21,8.05,44.0,60.0,8,135.0,-75.0,0,632.0,7.5,0,1
632.0,J1,99,20.21,8.05,44.0,97.5,13,165.0,-67.5,0,632.0,7.5,0,1
633.0,J2,99,22.68,4.98,40.0,45.0,6,150.0,-105.0,0,633.0,52.5,1,1
633.0,J3,99,22.68,4.98,40.0,30.0,4,135.0,-105.0,0,633.0,7.5,0,1
633.0,J1,99,22.68,4.98,40.0,75.0,10,165.0,-90.0,0,633.0,7.5,0,1
634.0,J2,98,25.25,2.52,38.0,15.0,2,150.0,-135.0,0,634.0,52.5,1,1
634.0,J3,98,25.25,2.52,38.0,7.5,1,135.0,-127.5,0,634.0,7.5,0,1
634.0,J1,98,25.25,2.52,38.0,52.5,7,165.0,-112.5,0,634.0,7.5,0,1
635.0,J2,101,28.76,0.82,30.0,0.0,0,150.0,-150.0,0,635.0,52.5,1,1
635.0,J3,101,28.76,0.82,30.0,7.5,1,135.0,-127.5,0,635.0,7.5,0,1
635.0,J1,101,28.76,0.82,30.0,30.0,4,165.0,-135.0,0,635.0,7.5,0,1
636.0,J2,101,31.66,0.22,17.0,0.0,0,105.0,-105.0,0,636.0,52.5,1,1
636.0,J3,101,31.66,0.22,17.0,7.5,1,90.0,-82.5,0,636.0,7.5,0,1
636.0,J1,101,31.66,0.22,17.0,7.5,1,127.5,-120.0,0,636.0,7.5,0,1
637.0,J2,105,34.55,0.06,6.0,0.0,0,67.5,-67.5,0,637.0,52.5,1,1
637.0,J3,105,34.55,0.06,6.0,7.5,1,60.0,-52.5,0,637.0,7.5,0,1
637.0,J1,105,34.55,0.06,6.0,0.0,0,97.5,-97.5,0,637.0,7.5,0,1
638.0,J2,106,36.28,0.07,7.0,0.0,0,45.0,-45.0,0,638.0,52.5,1,1
638.0,J3,106,36.28,0.07,7.0,7.5,1,30.0,-22.5,0,638.0,7.5,0,1
638.0,J1,106,36.28,0.07,7.0,0.0,0,75.0,-75.0,0,638.0,7.5,0,1
639.0,J2,106,37.5,0.08,8.0,0.0,0,15.0,-15.0,0,639.0,52.5,1,1
639.0,J3,106,37.5,0.08,8.0,7.5,1,7.5,0.0,0,639.0,7.5,0,1
639.0,J1,106,37.5,0.08,8.0,0.0,0,52.5,-52.5,0,639.0,7.5,0,1
640.0,J2,109,38.99,0.08,9.0,0.0,0,0.0,0.0,0,640.0,52.5,1,1
640.0,J3,109,38.99,0.08,9.0,7.5,1,7.5,0.0,0,640.0,7.5,0,1
640.0,J1,109,38.99,0.08,9.0,0.0,0,30.0,-30.0,0,640.0,7.5,0,1
641.0,J2,109,39.81,0.1,10.0,7.5,1,0.0,7.5,0,641.0,52.5,1,1
641.0,J3,109,39.81,0.1,10.0,7.5,1,7.5,0.0,0,641.0,7.5,0,1
641.0,J1,109,39.81,0.1,10.0,0.0,0,7.5,-7.5,0,641.0,15.0,0,1
642.0,J2,109,40.53,0.12,11.0,7.5,1,0.0,7.5,0,642.0,52.5,1,1
642.0,J3,109,40.53,0.12,11.0,7.5,1,7.5,0.0,0,642.0,7.5,0,1
642.0,J1,109,40.53,0.12,11.0,0.0,0,0.0,0.0,0,642.0,15.0,0,1
643.0,J2,109,41.06,0.14,12.0,7.5,1,0.0,7.5,0,643.0,52.5,1,1
643.0,J3,109,41.06,0.14,12.0,7.5,1,7.5,0.0,0,643.0,7.5,0,1
643.0,J1,109,41.06,0.14,12.0,0.0,0,0.0,0.0,0,643.0,15.0,0,1
644.0,J2,110,41.2,0.15,13.0,7.5,1,0.0,7.5,0,644.0,52.5,1,1
644.0,J3,110,41.2,0.15,13.0,7.5,1,7.5,0.0,0,644.0,7.5,0,1
644.0,J1,110,41.2,0.15,13.0,0.0,0,0.0,0.0,0,644.0,15.0,0,1
645.0,J2,109,41.05,0.17,14.0,7.5,1,0.0,7.5,0,645.0,52.5,1,1
645.0,J3,109,41.05,0.17,14.0,7.5,1,7.5,0.0,0,645.0,7.5,0,1
645.0,J1,109,41.05,0.17,14.0,0.0,0,0.0,0.0,0,645.0,15.0,0,1
646.0,J2,108,40.62,0.19,15.0,7.5,1,7.5,0.0,0,646.0,37.5,1,1
646.0,J3,108,40.62,0.19,15.0,7.5,1,7.5,0.0,0,646.0,0.0,0,1
646.0,J1,108,40.62,0.19,15.0,0.0,0,0.0,0.0,0,646.0,7.5,0,1
647.0,J2,108,40.67,0.22,16.0,15.0,2,7.5,7.5,0,647.0,22.5,0,1
647.0,J3,108,40.67,0.22,16.0,7.5,1,7.5,0.0,0,647.0,0.0,0,1
647.0,J1,108,40.67,0.22,16.0,0.0,0,0.0,0.0,0,647.0,7.5,0,1
648.0,J2,108,40.92,0.27,17.0,15.0,2,7.5,7.5,0,648.0,30.0,0,1
648.0,J3,108,40.92,0.27,17.0,15.0,2,7.5,7.5,0,648.0,0.0,0,1
648.0,J1,108,40.92,0.27,17.0,7.5,1,0.0,7.5,0,648.0,30.0,0,1
649.0,J2,108,40.76,0.31,18.0,15.0,2,7.5,7.5,0,649.0,37.5,1,1
649.0,J3,108,40.76,0.31,18.0,15.0,2,7.5,7.5,0,649.0,7.5,0,1
649.0,J1,108,40.76,0.31,18.0,7.5,1,0.0,7.5,0,649.0,37.5,1,1
650.0,J2,109,40.58,0.36,19.0,15.0,2,7.5,7.5,0,650.0,37.5,1,1
650.0,J3,109,40.58,0.36,19.0,15.0,2,7.5,7.5,0,650.0,15.0,0,1
650.0,J1,109,40.58,0.36,19.0,7.5,1,0.0,7.5,0,650.0,37.5,1,1
651.0,J2,109,40.45,0.41,20.0,15.0,2,7.5,7.5,0,651.0,37.5,1,1
651.0,J3,109,40.45,0.41,20.0,15.0,2,7.5,7.5,0,651.0,15.0,0,1
651.0,J1,109,40.45,0.41,20.0,15.0,2,0.0,15.0,0,651.0,45.0,1,1
652.0,J2,109,40.02,0.47,21.0,15.0,2,15.0,0.0,0,652.0,45.0,1,1
652.0,J3,109,40.02,0.47,21.0,15.0,2,7.5,7.5,0,652.0,30.0,0,1
652.0,J1,109,40.02,0.47,21.0,15.0,2,0.0,15.0,0,652.0,52.5,1,1
653.0,J2,110,40.28,0.52,22.0,15.0,2,15.0,0.0,0,653.0,45.0,1,1
653.0,J3,110,40.28,0.52,22.0,15.0,2,15.0,0.0,0,653.0,37.5,1,1
653.0,J1,110,40.28,0.52,22.0,15.0,2,7.5,7.5,0,653.0,52.5,1,1
654.0,J2,110,40.21,0.58,23.0,15.0,2,15.0,0.0,0,654.0,52.5,1,1
654.0,J3,110,40.21,0.58,23.0,15.0,2,15.0,0.0,0,654.0,37.5,1,1
654.0,J1,110,40.21,0.58,23.0,22.5,3,7.5,15.0,0,654.0,52.5,1,1
655.0,J2,111,40.23,0.64,24.0,15.0,2,15.0,0.0,0,655.0,52.5,1,1
655.0,J3,111,40.23,0.64,24.0,15.0,2,15.0,0.0,0,655.0,37.5,1,1
655.0,J1,111,40.23,0.64,24.0,22.5,3,7.5,15.0,0,655.0,67.5,1,1
656.0,J2,112,40.28,0.7,25.0,15.0,2,15.0,0.0,0,656.0,82.5,1,1
656.0,J3,112,40.28,0.7,25.0,15.0,2,15.0,0.0,0,656.0,37.5,1,1
656.0,J1,112,40.28,0.7,25.0,22.5,3,15.0,7.5,0,656.0,67.5,1,1
657.0,J2,111,40.16,0.77,26.0,15.0,2,15.0,0.0,0,657.0,82.5,1,1
657.0,J3,111,40.16,0.77,26.0,15.0,2,15.0,0.0,0,657.0,45.0,1,1
657.0,J1,111,40.16,0.77,26.0,22.5,3,15.0,7.5,0,657.0,67.5,1,1
658.0,J2,110,39.68,0.84,27.0,15.0,2,15.0,0.0,0,658.0,105.0,1,1
658.0,J3,110,39.68,0.84,27.0,15.0,2,15.0,0.0,0,658.0,45.0,1,1
658.0,J1,110,39.68,0.84,27.0,22.5,3,15.0,7.5,0,658.0,90.0,1,1
659.0,J2,112,39.77,0.88,28.0,15.0,2,15.0,0.0,0,659.0,127.5,1,1
659.0,J3,112,39.77,0.88,28.0,15.0,2,15.0,0.0,0,659.0,45.0,1,1
659.0,J1,112,39.77,0.88,28.0,22.5,3,22.5,0.0,0,659.0,90.0,1,1
660.0,J2,112,39.49,0.95,29.0,15.0,2,15.0,0.0,0,660.0,157.5,1,1
660.0,J3,112,39.49,0.95,29.0,15.0,2,15.0,0.0,0,660.0,45.0,1,1
660.0,J1,112,39.49,0.95,29.0,22.5,3,22.5,0.0,0,660.0,90.0,1,1
661.0,J2,112,39.51,1.01,30.0,15.0,2,15.0,0.0,0,661.0,180.0,1,1
661.0,J3,112,39.51,1.01,30.0,15.0,2,15.0,0.0,0,661.0,45.0,1,1
661.0,J1,112,39.51,1.01,30.0,22.5,3,22.5,0.0,0,661.0,90.0,1,1
662.0,J2,113,39.12,1.07,31.0,22.5,3,15.0,7.5,0,662.0,195.0,1,1
662.0,J3,113,39.12,1.07,31.0,15.0,2,15.0,0.0,0,662.0,52.5,1,1
662.0,J1,113,39.12,1.07,31.0,22.5,3,22.5,0.0,0,662.0,90.0,1,1
663.0,J2,115,39.39,1.12,32.0,22.5,3,15.0,7.5,0,663.0,195.0,1,1
663.0,J3,115,39.39,1.12,32.0,15.0,2,15.0,0.0,0,663.0,60.0,1,1
663.0,J1,115,39.39,1.12,32.0,22.5,3,22.5,0.0,0,663.0,90.0,1,1
664.0,J2,115,39.2,1.2,33.0,22.5,3,15.0,7.5,0,664.0,210.0,1,1
664.0,J3,115,39.2,1.2,33.0,22.5,3,15.0,7.5,0,664.0,75.0,1,1
664.0,J1,115,39.2,1.2,33.0,22.5,3,22.5,0.0,0,664.0,90.0,1,1
665.0,J2,117,39.36,1.26,34.0,22.5,3,15.0,7.5,0,665.0,210.0,1,1
665.0,J3,117,39.36,1.26,34.0,22.5,3,15.0,7.5,0,665.0,75.0,1,1
665.0,J1,117,39.36,1.26,34.0,22.5,3,22.5,0.0,0,665.0,90.0,1,1
666.0,J2,118,39.58,1.32,35.0,22.5,3,15.0,7.5,0,666.0,217.5,1,1
666.0,J3,118,39.58,1.32,35.0,22.5,3,15.0,7.5,0,666.0,90.0,1,1
666.0,J1,118,39.58,1.32,35.0,22.5,3,22.5,0.0,0,666.0,97.5,1,1
667.0,J2,120,39.28,1.38,36.0,22.5,3,22.5,0.0,0,667.0,217.5,1,1
667.0,J3,120,39.28,1.38,36.0,22.5,3,15.0,7.5,0,667.0,90.0,1,1
667.0,J1,120,39.28,1.38,36.0,22.5,3,22.5,0.0,0,667.0,97.5,1,1
668.0,J2,121,39.2,1.44,37.0,22.5,3,22.5,0.0,0,668.0,217.5,1,1
668.0,J3,121,39.2,1.44,37.0,22.5,3,15.0,7.5,0,668.0,90.0,1,1
668.0,J1,121,39.2,1.44,37.0,22.5,3,22.5,0.0,0,668.0,105.0,1,1
669.0,J2,121,39.16,1.52,38.0,30.0,4,22.5,7.5,0,669.0,225.0,1,1
669.0,J3,121,39.16,1.52,38.0,22.5,3,22.5,0.0,0,669.0,90.0,1,1
669.0,J1,121,39.16,1.52,38.0,22.5,3,22.5,0.0,0,669.0,105.0,1,1
670.0,J2,121,38.51,1.6,39.0,30.0,4,22.5,7.5,0,670.0,225.0,1,1
670.0,J3,121,38.51,1.6,39.0,22.5,3,22.5,0.0,0,670.0,97.5,1,1
670.0,J1,121,38.51,1.6,39.0,22.5,3,22.5,0.0,0,670.0,105.0,1,1
671.0,J2,121,38.39,1.69,40.0,30.0,4,22.5,7.5,0,671.0,225.0,1,1
671.0,J3,121,38.39,1.69,40.0,22.5,3,22.5,0.0,0,671.0,97.5,1,1
671.0,J1,121,38.39,1.69,40.0,22.5,3,22.5,0.0,0,671.0,105.0,1,1
672.0,J2,119,37.51,1.81,41.0,30.0,4,22.5,7.5,0,672.0,232.5,1,1
672.0,J3,119,37.51,1.81,41.0,30.0,4,22.5,7.5,0,672.0,97.5,1,1
672.0,J1,119,37.51,1.81,41.0,22.5,3,22.5,0.0,0,672.0,105.0,1,1
673.0,J2,119,37.21,1.92,42.0,37.5,5,22.5,15.0,1,673.0,240.0,1,1
673.0,J3,119,37.21,1.92,42.0,30.0,4,22.5,7.5,1,673.0,105.0,1,1
673.0,J1,119,37.21,1.92,42.0,30.0,4,22.5,7.5,1,673.0,105.0,1,1
674.0,J2,118,36.95,2.04,43.0,37.5,5,30.0,7.5,1,674.0,240.0,1,1
674.0,J3,118,36.95,2.04,43.0,30.0,4,22.5,7.5,1,674.0,112.5,1,1
674.0,J1,118,36.95,2.04,43.0,30.0,4,22.5,7.5,1,674.0,105.0,1,1
675.0,J2,119,36.53,2.13,44.0,37.5,5,30.0,7.5,1,675.0,240.0,1,1
675.0,J3,119,36.53,2.13,44.0,30.0,4,22.5,7.5,1,675.0,112.5,1,1
675.0,J1,119,36.53,2.13,44.0,30.0,4,22.5,7.5,1,675.0,105.0,1,1
676.0,J2,115,36.26,0.29,15.0,37.5,5,30.0,7.5,2,676.0,240.0,1,1
676.0,J3,115,36.26,0.29,15.0,0.0,0,22.5,-22.5,2,676.0,112.5,1,1
676.0,J1,115,36.26,0.29,15.0,7.5,1,22.5,-15.0,2,676.0,105.0,1,1
677.0,J2,115,36.1,0.08,5.0,22.5,3,30.0,-7.5,2,677.0,240.0,1,1
677.0,J3,115,36.1,0.08,5.0,0.0,0,30.0,-30.0,2,677.0,112.5,1,1
677.0,J1,115,36.1,0.08,5.0,0.0,0,22.5,-22.5,2,677.0,105.0,1,1
678.0,J2,114,36.13,0.04,3.0,15.0,2,37.5,-22.5,2,678.0,240.0,1,1
678.0,J3,114,36.13,0.04,3.0,0.0,0,30.0,-30.0,2,678.0,112.5,1,1
678.0,J1,114,36.13,0.04,3.0,7.5,1,30.0,-22.5,2,678.0,105.0,1,1
679.0,J2,114,36.0,0.04,2.0,7.5,1,37.5,-30.0,2,679.0,240.0,1,1
679.0,J3,114,36.0,0.04,2.0,0.0,0,30.0,-30.0,2,679.0,112.5,1,1
679.0,J1,114,36.0,0.04,2.0,15.0,2,30.0,-15.0,2,679.0,105.0,1,1
680.0,J2,111,36.17,0.08,3.0,7.5,1,37.5,-30.0,2,680.0,247.5,1,1
680.0,J3,111,36.17,0.08,3.0,7.5,1,30.0,-22.5,2,680.0,112.5,1,1
680.0,J1,111,36.17,0.08,3.0,15.0,2,30.0,-15.0,2,680.0,112.5,1,1
681.0,J2,109,36.8,0.14,4.0,7.5,1,37.5,-30.0,2,681.0,247.5,1,1
681.0,J3,109,36.8,0.14,4.0,15.0,2,0.0,15.0,2,681.0,112.5,1,1
681.0,J1,109,36.8,0.14,4.0,22.5,3,7.5,15.0,2,681.0,112.5,1,1
682.0,J2,107,37.33,0.22,5.0,22.5,3,22.5,0.0,2,682.0,247.5,1,1
682.0,J3,107,37.33,0.22,5.0,15.0,2,0.0,15.0,2,682.0,112.5,1,1
682.0,J1,107,37.33,0.22,5.0,30.0,4,0.0,30.0,2,682.0,127.5,1,1
683.0,J2,108,37.83,0.31,6.0,22.5,3,15.0,7.5,2,683.0,247.5,1,1
683.0,J3,108,37.83,0.31,6.0,15.0,2,0.0,15.0,2,683.0,112.5,1,1
683.0,J1,108,37.83,0.31,6.0,37.5,5,7.5,30.0,2,683.0,135.0,1,1
684.0,J2,108,37.75,0.42,7.0,30.0,4,7.5,22.5,2,684.0,255.0,1,1
684.0,J3,108,37.75,0.42,7.0,15.0,2,0.0,15.0,2,684.0,127.5,1,1
684.0,J1,108,37.75,0.42,7.0,37.5,5,15.0,22.5,2,684.0,150.0,1,1
685.0,J2,109,37.62,0.51,8.0,30.0,4,7.5,22.5,2,685.0,255.0,1,1
685.0,J3,109,37.62,0.51,8.0,15.0,2,7.5,7.5,2,685.0,127.5,1,1
685.0,J1,109,37.62,0.51,8.0,37.5,5,15.0,22.5,2,685.0,150.0,1,1
686.0,J2,108,37.05,0.64,9.0,30.0,4,7.5,22.5,2,686.0,255.0,1,1
686.0,J3,108,37.05,0.64,9.0,22.5,3,15.0,7.5,2,686.0,127.5,1,1
686.0,J1,108,37.05,0.64,9.0,45.0,6,22.5,22.5,2,686.0,150.0,1,1
687.0,J2,109,37.1,0.76,10.0,30.0,4,22.5,7.5,2,687.0,255.0,1,1
687.0,J3,109,37.1,0.76,10.0,30.0,4,15.0,15.0,2,687.0,127.5,1,1
687.0,J1,109,37.1,0.76,10.0,45.0,6,30.0,15.0,2,687.0,150.0,1,1
688.0,J2,108,36.11,0.9,11.0,30.0,4,22.5,7.5,2,688.0,255.0,1,1
688.0,J3,108,36.11,0.9,11.0,30.0,4,15.0,15.0,2,688.0,135.0,1,1
688.0,J1,108,36.11,0.9,11.0,45.0,6,37.5,7.5,2,688.0,150.0,1,1
689.0,J2,108,35.82,1.04,12.0,30.0,4,30.0,0.0,2,689.0,255.0,1,1
689.0,J3,108,35.82,1.04,12.0,30.0,4,15.0,15.0,2,689.0,150.0,1,1
689.0,J1,108,35.82,1.04,12.0,52.5,7,37.5,15.0,2,689.0,150.0,1,1
690.0,J2,108,34.88,1.2,13.0,30.0,4,30.0,0.0,2,690.0,255.0,1,1
690.0,J3,108,34.88,1.2,13.0,37.5,5,15.0,22.5,2,690.0,150.0,1,1
690.0,J1,108,34.88,1.2,13.0,67.5,9,37.5,30.0,2,690.0,157.5,1,1
691.0,J2,107,34.16,1.4,14.0,37.5,5,30.0,7.5,2,691.0,210.0,1,1
691.0,J3,107,34.16,1.4,14.0,45.0,6,22.5,22.5,2,691.0,105.0,1,1
691.0,J1,107,34.16,1.4,14.0,67.5,9,45.0,22.5,2,691.0,120.0,1,1
692.0,J2,107,33.49,1.62,15.0,45.0,6,30.0,15.0,2,692.0,165.0,1,1
692.0,J3,107,33.49,1.62,15.0,45.0,6,30.0,15.0,2,692.0,60.0,1,1
692.0,J1,107,33.49,1.62,15.0,82.5,11,45.0,37.5,2,692.0,75.0,1,1
693.0,J2,106,32.72,1.85,16.0,45.0,6,30.0,15.0,2,693.0,120.0,1,1
693.0,J3,106,32.72,1.85,16.0,45.0,6,30.0,15.0,2,693.0,15.0,0,1
693.0,J1,106,32.72,1.85,16.0,82.5,11,45.0,37.5,2,693.0,45.0,1,1
694.0,J2,108,32.17,2.06,17.0,60.0,8,30.0,30.0,2,694.0,75.0,1,1
694.0,J3,108,32.17,2.06,17.0,45.0,6,30.0,15.0,2,694.0,7.5,0,1
694.0,J1,108,32.17,2.06,17.0,90.0,12,52.5,37.5,2,694.0,7.5,0,1
695.0,J2,109,32.2,2.28,18.0,60.0,8,30.0,30.0,2,695.0,37.5,1,1
695.0,J3,109,32.2,2.28,18.0,45.0,6,37.5,7.5,2,695.0,0.0,0,1
695.0,J1,109,32.2,2.28,18.0,97.5,13,67.5,30.0,2,695.0,7.5,0,1
696.0,J2,109,31.5,2.57,19.0,75.0,10,37.5,37.5,2,696.0,7.5,0,1
696.0,J3,109,31.5,2.57,19.0,52.5,7,45.0,7.5,2,696.0,0.0,0,1
696.0,J1,109,31.5,2.57,19.0,105.0,14,67.5,37.5,2,696.0,7.5,0,1
697.0,J2,109,30.99,2.85,20.0,75.0,10,45.0,30.0,2,697.0,0.0,0,1
697.0,J3,109,30.99,2.85,20.0,52.5,7,45.0,7.5,2,697.0,0.0,0,1
697.0,J1,109,30.99,2.85,20.0,105.0,14,82.5,22.5,2,697.0,7.5,0,1
698.0,J2,108,30.78,3.17,21.0,75.0,10,45.0,30.0,2,698.0,0.0,0,1
698.0,J3,108,30.78,3.17,21.0,52.5,7,45.0,7.5,2,698.0,0.0,0,1
698.0,J1,108,30.78,3.17,21.0,105.0,14,82.5,22.5,2,698.0,7.5,0,1
699.0,J2,110,30.79,3.4,22.0,82.5,11,60.0,22.5,2,699.0,0.0,0,1
699.0,J3,110,30.79,3.4,22.0,52.5,7,45.0,7.5,2,699.0,0.0,0,1
699.0,J1,110,30.79,3.4,22.0,105.0,14,90.0,15.0,2,699.0,15.0,0,1
700.0,J2,110,30.25,3.7,23.0,82.5,11,60.0,22.5,2,700.0,0.0,0,1
700.0,J3,110,30.25,3.7,23.0,52.5,7,45.0,7.5,2,700.0,0.0,0,1
700.0,J1,110,30.25,3.7,23.0,112.5,15,97.5,15.0,2,700.0,15.0,0,1
701.0,J2,110,29.75,4.01,24.0,90.0,12,75.0,15.0,2,701.0,0.0,0,1
701.0,J3,110,29.75,4.01,24.0,52.5,7,52.5,0.0,2,701.0,0.0,0,1
701.0,J1,110,29.75,4.01,24.0,112.5,15,105.0,7.5,2,701.0,15.0,0,1
702.0,J2,110,29.12,4.33,25.0,97.5,13,75.0,22.5,2,702.0,0.0,0,1
702.0,J3,110,29.12,4.33,25.0,52.5,7,52.5,0.0,2,702.0,0.0,0,1
702.0,J1,110,29.12,4.33,25.0,112.5,15,105.0,7.5,2,702.0,15.0,0,1
703.0,J2,112,29.21,4.57,26.0,105.0,14,75.0,30.0,2,703.0,0.0,0,1
703.0,J3,112,29.21,4.57,26.0,52.5,7,52.5,0.0,2,703.0,0.0,0,1
703.0,J1,112,29.21,4.57,26.0,112.5,15,105.0,7.5,2,703.0,15.0,0,1
704.0,J2,112,28.82,4.89,27.0,105.0,14,82.5,22.5,2,704.0,0.0,0,1
704.0,J3,112,28.82,4.89,27.0,52.5,7,52.5,0.0,2,704.0,0.0,0,1
704.0,J1,112,28.82,4.89,27.0,112.5,15,105.0,7.5,2,704.0,15.0,0,1
705.0,J2,112,28.22,5.22,28.0,112.5,15,82.5,30.0,2,705.0,0.0,0,1
705.0,J3,112,28.22,5.22,28.0,52.5,7,52.5,0.0,2,705.0,0.0,0,1
705.0,J1,112,28.22,5.22,28.0,112.5,15,112.5,0.0,2,705.0,22.5,0,1
706.0,J2,114,27.55,5.46,29.0,112.5,15,90.0,22.5,2,706.0,0.0,0,1
706.0,J3,114,27.55,5.46,29.0,60.0,8,52.5,7.5,2,706.0,0.0,0,1
706.0,J1,114,27.55,5.46,29.0,112.5,15,112.5,0.0,2,706.0,22.5,0,1
707.0,J2,114,26.5,5.82,30.0,112.5,15,97.5,15.0,2,707.0,0.0,0,1
707.0,J3,114,26.5,5.82,30.0,60.0,8,52.5,7.5,2,707.0,0.0,0,1
707.0,J1,114,26.5,5.82,30.0,127.5,17,112.5,15.0,2,707.0,22.5,0,1
708.0,J2,115,26.09,6.12,31.0,112.5,15,105.0,7.5,2,708.0,0.0,0,1
708.0,J3,115,26.09,6.12,31.0,67.5,9,52.5,15.0,2,708.0,7.5,0,1
708.0,J1,115,26.09,6.12,31.0,127.5,17,112.5,15.0,2,708.0,22.5,0,1
709.0,J2,115,25.33,6.49,32.0,112.5,15,105.0,7.5,2,709.0,0.0,0,1
709.0,J3,115,25.33,6.49,32.0,67.5,9,52.5,15.0,2,709.0,7.5,0,1
709.0,J1,115,25.33,6.49,32.0,135.0,18,112.5,22.5,2,709.0,22.5,0,1
710.0,J2,110,24.08,7.21,33.0,120.0,16,112.5,7.5,2,710.0,0.0,0,1
710.0,J3,110,24.08,7.21,33.0,75.0,10,52.5,22.5,2,710.0,15.0,0,1
710.0,J1,110,24.08,7.21,33.0,157.5,21,112.5,45.0,2,710.0,22.5,0,1
711.0,J2,110,23.71,7.64,34.0,120.0,16,112.5,7.5,2,711.0,0.0,0,1
711.0,J3,110,23.71,7.64,34.0,75.0,10,60.0,15.0,2,711.0,15.0,0,1
711.0,J1,110,23.71,7.64,34.0,157.5,21,112.5,45.0,2,711.0,22.5,0,1
712.0,J2,112,24.13,7.91,35.0,127.5,17,112.5,15.0,2,712.0,0.0,0,1
712.0,J3,112,24.13,7.91,35.0,67.5,9,60.0,7.5,2,712.0,15.0,0,1
712.0,J1,112,24.13,7.91,35.0,165.0,22,127.5,37.5,2,712.0,22.5,0,1
713.0,J2,112,23.93,8.36,36.0,127.5,17,112.5,15.0,2,713.0,0.0,0,1
713.0,J3,112,23.93,8.36,36.0,82.5,11,67.5,15.0,2,713.0,15.0,0,1
713.0,J1,112,23.93,8.36,36.0,165.0,22,127.5,37.5,2,713.0,22.5,0,1
714.0,J2,113,23.87,8.73,37.0,127.5,17,112.5,15.0,2,714.0,0.0,0,1
714.0,J3,113,23.87,8.73,37.0,82.5,11,67.5,15.0,2,714.0,15.0,0,1
714.0,J1,113,23.87,8.73,37.0,165.0,22,135.0,30.0,2,714.0,22.5,0,1
715.0,J2,115,24.28,9.02,38.0,127.5,17,120.0,7.5,2,715.0,0.0,0,1
715.0,J3,115,24.28,9.02,38.0,90.0,12,75.0,15.0,2,715.0,15.0,0,1
715.0,J1,115,24.28,9.02,38.0,165.0,22,157.5,7.5,2,715.0,30.0,0,1
716.0,J2,113,23.68,9.64,39.0,127.5,17,120.0,7.5,2,716.0,0.0,0,1
716.0,J3,113,23.68,9.64,39.0,97.5,13,75.0,22.5,2,716.0,15.0,0,1
716.0,J1,113,23.68,9.64,39.0,165.0,22,157.5,7.5,2,716.0,30.0,0,1
717.0,J2,107,22.06,10.67,40.0,135.0,18,127.5,7.5,2,717.0,0.0,0,1
717.0,J3,107,22.06,10.67,40.0,97.5,13,67.5,30.0,2,717.0,22.5,0,1
717.0,J1,107,22.06,10.67,40.0,165.0,22,165.0,0.0,2,717.0,30.0,0,1
718.0,J2,106,21.52,11.27,41.0,135.0,18,127.5,7.5,3,718.0,0.0,0,1
718.0,J3,106,21.52,11.27,41.0,97.5,13,82.5,15.0,3,718.0,22.5,0,1
718.0,J1,106,21.52,11.27,41.0,165.0,22,165.0,0.0,3,718.0,30.0,0,1
719.0,J2,103,20.32,12.12,42.0,135.0,18,127.5,7.5,3,719.0,0.0,0,1
719.0,J3,103,20.32,12.12,42.0,97.5,13,82.5,15.0,3,719.0,22.5,0,1
719.0,J1,103,20.32,12.12,42.0,165.0,22,165.0,0.0,3,719.0,30.0,0,1
720.0,J2,102,19.86,12.77,43.0,135.0,18,127.5,7.5,3,720.0,7.5,0,1
720.0,J3,102,19.86,12.77,43.0,97.5,13,90.0,7.5,3,720.0,22.5,0,1
720.0,J1,102,19.86,12.77,43.0,180.0,24,165.0,15.0,3,720.0,30.0,0,1
721.0,J2,102,20.75,7.11,36.0,90.0,12,127.5,-37.5,0,721.0,7.5,0,1
721.0,J3,102,20.75,7.11,36.0,52.5,7,97.5,-45.0,0,721.0,22.5,0,1
721.0,J1,102,20.75,7.11,36.0,135.0,18,165.0,-30.0,0,721.0,30.0,0,1
722.0,J2,99,21.5,3.33,33.0,45.0,6,135.0,-90.0,0,722.0,7.5,0,1
722.0,J3,99,21.5,3.33,33.0,15.0,2,97.5,-82.5,0,722.0,22.5,0,1
722.0,J1,99,21.5,3.33,33.0,90.0,12,165.0,-75.0,0,722.0,30.0,0,1
723.0,J2,99,23.14,1.29,32.0,7.5,1,135.0,-127.5,0,723.0,7.5,0,1
723.0,J3,99,23.14,1.29,32.0,0.0,0,97.5,-97.5,0,723.0,22.5,0,1
723.0,J1,99,23.14,1.29,32.0,45.0,6,165.0,-120.0,0,723.0,37.5,1,1
724.0,J2,99,25.51,0.44,16.0,0.0,0,135.0,-135.0,0,724.0,15.0,0,1
724.0,J3,99,25.51,0.44,16.0,0.0,0,97.5,-97.5,0,724.0,22.5,0,1
724.0,J1,99,25.51,0.44,16.0,22.5,3,165.0,-142.5,0,724.0,37.5,1,1
725.0,J2,99,27.98,0.15,14.0,7.5,1,135.0,-127.5,0,725.0,15.0,0,1
725.0,J3,99,27.98,0.15,14.0,0.0,0,97.5,-97.5,0,725.0,30.0,0,1
725.0,J1,99,27.98,0.15,14.0,7.5,1,180.0,-172.5,0,725.0,37.5,1,1
726.0,J2,99,30.55,0.02,2.0,7.5,1,90.0,-82.5,0,726.0,15.0,0,1
726.0,J3,99,30.55,0.02,2.0,0.0,0,52.5,-52.5,0,726.0,30.0,0,1
726.0,J1,99,30.55,0.02,2.0,0.0,0,135.0,-135.0,0,726.0,37.5,1,1
727.0,J2,100,32.62,0.03,3.0,7.5,1,45.0,-37.5,0,727.0,15.0,0,1
727.0,J3,100,32.62,0.03,3.0,0.0,0,15.0,-15.0,0,727.0,30.0,0,1
727.0,J1,100,32.62,0.03,3.0,0.0,0,90.0,-90.0,0,727.0,37.5,1,1
728.0,J2,100,34.23,0.05,4.0,7.5,1,7.5,0.0,0,728.0,22.5,0,1
728.0,J3,100,34.23,0.05,4.0,0.0,0,0.0,0.0,0,728.0,37.5,1,1
728.0,J1,100,34.23,0.05,4.0,0.0,0,45.0,-45.0,0,728.0,37.5,1,1
729.0,J2,98,35.34,0.07,5.0,7.5,1,0.0,7.5,0,729.0,22.5,0,1
729.0,J3,98,35.34,0.07,5.0,0.0,0,0.0,0.0,0,729.0,37.5,1,1
729.0,J1,98,35.34,0.07,5.0,0.0,0,22.5,-22.5,0,729.0,37.5,1,1
730.0,J2,99,36.49,0.1,6.0,15.0,2,7.5,7.5,0,730.0,22.5,0,1
730.0,J3,99,36.49,0.1,6.0,0.0,0,0.0,0.0,0,730.0,37.5,1,1
730.0,J1,99,36.49,0.1,6.0,0.0,0,7.5,-7.5,0,730.0,37.5,1,1
731.0,J2,99,37.18,0.14,7.0,22.5,3,7.5,15.0,0,731.0,22.5,0,1
731.0,J3,99,37.18,0.14,7.0,0.0,0,0.0,0.0,0,731.0,37.5,1,1
731.0,J1,99,37.18,0.14,7.0,0.0,0,0.0,0.0,0,731.0,37.5,1,1
732.0,J2,99,38.06,0.11,8.0,15.0,2,7.5,7.5,0,732.0,37.5,1,1
732.0,J3,99,38.06,0.11,8.0,7.5,1,0.0,7.5,0,732.0,37.5,1,1
732.0,J1,99,38.06,0.11,8.0,0.0,0,0.0,0.0,0,732.0,37.5,1,1
733.0,J2,99,38.42,0.15,9.0,22.5,3,7.5,15.0,0,733.0,37.5,1,1
733.0,J3,99,38.42,0.15,9.0,7.5,1,0.0,7.5,0,733.0,37.5,1,1
733.0,J1,99,38.42,0.15,9.0,0.0,0,0.0,0.0,0,733.0,37.5,1,1
734.0,J2,99,38.8,0.2,10.0,30.0,4,7.5,22.5,0,734.0,37.5,1,1
734.0,J3,99,38.8,0.2,10.0,7.5,1,0.0,7.5,0,734.0,37.5,1,1
734.0,J1,99,38.8,0.2,10.0,0.0,0,0.0,0.0,0,734.0,37.5,1,1
735.0,J2,101,39.28,0.25,11.0,30.0,4,15.0,15.0,0,735.0,37.5,1,1
735.0,J3,101,39.28,0.25,11.0,7.5,1,0.0,7.5,0,735.0,37.5,1,1
735.0,J1,101,39.28,0.25,11.0,0.0,0,0.0,0.0,0,735.0,45.0,1,1
736.0,J2,103,39.48,0.3,12.0,30.0,4,22.5,7.5,0,736.0,7.5,0,1
736.0,J3,103,39.48,0.3,12.0,7.5,1,0.0,7.5,0,736.0,15.0,0,1
736.0,J1,103,39.48,0.3,12.0,7.5,1,0.0,7.5,0,736.0,22.5,0,1
737.0,J2,103,39.93,0.36,13.0,30.0,4,15.0,15.0,0,737.0,15.0,0,1
737.0,J3,103,39.93,0.36,13.0,7.5,1,7.5,0.0,0,737.0,15.0,0,1
737.0,J1,103,39.93,0.36,13.0,7.5,1,0.0,7.5,0,737.0,15.0,0,1
738.0,J2,105,39.91,0.41,14.0,30.0,4,22.5,7.5,0,738.0,37.5,1,1
738.0,J3,105,39.91,0.41,14.0,7.5,1,7.5,0.0,0,738.0,15.0,0,1
738.0,J1,105,39.91,0.41,14.0,7.5,1,0.0,7.5,0,738.0,7.5,0,1
739.0,J2,105,39.85,0.47,15.0,30.0,4,30.0,0.0,0,739.0,37.5,1,1
739.0,J3,105,39.85,0.47,15.0,7.5,1,7.5,0.0,0,739.0,22.5,0,1
739.0,J1,105,39.85,0.47,15.0,7.5,1,0.0,7.5,0,739.0,15.0,0,1
740.0,J2,104,39.81,0.53,16.0,30.0,4,30.0,0.0,0,740.0,60.0,1,1
740.0,J3,104,39.81,0.53,16.0,7.5,1,7.5,0.0,0,740.0,30.0,0,1
740.0,J1,104,39.81,0.53,16.0,7.5,1,0.0,7.5,0,740.0,15.0,0,1
741.0,J2,105,39.93,0.58,17.0,30.0,4,30.0,0.0,0,741.0,60.0,1,1
741.0,J3,105,39.93,0.58,17.0,7.5,1,7.5,0.0,0,741.0,30.0,0,1
741.0,J1,105,39.93,0.58,17.0,7.5,1,7.5,0.0,0,741.0,15.0,0,1
742.0,J2,104,39.57,0.64,18.0,30.0,4,30.0,0.0,0,742.0,60.0,1,1
742.0,J3,104,39.57,0.64,18.0,7.5,1,7.5,0.0,0,742.0,37.5,1,1
742.0,J1,104,39.57,0.64,18.0,7.5,1,7.5,0.0,0,742.0,15.0,0,1
743.0,J2,105,39.72,0.7,19.0,30.0,4,30.0,0.0,0,743.0,75.0,1,1
743.0,J3,105,39.72,0.7,19.0,7.5,1,7.5,0.0,0,743.0,37.5,1,1
743.0,J1,105,39.72,0.7,19.0,7.5,1,7.5,0.0,0,743.0,22.5,0,1
744.0,J2,106,39.58,0.75,20.0,37.5,5,30.0,7.5,0,744.0,82.5,1,1
744.0,J3,106,39.58,0.75,20.0,7.5,1,7.5,0.0,0,744.0,45.0,1,1
744.0,J1,106,39.58,0.75,20.0,7.5,1,7.5,0.0,0,744.0,30.0,0,1
745.0,J2,106,39.22,0.82,21.0,37.5,5,30.0,7.5,0,745.0,97.5,1,1
745.0,J3,106,39.22,0.82,21.0,7.5,1,7.5,0.0,0,745.0,60.0,1,1
745.0,J1,106,39.22,0.82,21.0,7.5,1,7.5,0.0,0,745.0,37.5,1,1
746.0,J2,106,39.31,0.89,22.0,37.5,5,30.0,7.5,0,746.0,120.0,1,1
746.0,J3,106,39.31,0.89,22.0,7.5,1,7.5,0.0,0,746.0,75.0,1,1
746.0,J1,106,39.31,0.89,22.0,7.5,1,7.5,0.0,0,746.0,45.0,1,1
747.0,J2,107,39.19,0.95,23.0,45.0,6,30.0,15.0,0,747.0,127.5,1,1
747.0,J3,107,39.19,0.95,23.0,7.5,1,7.5,0.0,0,747.0,82.5,1,1
747.0,J1,107,39.19,0.95,23.0,7.5,1,7.5,0.0,0,747.0,60.0,1,1
748.0,J2,107,38.98,1.03,24.0,45.0,6,30.0,15.0,0,748.0,142.5,1,1
748.0,J3,107,38.98,1.03,24.0,7.5,1,7.5,0.0,0,748.0,90.0,1,1
748.0,J1,107,38.98,1.03,24.0,7.5,1,7.5,0.0,0,748.0,67.5,1,1
749.0,J2,107,39.08,1.1,25.0,45.0,6,37.5,7.5,0,749.0,150.0,1,1
749.0,J3,107,39.08,1.1,25.0,7.5,1,7.5,0.0,0,749.0,105.0,1,1
749.0,J1,107,39.08,1.1,25.0,7.5,1,7.5,0.0,0,749.0,75.0,1,1
750.0,J2,108,38.86,1.17,26.0,45.0,6,37.5,7.5,0,750.0,157.5,1,1
750.0,J3,108,38.86,1.17,26.0,7.5,1,7.5,0.0,0,750.0,112.5,1,1
750.0,J1,108,38.86,1.17,26.0,7.5,1,7.5,0.0,0,750.0,82.5,1,1
751.0,J2,108,38.73,1.24,27.0,45.0,6,37.5,7.5,0,751.0,180.0,1,1
751.0,J3,108,38.73,1.24,27.0,7.5,1,7.5,0.0,0,751.0,120.0,1,1
751.0,J1,108,38.73,1.24,27.0,7.5,1,7.5,0.0,0,751.0,90.0,1,1
752.0,J2,107,38.76,1.34,28.0,45.0,6,45.0,0.0,0,752.0,187.5,1,1
752.0,J3,107,38.76,1.34,28.0,7.5,1,7.5,0.0,0,752.0,120.0,1,1
752.0,J1,107,38.76,1.34,28.0,15.0,2,7.5,7.5,0,752.0,97.5,1,1
753.0,J2,109,38.78,1.39,29.0,45.0,6,45.0,0.0,0,753.0,202.5,1,1
753.0,J3,109,38.78,1.39,29.0,7.5,1,7.5,0.0,0,753.0,120.0,1,1
753.0,J1,109,38.78,1.39,29.0,15.0,2,7.5,7.5,0,753.0,97.5,1,1
754.0,J2,108,38.29,1.49,30.0,45.0,6,45.0,0.0,0,754.0,210.0,1,1
754.0,J3,108,38.29,1.49,30.0,7.5,1,7.5,0.0,0,754.0,127.5,1,1
754.0,J1,108,38.29,1.49,30.0,15.0,2,7.5,7.5,0,754.0,105.0,1,1
755.0,J2,109,38.24,1.56,31.0,45.0,6,45.0,0.0,0,755.0,225.0,1,1
755.0,J3,109,38.24,1.56,31.0,7.5,1,7.5,0.0,0,755.0,135.0,1,1
755.0,J1,109,38.24,1.56,31.0,15.0,2,7.5,7.5,0,755.0,105.0,1,1
756.0,J2,109,38.24,1.65,32.0,52.5,7,45.0,7.5,0,756.0,240.0,1,1
756.0,J3,109,38.24,1.65,32.0,7.5,1,7.5,0.0,0,756.0,135.0,1,1
756.0,J1,109,38.24,1.65,32.0,15.0,2,7.5,7.5,0,756.0,105.0,1,1
757.0,J2,108,38.18,1.77,33.0,52.5,7,45.0,7.5,0,757.0,247.5,1,1
757.0,J3,108,38.18,1.77,33.0,7.5,1,7.5,0.0,0,757.0,135.0,1,1
757.0,J1,108,38.18,1.77,33.0,22.5,3,15.0,7.5,0,757.0,112.5,1,1
758.0,J2,107,38.43,1.89,34.0,52.5,7,45.0,7.5,0,758.0,247.5,1,1
758.0,J3,107,38.43,1.89,34.0,7.5,1,7.5,0.0,0,758.0,135.0,1,1
758.0,J1,107,38.43,1.89,34.0,22.5,3,15.0,7.5,0,758.0,120.0,1,1
759.0,J2,108,38.08,1.97,35.0,52.5,7,45.0,7.5,0,759.0,247.5,1,1
759.0,J3,108,38.08,1.97,35.0,7.5,1,7.5,0.0,0,759.0,142.5,1,1
759.0,J1,108,38.08,1.97,35.0,22.5,3,15.0,7.5,0,759.0,120.0,1,1
760.0,J2,109,38.2,2.06,36.0,52.5,7,45.0,7.5,0,760.0,255.0,1,1
760.0,J3,109,38.2,2.06,36.0,7.5,1,7.5,0.0,0,760.0,150.0,1,1
760.0,J1,109,38.2,2.06,36.0,22.5,3,15.0,7.5,0,760.0,120.0,1,1
761.0,J2,110,38.23,2.14,37.0,52.5,7,52.5,0.0,0,761.0,255.0,1,1
761.0,J3,110,38.23,2.14,37.0,7.5,1,7.5,0.0,0,761.0,150.0,1,1
761.0,J1,110,38.23,2.14,37.0,22.5,3,15.0,7.5,0,761.0,127.5,1,1
762.0,J2,107,38.2,2.3,38.0,52.5,7,52.5,0.0,0,762.0,255.0,1,1
762.0,J3,107,38.2,2.3,38.0,7.5,1,7.5,0.0,0,762.0,150.0,1,1
762.0,J1,107,38.2,2.3,38.0,22.5,3,22.5,0.0,0,762.0,127.5,1,1
763.0,J2,107,37.67,2.4,39.0,52.5,7,52.5,0.0,1,763.0,262.5,1,1
763.0,J3,107,37.67,2.4,39.0,7.5,1,7.5,0.0,1,763.0,150.0,1,1
763.0,J1,107,37.67,2.4,39.0,22.5,3,22.5,0.0,1,763.0,127.5,1,1
764.0,J2,108,36.5,2.48,40.0,52.5,7,52.5,0.0,1,764.0,262.5,1,1
764.0,J3,108,36.5,2.48,40.0,7.5,1,7.5,0.0,1,764.0,150.0,1,1
764.0,J1,108,36.5,2.48,40.0,22.5,3,22.5,0.0,1,764.0,127.5,1,1
765.0,J2,108,35.12,2.59,41.0,60.0,8,52.5,7.5,1,765.0,262.5,1,1
765.0,J3,108,35.12,2.59,41.0,7.5,1,7.5,0.0,1,765.0,150.0,1,1
765.0,J1,108,35.12,2.59,41.0,22.5,3,22.5,0.0,1,765.0,127.5,1,1
766.0,J2,108,34.16,0.62,34.0,30.0,4,52.5,-22.5,2,766.0,277.5,1,1
766.0,J3,108,34.16,0.62,34.0,0.0,0,7.5,-7.5,2,766.0,150.0,1,1
766.0,J1,108,34.16,0.62,34.0,0.0,0,22.5,-22.5,2,766.0,127.5,1,1
767.0,J2,107,33.2,0.04,3.0,7.5,1,52.5,-45.0,2,767.0,285.0,1,1
767.0,J3,107,33.2,0.04,3.0,0.0,0,7.5,-7.5,2,767.0,150.0,1,1
767.0,J1,107,33.2,0.04,3.0,7.5,1,22.5,-15.0,2,767.0,127.5,1,1
768.0,J2,107,32.79,0.12,4.0,37.5,5,52.5,-15.0,2,768.0,285.0,1,1
768.0,J3,107,32.79,0.12,4.0,0.0,0,7.5,-7.5,2,768.0,150.0,1,1
768.0,J1,107,32.79,0.12,4.0,30.0,4,22.5,7.5,2,768.0,127.5,1,1
769.0,J2,108,32.72,0.23,5.0,52.5,7,52.5,0.0,2,769.0,285.0,1,1
769.0,J3,108,32.72,0.23,5.0,0.0,0,7.5,-7.5,2,769.0,150.0,1,1
769.0,J1,108,32.72,0.23,5.0,37.5,5,22.5,15.0,2,769.0,127.5,1,1
770.0,J2,107,32.77,0.36,6.0,52.5,7,60.0,-7.5,2,770.0,285.0,1,1
770.0,J3,107,32.77,0.36,6.0,0.0,0,7.5,-7.5,2,770.0,157.5,1,1
770.0,J1,107,32.77,0.36,6.0,45.0,6,22.5,22.5,2,770.0,135.0,1,1
771.0,J2,106,32.91,0.51,7.0,60.0,8,30.0,30.0,2,771.0,285.0,1,1
771.0,J3,106,32.91,0.51,7.0,0.0,0,0.0,0.0,2,771.0,165.0,1,1
771.0,J1,106,32.91,0.51,7.0,60.0,8,0.0,60.0,2,771.0,135.0,1,1
772.0,J2,106,32.68,0.69,8.0,67.5,9,7.5,60.0,2,772.0,285.0,1,1
772.0,J3,106,32.68,0.69,8.0,7.5,1,0.0,7.5,2,772.0,165.0,1,1
772.0,J1,106,32.68,0.69,8.0,67.5,9,7.5,60.0,2,772.0,135.0,1,1
773.0,J2,106,32.26,0.9,9.0,82.5,11,37.5,45.0,2,773.0,285.0,1,1
773.0,J3,106,32.26,0.9,9.0,15.0,2,0.0,15.0,2,773.0,172.5,1,1
773.0,J1,106,32.26,0.9,9.0,67.5,9,30.0,37.5,2,773.0,135.0,1,1
774.0,J2,106,31.94,1.11,10.0,90.0,12,52.5,37.5,2,774.0,285.0,1,1
774.0,J3,106,31.94,1.11,10.0,15.0,2,0.0,15.0,2,774.0,180.0,1,1
774.0,J1,106,31.94,1.11,10.0,67.5,9,37.5,30.0,2,774.0,135.0,1,1
775.0,J2,105,31.27,1.34,11.0,90.0,12,52.5,37.5,2,775.0,285.0,1,1
775.0,J3,105,31.27,1.34,11.0,15.0,2,0.0,15.0,2,775.0,187.5,1,1
775.0,J1,105,31.27,1.34,11.0,67.5,9,45.0,22.5,2,775.0,142.5,1,1
776.0,J2,104,30.17,1.61,12.0,97.5,13,60.0,37.5,2,776.0,285.0,1,1
776.0,J3,104,30.17,1.61,12.0,30.0,4,0.0,30.0,2,776.0,187.5,1,1
776.0,J1,104,30.17,1.61,12.0,67.5,9,60.0,7.5,2,776.0,142.5,1,1
777.0,J2,103,29.25,1.88,13.0,97.5,13,67.5,30.0,2,777.0,285.0,1,1
777.0,J3,103,29.25,1.88,13.0,37.5,5,7.5,30.0,2,777.0,195.0,1,1
777.0,J1,103,29.25,1.88,13.0,67.5,9,67.5,0.0,2,777.0,142.5,1,1
778.0,J2,104,28.45,2.14,14.0,105.0,14,82.5,22.5,2,778.0,285.0,1,1
778.0,J3,104,28.45,2.14,14.0,37.5,5,15.0,22.5,2,778.0,210.0,1,1
778.0,J1,104,28.45,2.14,14.0,75.0,10,67.5,7.5,2,778.0,142.5,1,1
779.0,J2,105,27.41,2.42,15.0,120.0,16,90.0,30.0,2,779.0,285.0,1,1
779.0,J3,105,27.41,2.42,15.0,37.5,5,15.0,22.5,2,779.0,210.0,1,1
779.0,J1,105,27.41,2.42,15.0,75.0,10,67.5,7.5,2,779.0,142.5,1,1
780.0,J2,102,26.57,2.81,16.0,127.5,17,90.0,37.5,2,780.0,285.0,1,1
780.0,J3,102,26.57,2.81,16.0,37.5,5,15.0,22.5,2,780.0,210.0,1,1
780.0,J1,102,26.57,2.81,16.0,82.5,11,67.5,15.0,2,780.0,142.5,1,1
781.0,J2,101,25.92,3.17,17.0,127.5,17,97.5,30.0,2,781.0,240.0,1,1
781.0,J3,101,25.92,3.17,17.0,37.5,5,30.0,7.5,2,781.0,165.0,1,1
781.0,J1,101,25.92,3.17,17.0,82.5,11,67.5,15.0,2,781.0,97.5,1,1
782.0,J2,101,25.28,3.53,18.0,150.0,20,97.5,52.5,2,782.0,202.5,1,1
782.0,J3,101,25.28,3.53,18.0,45.0,6,37.5,7.5,2,782.0,127.5,1,1
782.0,J1,101,25.28,3.53,18.0,82.5,11,67.5,15.0,2,782.0,60.0,1,1
783.0,J2,99,24.52,4.01,19.0,165.0,22,105.0,60.0,2,783.0,157.5,1,1
783.0,J3,99,24.52,4.01,19.0,52.5,7,37.5,15.0,2,783.0,82.5,1,1
783.0,J1,99,24.52,4.01,19.0,82.5,11,75.0,7.5,2,783.0,30.0,0,1
784.0,J2,100,24.11,4.39,20.0,180.0,24,120.0,60.0,2,784.0,112.5,1,1
784.0,J3,100,24.11,4.39,20.0,52.5,7,37.5,15.0,2,784.0,60.0,1,1
784.0,J1,100,24.11,4.39,20.0,82.5,11,75.0,7.5,2,784.0,7.5,0,1
785.0,J2,99,23.49,4.86,21.0,180.0,24,127.5,52.5,2,785.0,67.5,1,1
785.0,J3,99,23.49,4.86,21.0,52.5,7,37.5,15.0,2,785.0,37.5,1,1
785.0,J1,99,23.49,4.86,21.0,82.5,11,82.5,0.0,2,785.0,0.0,0,1
786.0,J2,99,23.16,5.3,22.0,195.0,26,127.5,67.5,2,786.0,30.0,0,1
786.0,J3,99,23.16,5.3,22.0,52.5,7,37.5,15.0,2,786.0,15.0,0,1
786.0,J1,99,23.16,5.3,22.0,82.5,11,82.5,0.0,2,786.0,0.0,0,1
787.0,J2,99,22.94,5.76,23.0,195.0,26,150.0,45.0,2,787.0,15.0,0,1
787.0,J3,99,22.94,5.76,23.0,52.5,7,45.0,7.5,2,787.0,0.0,0,1
787.0,J1,99,22.94,5.76,23.0,90.0,12,82.5,7.5,2,787.0,0.0,0,1
788.0,J2,99,22.91,6.23,24.0,202.5,27,165.0,37.5,2,788.0,15.0,0,1
788.0,J3,99,22.91,6.23,24.0,52.5,7,52.5,0.0,2,788.0,0.0,0,1
788.0,J1,99,22.91,6.23,24.0,97.5,13,82.5,15.0,2,788.0,0.0,0,1
789.0,J2,100,22.61,6.64,25.0,202.5,27,180.0,22.5,2,789.0,15.0,0,1
789.0,J3,100,22.61,6.64,25.0,52.5,7,52.5,0.0,2,789.0,0.0,0,1
789.0,J1,100,22.61,6.64,25.0,97.5,13,82.5,15.0,2,789.0,7.5,0,1
790.0,J2,100,22.01,7.11,26.0,202.5,27,180.0,22.5,2,790.0,15.0,0,1
790.0,J3,100,22.01,7.11,26.0,52.5,7,52.5,0.0,2,790.0,0.0,0,1
790.0,J1,100,22.01,7.11,26.0,97.5,13,82.5,15.0,2,790.0,7.5,0,1
791.0,J2,101,22.21,7.52,27.0,217.5,29,195.0,22.5,2,791.0,15.0,0,1
791.0,J3,101,22.21,7.52,27.0,52.5,7,52.5,0.0,2,791.0,0.0,0,1
791.0,J1,101,22.21,7.52,27.0,97.5,13,82.5,15.0,2,791.0,7.5,0,1
792.0,J2,101,22.09,8.03,28.0,217.5,29,195.0,22.5,2,792.0,22.5,0,1
792.0,J3,101,22.09,8.03,28.0,60.0,8,52.5,7.5,2,792.0,0.0,0,1
792.0,J1,101,22.09,8.03,28.0,105.0,14,90.0,15.0,2,792.0,7.5,0,1
793.0,J2,101,22.03,8.53,29.0,217.5,29,202.5,15.0,2,793.0,22.5,0,1
793.0,J3,101,22.03,8.53,29.0,60.0,8,52.5,7.5,2,793.0,0.0,0,1
793.0,J1,101,22.03,8.53,29.0,105.0,14,97.5,7.5,2,793.0,15.0,0,1
794.0,J2,101,21.86,9.04,30.0,217.5,29,202.5,15.0,2,794.0,22.5,0,1
794.0,J3,101,21.86,9.04,30.0,60.0,8,52.5,7.5,2,794.0,0.0,0,1
794.0,J1,101,21.86,9.04,30.0,105.0,14,97.5,7.5,2,794.0,15.0,0,1
795.0,J2,101,22.03,9.54,31.0,217.5,29,202.5,15.0,2,795.0,22.5,0,1
795.0,J3,101,22.03,9.54,31.0,60.0,8,52.5,7.5,2,795.0,0.0,0,1
795.0,J1,101,22.03,9.54,31.0,105.0,14,97.5,7.5,2,795.0,15.0,0,1
796.0,J2,102,21.9,9.95,32.0,217.5,29,217.5,0.0,2,796.0,22.5,0,1
796.0,J3,102,21.9,9.95,32.0,60.0,8,52.5,7.5,2,796.0,0.0,0,1
796.0,J1,102,21.9,9.95,32.0,105.0,14,97.5,7.5,2,796.0,22.5,0,1
797.0,J2,103,21.85,10.35,33.0,217.5,29,217.5,0.0,2,797.0,30.0,0,1
797.0,J3,103,21.85,10.35,33.0,60.0,8,60.0,0.0,2,797.0,0.0,0,1
797.0,J1,103,21.85,10.35,33.0,105.0,14,105.0,0.0,2,797.0,30.0,0,1
798.0,J2,105,22.1,10.64,34.0,217.5,29,217.5,0.0,2,798.0,30.0,0,1
798.0,J3,105,22.1,10.64,34.0,60.0,8,60.0,0.0,2,798.0,0.0,0,1
798.0,J1,105,22.1,10.64,34.0,105.0,14,105.0,0.0,2,798.0,30.0,0,1
799.0,J2,106,21.7,11.03,35.0,217.5,29,217.5,0.0,2,799.0,30.0,0,1
799.0,J3,106,21.7,11.03,35.0,60.0,8,60.0,0.0,2,799.0,0.0,0,1
799.0,J1,106,21.7,11.03,35.0,112.5,15,105.0,7.5,2,799.0,30.0,0,1
800.0,J2,103,20.68,11.86,36.0,217.5,29,217.5,0.0,2,800.0,30.0,0,1
800.0,J3,103,20.68,11.86,36.0,67.5,9,60.0,7.5,2,800.0,0.0,0,1
800.0,J1,103,20.68,11.86,36.0,112.5,15,105.0,7.5,2,800.0,45.0,1,1
801.0,J2,103,20.04,12.38,37.0,217.5,29,217.5,0.0,2,801.0,30.0,0,1
801.0,J3,103,20.04,12.38,37.0,67.5,9,60.0,7.5,2,801.0,0.0,0,1
801.0,J1,103,20.04,12.38,37.0,112.5,15,105.0,7.5,2,801.0,45.0,1,1
802.0,J2,103,19.31,12.89,38.0,217.5,29,217.5,0.0,2,802.0,45.0,1,1
802.0,J3,103,19.31,12.89,38.0,67.5,9,60.0,7.5,2,802.0,0.0,0,1
802.0,J1,103,19.31,12.89,38.0,112.5,15,105.0,7.5,2,802.0,45.0,1,1
803.0,J2,104,19.18,13.31,39.0,217.5,29,217.5,0.0,2,803.0,45.0,1,1
803.0,J3,104,19.18,13.31,39.0,82.5,11,60.0,22.5,2,803.0,0.0,0,1
803.0,J1,104,19.18,13.31,39.0,120.0,16,105.0,15.0,2,803.0,45.0,1,1
804.0,J2,104,19.03,13.86,40.0,217.5,29,217.5,0.0,2,804.0,45.0,1,1
804.0,J3,104,19.03,13.86,40.0,82.5,11,60.0,22.5,2,804.0,0.0,0,1
804.0,J1,104,19.03,13.86,40.0,127.5,17,112.5,15.0,2,804.0,45.0,1,1
805.0,J2,104,19.13,14.41,41.0,217.5,29,217.5,0.0,2,805.0,45.0,1,1
805.0,J3,104,19.13,14.41,41.0,82.5,11,67.5,15.0,2,805.0,0.0,0,1
805.0,J1,104,19.13,14.41,41.0,135.0,18,112.5,22.5,2,805.0,45.0,1,1
806.0,J2,106,19.54,14.69,42.0,217.5,29,217.5,0.0,2,806.0,45.0,1,1
806.0,J3,106,19.54,14.69,42.0,82.5,11,67.5,15.0,2,806.0,0.0,0,1
806.0,J1,106,19.54,14.69,42.0,135.0,18,112.5,22.5,2,806.0,45.0,1,1
807.0,J2,106,19.17,15.12,43.0,217.5,29,217.5,0.0,2,807.0,45.0,1,1
807.0,J3,106,19.17,15.12,43.0,67.5,9,67.5,0.0,2,807.0,0.0,0,1
807.0,J1,106,19.17,15.12,43.0,142.5,19,112.5,30.0,2,807.0,45.0,1,1
808.0,J2,105,18.84,15.82,44.0,217.5,29,217.5,0.0,3,808.0,45.0,1,1
808.0,J3,105,18.84,15.82,44.0,75.0,10,82.5,-7.5,3,808.0,0.0,0,1
808.0,J1,105,18.84,15.82,44.0,142.5,19,120.0,22.5,3,808.0,45.0,1,1
809.0,J2,103,17.9,16.71,45.0,217.5,29,217.5,0.0,3,809.0,45.0,1,1
809.0,J3,103,17.9,16.71,45.0,90.0,12,82.5,7.5,3,809.0,0.0,0,1
809.0,J1,103,17.9,16.71,45.0,142.5,19,127.5,15.0,3,809.0,45.0,1,1
810.0,J2,103,17.79,17.29,46.0,217.5,29,217.5,0.0,3,810.0,45.0,1,1
810.0,J3,103,17.79,17.29,46.0,90.0,12,82.5,7.5,3,810.0,0.0,0,1
810.0,J1,103,17.79,17.29,46.0,142.5,19,135.0,7.5,3,810.0,45.0,1,1
811.0,J2,105,19.21,10.96,43.0,172.5,23,217.5,-45.0,0,811.0,45.0,1,1
811.0,J3,105,19.21,10.96,43.0,45.0,6,82.5,-37.5,0,811.0,0.0,0,1
811.0,J1,105,19.21,10.96,43.0,97.5,13,135.0,-37.5,0,811.0,45.0,1,1
812.0,J2,105,20.93,6.42,41.0,127.5,17,217.5,-90.0,0,812.0,45.0,1,1
812.0,J3,105,20.93,6.42,41.0,15.0,2,67.5,-52.5,0,812.0,0.0,0,1
812.0,J1,105,20.93,6.42,41.0,52.5,7,142.5,-90.0,0,812.0,45.0,1,1
813.0,J2,105,23.24,3.44,38.0,82.5,11,217.5,-135.0,0,813.0,45.0,1,1
813.0,J3,105,23.24,3.44,38.0,0.0,0,75.0,-75.0,0,813.0,0.0,0,1
813.0,J1,105,23.24,3.44,38.0,7.5,1,142.5,-135.0,0,813.0,45.0,1,1
814.0,J2,104,25.75,1.36,32.0,37.5,5,217.5,-180.0,0,814.0,45.0,1,1
814.0,J3,104,25.75,1.36,32.0,0.0,0,90.0,-90.0,0,814.0,0.0,0,1
814.0,J1,104,25.75,1.36,32.0,7.5,1,142.5,-135.0,0,814.0,45.0,1,1
815.0,J2,104,28.73,0.02,2.0,0.0,0,217.5,-217.5,0,815.0,45.0,1,1
815.0,J3,104,28.73,0.02,2.0,0.0,0,90.0,-90.0,0,815.0,0.0,0,1
815.0,J1,104,28.73,0.02,2.0,7.5,1,142.5,-135.0,0,815.0,45.0,1,1
816.0,J2,106,31.99,0.03,3.0,0.0,0,172.5,-172.5,0,816.0,45.0,1,1
816.0,J3,106,31.99,0.03,3.0,0.0,0,45.0,-45.0,0,816.0,0.0,0,1
816.0,J1,106,31.99,0.03,3.0,7.5,1,97.5,-90.0,0,816.0,45.0,1,1
817.0,J2,106,34.57,0.04,4.0,0.0,0,127.5,-127.5,0,817.0,45.0,1,1
817.0,J3,106,34.57,0.04,4.0,0.0,0,15.0,-15.0,0,817.0,0.0,0,1
817.0,J1,106,34.57,0.04,4.0,7.5,1,52.5,-45.0,0,817.0,45.0,1,1
818.0,J2,105,36.53,0.05,5.0,0.0,0,82.5,-82.5,0,818.0,45.0,1,1
818.0,J3,105,36.53,0.05,5.0,0.0,0,0.0,0.0,0,818.0,0.0,0,1
818.0,J1,105,36.53,0.05,5.0,7.5,1,7.5,0.0,0,818.0,45.0,1,1
819.0,J2,107,37.89,0.06,6.0,0.0,0,37.5,-37.5,0,819.0,45.0,1,1
819.0,J3,107,37.89,0.06,6.0,0.0,0,0.0,0.0,0,819.0,0.0,0,1
819.0,J1,107,37.89,0.06,6.0,7.5,1,7.5,0.0,0,819.0,45.0,1,1
820.0,J2,107,38.97,0.07,7.0,0.0,0,0.0,0.0,0,820.0,45.0,1,1
820.0,J3,107,38.97,0.07,7.0,0.0,0,0.0,0.0,0,820.0,0.0,0,1
820.0,J1,107,38.97,0.07,7.0,7.5,1,7.5,0.0,0,820.0,45.0,1,1
821.0,J2,108,39.46,0.07,8.0,0.0,0,0.0,0.0,0,821.0,45.0,1,1
821.0,J3,108,39.46,0.07,8.0,0.0,0,0.0,0.0,0,821.0,0.0,0,1
821.0,J1,108,39.46,0.07,8.0,7.5,1,7.5,0.0,0,821.0,45.0,1,1
822.0,J2,108,39.89,0.08,9.0,0.0,0,0.0,0.0,0,822.0,52.5,1,1
822.0,J3,108,39.89,0.08,9.0,0.0,0,0.0,0.0,0,822.0,0.0,0,1
822.0,J1,108,39.89,0.08,9.0,7.5,1,7.5,0.0,0,822.0,45.0,1,1
823.0,J2,108,40.1,0.09,10.0,0.0,0,0.0,0.0,0,823.0,60.0,1,1
823.0,J3,108,40.1,0.09,10.0,0.0,0,0.0,0.0,0,823.0,0.0,0,1
823.0,J1,108,40.1,0.09,10.0,7.5,1,7.5,0.0,0,823.0,45.0,1,1
824.0,J2,110,40.78,0.1,11.0,0.0,0,0.0,0.0,0,824.0,60.0,1,1
824.0,J3,110,40.78,0.1,11.0,0.0,0,0.0,0.0,0,824.0,0.0,0,1
824.0,J1,110,40.78,0.1,11.0,7.5,1,7.5,0.0,0,824.0,52.5,1,1
825.0,J2,108,41.15,0.11,12.0,0.0,0,0.0,0.0,0,825.0,60.0,1,1
825.0,J3,108,41.15,0.11,12.0,0.0,0,0.0,0.0,0,825.0,0.0,0,1
825.0,J1,108,41.15,0.11,12.0,7.5,1,7.5,0.0,0,825.0,52.5,1,1
826.0,J2,109,41.03,0.12,13.0,0.0,0,0.0,0.0,0,826.0,30.0,0,1
826.0,J3,109,41.03,0.12,13.0,0.0,0,0.0,0.0,0,826.0,0.0,0,1
826.0,J1,109,41.03,0.12,13.0,7.5,1,7.5,0.0,0,826.0,30.0,0,1
827.0,J2,112,41.2,0.13,14.0,7.5,1,0.0,7.5,0,827.0,22.5,0,1
827.0,J3,112,41.2,0.13,14.0,0.0,0,0.0,0.0,0,827.0,0.0,0,1
827.0,J1,112,41.2,0.13,14.0,7.5,1,7.5,0.0,0,827.0,7.5,0,1
828.0,J2,113,41.21,0.16,15.0,7.5,1,0.0,7.5,0,828.0,22.5,0,1
828.0,J3,113,41.21,0.16,15.0,0.0,0,0.0,0.0,0,828.0,7.5,0,1
828.0,J1,113,41.21,0.16,15.0,15.0,2,7.5,7.5,0,828.0,7.5,0,1
829.0,J2,114,41.3,0.18,16.0,7.5,1,0.0,7.5,0,829.0,22.5,0,1
829.0,J3,114,41.3,0.18,16.0,0.0,0,0.0,0.0,0,829.0,15.0,0,1
829.0,J1,114,41.3,0.18,16.0,15.0,2,7.5,7.5,0,829.0,22.5,0,1
830.0,J2,116,41.38,0.21,17.0,7.5,1,0.0,7.5,0,830.0,30.0,0,1
830.0,J3,116,41.38,0.21,17.0,0.0,0,0.0,0.0,0,830.0,15.0,0,1
830.0,J1,116,41.38,0.21,17.0,15.0,2,7.5,7.5,0,830.0,22.5,0,1
831.0,J2,114,41.37,0.24,18.0,7.5,1,0.0,7.5,0,831.0,45.0,1,1
831.0,J3,114,41.37,0.24,18.0,0.0,0,0.0,0.0,0,831.0,30.0,0,1
831.0,J1,114,41.37,0.24,18.0,15.0,2,7.5,7.5,0,831.0,22.5,0,1
832.0,J2,116,41.48,0.26,19.0,7.5,1,7.5,0.0,0,832.0,52.5,1,1
832.0,J3,116,41.48,0.26,19.0,0.0,0,0.0,0.0,0,832.0,30.0,0,1
832.0,J1,116,41.48,0.26,19.0,15.0,2,7.5,7.5,0,832.0,30.0,0,1
833.0,J2,116,41.35,0.28,20.0,7.5,1,7.5,0.0,0,833.0,67.5,1,1
833.0,J3,116,41.35,0.28,20.0,0.0,0,0.0,0.0,0,833.0,30.0,0,1
833.0,J1,116,41.35,0.28,20.0,15.0,2,15.0,0.0,0,833.0,30.0,0,1
834.0,J2,116,41.34,0.31,21.0,7.5,1,7.5,0.0,0,834.0,75.0,1,1
834.0,J3,116,41.34,0.31,21.0,0.0,0,0.0,0.0,0,834.0,30.0,0,1
834.0,J1,116,41.34,0.31,21.0,15.0,2,15.0,0.0,0,834.0,45.0,1,1
835.0,J2,115,40.96,0.34,22.0,7.5,1,7.5,0.0,0,835.0,97.5,1,1
835.0,J3,115,40.96,0.34,22.0,0.0,0,0.0,0.0,0,835.0,30.0,0,1
835.0,J1,115,40.96,0.34,22.0,15.0,2,15.0,0.0,0,835.0,52.5,1,1
836.0,J2,116,41.16,0.36,23.0,7.5,1,7.5,0.0,0,836.0,105.0,1,1
836.0,J3,116,41.16,0.36,23.0,0.0,0,0.0,0.0,0,836.0,52.5,1,1
836.0,J1,116,41.16,0.36,23.0,15.0,2,15.0,0.0,0,836.0,67.5,1,1
837.0,J2,117,41.09,0.39,24.0,7.5,1,7.5,0.0,0,837.0,105.0,1,1
837.0,J3,117,41.09,0.39,24.0,0.0,0,0.0,0.0,0,837.0,60.0,1,1
837.0,J1,117,41.09,0.39,24.0,22.5,3,15.0,7.5,0,837.0,75.0,1,1
838.0,J2,115,41.18,0.43,25.0,7.5,1,7.5,0.0,0,838.0,112.5,1,1
838.0,J3,115,41.18,0.43,25.0,0.0,0,0.0,0.0,0,838.0,67.5,1,1
838.0,J1,115,41.18,0.43,25.0,22.5,3,15.0,7.5,0,838.0,82.5,1,1
839.0,J2,115,40.91,0.47,26.0,7.5,1,7.5,0.0,0,839.0,112.5,1,1
839.0,J3,115,40.91,0.47,26.0,0.0,0,0.0,0.0,0,839.0,82.5,1,1
839.0,J1,115,40.91,0.47,26.0,22.5,3,15.0,7.5,0,839.0,90.0,1,1
840.0,J2,115,40.87,0.5,27.0,7.5,1,7.5,0.0,0,840.0,112.5,1,1
840.0,J3,115,40.87,0.5,27.0,0.0,0,0.0,0.0,0,840.0,90.0,1,1
840.0,J1,115,40.87,0.5,27.0,22.5,3,15.0,7.5,0,840.0,90.0,1,1
841.0,J2,115,40.67,0.54,28.0,7.5,1,7.5,0.0,0,841.0,120.0,1,1
841.0,J3,115,40.67,0.54,28.0,0.0,0,0.0,0.0,0,841.0,90.0,1,1
841.0,J1,115,40.67,0.54,28.0,22.5,3,15.0,7.5,0,841.0,97.5,1,1
842.0,J2,115,40.18,0.58,29.0,7.5,1,7.5,0.0,0,842.0,127.5,1,1
842.0,J3,115,40.18,0.58,29.0,7.5,1,0.0,7.5,0,842.0,97.5,1,1
842.0,J1,115,40.18,0.58,29.0,22.5,3,22.5,0.0,0,842.0,112.5,1,1
843.0,J2,115,40.19,0.63,30.0,15.0,2,7.5,7.5,0,843.0,127.5,1,1
843.0,J3,115,40.19,0.63,30.0,7.5,1,0.0,7.5,0,843.0,97.5,1,1
843.0,J1,115,40.19,0.63,30.0,22.5,3,22.5,0.0,0,843.0,127.5,1,1
844.0,J2,117,40.16,0.68,31.0,15.0,2,7.5,7.5,0,844.0,127.5,1,1
844.0,J3,117,40.16,0.68,31.0,7.5,1,0.0,7.5,0,844.0,97.5,1,1
844.0,J1,117,40.16,0.68,31.0,22.5,3,22.5,0.0,0,844.0,150.0,1,1
845.0,J2,117,40.11,0.73,32.0,15.0,2,7.5,7.5,0,845.0,127.5,1,1
845.0,J3,117,40.11,0.73,32.0,7.5,1,0.0,7.5,0,845.0,105.0,1,1
845.0,J1,117,40.11,0.73,32.0,22.5,3,22.5,0.0,0,845.0,150.0,1,1
846.0,J2,118,40.05,0.78,33.0,22.5,3,7.5,15.0,0,846.0,127.5,1,1
846.0,J3,118,40.05,0.78,33.0,7.5,1,0.0,7.5,0,846.0,105.0,1,1
846.0,J1,118,40.05,0.78,33.0,22.5,3,22.5,0.0,0,846.0,157.5,1,1
847.0,J2,118,39.94,0.84,34.0,22.5,3,7.5,15.0,0,847.0,127.5,1,1
847.0,J3,118,39.94,0.84,34.0,7.5,1,7.5,0.0,0,847.0,112.5,1,1
847.0,J1,118,39.94,0.84,34.0,22.5,3,22.5,0.0,0,847.0,157.5,1,1
848.0,J2,120,40.19,0.88,35.0,22.5,3,15.0,7.5,0,848.0,135.0,1,1
848.0,J3,120,40.19,0.88,35.0,7.5,1,7.5,0.0,0,848.0,112.5,1,1
848.0,J1,120,40.19,0.88,35.0,22.5,3,22.5,0.0,0,848.0,157.5,1,1
849.0,J2,120,39.87,0.94,36.0,22.5,3,15.0,7.5,0,849.0,135.0,1,1
849.0,J3,120,39.87,0.94,36.0,7.5,1,7.5,0.0,0,849.0,112.5,1,1
849.0,J1,120,39.87,0.94,36.0,22.5,3,22.5,0.0,0,849.0,157.5,1,1
850.0,J2,120,39.89,1.01,37.0,30.0,4,15.0,15.0,0,850.0,142.5,1,1
850.0,J3,120,39.89,1.01,37.0,7.5,1,7.5,0.0,0,850.0,112.5,1,1
850.0,J1,120,39.89,1.01,37.0,22.5,3,22.5,0.0,0,850.0,157.5,1,1
851.0,J2,122,39.48,1.06,38.0,30.0,4,22.5,7.5,0,851.0,142.5,1,1
851.0,J3,122,39.48,1.06,38.0,7.5,1,7.5,0.0,0,851.0,112.5,1,1
851.0,J1,122,39.48,1.06,38.0,22.5,3,22.5,0.0,0,851.0,157.5,1,1
852.0,J2,120,38.87,1.15,39.0,37.5,5,22.5,15.0,0,852.0,150.0,1,1
852.0,J3,120,38.87,1.15,39.0,7.5,1,7.5,0.0,0,852.0,112.5,1,1
852.0,J1,120,38.87,1.15,39.0,22.5,3,22.5,0.0,0,852.0,165.0,1,1
853.0,J2,120,38.17,1.24,40.0,45.0,6,22.5,22.5,1,853.0,150.0,1,1
853.0,J3,120,38.17,1.24,40.0,7.5,1,7.5,0.0,1,853.0,112.5,1,1
853.0,J1,120,38.17,1.24,40.0,30.0,4,22.5,7.5,1,853.0,165.0,1,1
854.0,J2,119,37.56,1.34,41.0,45.0,6,22.5,22.5,1,854.0,157.5,1,1
854.0,J3,119,37.56,1.34,41.0,7.5,1,7.5,0.0,1,854.0,112.5,1,1
854.0,J1,119,37.56,1.34,41.0,30.0,4,22.5,7.5,1,854.0,165.0,1,1
855.0,J2,117,36.1,1.47,42.0,45.0,6,30.0,15.0,1,855.0,157.5,1,1
855.0,J3,117,36.1,1.47,42.0,7.5,1,7.5,0.0,1,855.0,112.5,1,1
855.0,J1,117,36.1,1.47,42.0,37.5,5,22.5,15.0,1,855.0,165.0,1,1
856.0,J2,117,35.65,0.31,20.0,30.0,4,30.0,0.0,2,856.0,172.5,1,1
856.0,J3,117,35.65,0.31,20.0,0.0,0,7.5,-7.5,2,856.0,120.0,1,1
856.0,J1,117,35.65,0.31,20.0,22.5,3,22.5,0.0,2,856.0,165.0,1,1
857.0,J2,116,34.77,0.06,3.0,7.5,1,37.5,-30.0,2,857.0,172.5,1,1
857.0,J3,116,34.77,0.06,3.0,15.0,2,7.5,7.5,2,857.0,120.0,1,1
857.0,J1,116,34.77,0.06,3.0,7.5,1,22.5,-15.0,2,857.0,165.0,1,1
858.0,J2,117,34.43,0.11,4.0,15.0,2,45.0,-30.0,2,858.0,172.5,1,1
858.0,J3,117,34.43,0.11,4.0,22.5,3,7.5,15.0,2,858.0,120.0,1,1
858.0,J1,117,34.43,0.11,4.0,7.5,1,30.0,-22.5,2,858.0,165.0,1,1
859.0,J2,115,34.13,0.19,5.0,22.5,3,45.0,-22.5,2,859.0,172.5,1,1
859.0,J3,115,34.13,0.19,5.0,30.0,4,7.5,22.5,2,859.0,120.0,1,1
859.0,J1,115,34.13,0.19,5.0,15.0,2,30.0,-15.0,2,859.0,180.0,1,1
860.0,J2,115,34.39,0.3,6.0,30.0,4,45.0,-15.0,2,860.0,180.0,1,1
860.0,J3,115,34.39,0.3,6.0,37.5,5,7.5,30.0,2,860.0,127.5,1,1
860.0,J1,115,34.39,0.3,6.0,22.5,3,37.5,-15.0,2,860.0,187.5,1,1
861.0,J2,115,34.39,0.43,7.0,30.0,4,30.0,0.0,2,861.0,180.0,1,1
861.0,J3,115,34.39,0.43,7.0,45.0,6,0.0,45.0,2,861.0,127.5,1,1
861.0,J1,115,34.39,0.43,7.0,37.5,5,22.5,15.0,2,861.0,195.0,1,1
862.0,J2,115,33.51,0.57,8.0,30.0,4,7.5,22.5,2,862.0,187.5,1,1
862.0,J3,115,33.51,0.57,8.0,45.0,6,15.0,30.0,2,862.0,127.5,1,1
862.0,J1,115,33.51,0.57,8.0,45.0,6,7.5,37.5,2,862.0,202.5,1,1
863.0,J2,116,32.73,0.72,9.0,30.0,4,15.0,15.0,2,863.0,195.0,1,1
863.0,J3,116,32.73,0.72,9.0,52.5,7,22.5,30.0,2,863.0,135.0,1,1
863.0,J1,116,32.73,0.72,9.0,52.5,7,7.5,45.0,2,863.0,210.0,1,1
864.0,J2,117,31.95,0.89,10.0,37.5,5,22.5,15.0,2,864.0,195.0,1,1
864.0,J3,117,31.95,0.89,10.0,60.0,8,30.0,30.0,2,864.0,150.0,1,1
864.0,J1,117,31.95,0.89,10.0,60.0,8,15.0,45.0,2,864.0,210.0,1,1
865.0,J2,116,31.29,1.09,11.0,37.5,5,30.0,7.5,2,865.0,195.0,1,1
865.0,J3,116,31.29,1.09,11.0,67.5,9,37.5,30.0,2,865.0,157.5,1,1
865.0,J1,116,31.29,1.09,11.0,67.5,9,22.5,45.0,2,865.0,210.0,1,1
866.0,J2,115,30.2,1.32,12.0,37.5,5,30.0,7.5,2,866.0,195.0,1,1
866.0,J3,115,30.2,1.32,12.0,67.5,9,45.0,22.5,2,866.0,157.5,1,1
866.0,J1,115,30.2,1.32,12.0,82.5,11,37.5,45.0,2,866.0,217.5,1,1
867.0,J2,115,29.12,1.57,13.0,45.0,6,30.0,15.0,2,867.0,195.0,1,1
867.0,J3,115,29.12,1.57,13.0,75.0,10,45.0,30.0,2,867.0,165.0,1,1
867.0,J1,115,29.12,1.57,13.0,90.0,12,45.0,45.0,2,867.0,217.5,1,1
868.0,J2,116,28.03,1.82,14.0,45.0,6,30.0,15.0,2,868.0,195.0,1,1
868.0,J3,116,28.03,1.82,14.0,82.5,11,52.5,30.0,2,868.0,165.0,1,1
868.0,J1,116,28.03,1.82,14.0,105.0,14,52.5,52.5,2,868.0,217.5,1,1
869.0,J2,114,26.49,2.16,15.0,52.5,7,37.5,15.0,2,869.0,195.0,1,1
869.0,J3,114,26.49,2.16,15.0,105.0,14,60.0,45.0,2,869.0,165.0,1,1
869.0,J1,114,26.49,2.16,15.0,105.0,14,60.0,45.0,2,869.0,217.5,1,1
870.0,J2,114,25.7,2.48,16.0,52.5,7,37.5,15.0,2,870.0,195.0,1,1
870.0,J3,114,25.7,2.48,16.0,112.5,15,67.5,45.0,2,870.0,165.0,1,1
870.0,J1,114,25.7,2.48,16.0,112.5,15,67.5,45.0,2,870.0,217.5,1,1
871.0,J2,115,25.45,2.83,17.0,82.5,11,37.5,45.0,2,871.0,150.0,1,1
871.0,J3,115,25.45,2.83,17.0,127.5,17,67.5,60.0,2,871.0,127.5,1,1
871.0,J1,115,25.45,2.83,17.0,112.5,15,82.5,30.0,2,871.0,172.5,1,1
872.0,J2,115,24.74,3.2,18.0,82.5,11,45.0,37.5,2,872.0,105.0,1,1
872.0,J3,115,24.74,3.2,18.0,127.5,17,75.0,52.5,2,872.0,82.5,1,1
872.0,J1,115,24.74,3.2,18.0,112.5,15,90.0,22.5,2,872.0,127.5,1,1
873.0,J2,115,24.52,3.6,19.0,97.5,13,45.0,52.5,2,873.0,75.0,1,1
873.0,J3,115,24.52,3.6,19.0,135.0,18,82.5,52.5,2,873.0,60.0,1,1
873.0,J1,115,24.52,3.6,19.0,112.5,15,105.0,7.5,2,873.0,90.0,1,1
874.0,J2,115,24.15,4.03,20.0,105.0,14,52.5,52.5,2,874.0,52.5,1,1
874.0,J3,115,24.15,4.03,20.0,135.0,18,105.0,30.0,2,874.0,37.5,1,1
874.0,J1,115,24.15,4.03,20.0,127.5,17,105.0,22.5,2,874.0,67.5,1,1
875.0,J2,115,23.83,4.46,21.0,105.0,14,52.5,52.5,2,875.0,30.0,0,1
875.0,J3,115,23.83,4.46,21.0,142.5,19,112.5,30.0,2,875.0,15.0,0,1
875.0,J1,115,23.83,4.46,21.0,127.5,17,112.5,15.0,2,875.0,45.0,1,1
876.0,J2,116,23.79,4.87,22.0,105.0,14,82.5,22.5,2,876.0,30.0,0,1
876.0,J3,116,23.79,4.87,22.0,157.5,21,127.5,30.0,2,876.0,7.5,0,1
876.0,J1,116,23.79,4.87,22.0,127.5,17,112.5,15.0,2,876.0,22.5,0,1
877.0,J2,117,24.03,5.29,23.0,105.0,14,82.5,22.5,2,877.0,37.5,1,1
877.0,J3,117,24.03,5.29,23.0,165.0,22,127.5,37.5,2,877.0,7.5,0,1
877.0,J1,117,24.03,5.29,23.0,135.0,18,112.5,22.5,2,877.0,7.5,0,1
878.0,J2,119,24.12,5.66,24.0,105.0,14,97.5,7.5,2,878.0,37.5,1,1
878.0,J3,119,24.12,5.66,24.0,165.0,22,135.0,30.0,2,878.0,7.5,0,1
878.0,J1,119,24.12,5.66,24.0,135.0,18,112.5,22.5,2,878.0,0.0,0,1
879.0,J2,121,24.42,6.02,25.0,105.0,14,105.0,0.0,2,879.0,37.5,1,1
879.0,J3,121,24.42,6.02,25.0,165.0,22,135.0,30.0,2,879.0,7.5,0,1
879.0,J1,121,24.42,6.02,25.0,142.5,19,127.5,15.0,2,879.0,0.0,0,1
880.0,J2,122,24.41,6.42,26.0,105.0,14,105.0,0.0,2,880.0,37.5,1,1
880.0,J3,122,24.41,6.42,26.0,165.0,22,142.5,22.5,2,880.0,7.5,0,1
880.0,J1,122,24.41,6.42,26.0,142.5,19,127.5,15.0,2,880.0,0.0,0,1
881.0,J2,122,23.98,6.87,27.0,105.0,14,105.0,0.0,2,881.0,37.5,1,1
881.0,J3,122,23.98,6.87,27.0,165.0,22,157.5,7.5,2,881.0,7.5,0,1
881.0,J1,122,23.98,6.87,27.0,142.5,19,127.5,15.0,2,881.0,0.0,0,1
882.0,J2,123,24.11,7.26,28.0,105.0,14,105.0,0.0,2,882.0,52.5,1,1
882.0,J3,123,24.11,7.26,28.0,165.0,22,165.0,0.0,2,882.0,15.0,0,1
882.0,J1,123,24.11,7.26,28.0,142.5,19,135.0,7.5,2,882.0,0.0,0,1
883.0,J2,124,23.81,7.65,29.0,112.5,15,105.0,7.5,2,883.0,45.0,1,1
883.0,J3,124,23.81,7.65,29.0,165.0,22,165.0,0.0,2,883.0,15.0,0,1
883.0,J1,124,23.81,7.65,29.0,142.5,19,135.0,7.5,2,883.0,7.5,0,1
884.0,J2,125,23.54,8.05,30.0,120.0,16,105.0,15.0,2,884.0,45.0,1,1
884.0,J3,125,23.54,8.05,30.0,165.0,22,165.0,0.0,2,884.0,22.5,0,1
884.0,J1,125,23.54,8.05,30.0,142.5,19,142.5,0.0,2,884.0,7.5,0,1
885.0,J2,125,22.59,8.51,31.0,120.0,16,105.0,15.0,2,885.0,45.0,1,1
885.0,J3,125,22.59,8.51,31.0,165.0,22,165.0,0.0,2,885.0,30.0,0,1
885.0,J1,125,22.59,8.51,31.0,150.0,20,142.5,7.5,2,885.0,7.5,0,1
886.0,J2,126,21.8,8.91,32.0,127.5,17,105.0,22.5,2,886.0,45.0,1,1
886.0,J3,126,21.8,8.91,32.0,165.0,22,165.0,0.0,2,886.0,30.0,0,1
886.0,J1,126,21.8,8.91,32.0,150.0,20,142.5,7.5,2,886.0,7.5,0,1
887.0,J2,127,21.22,9.31,33.0,127.5,17,105.0,22.5,2,887.0,45.0,1,1
887.0,J3,127,21.22,9.31,33.0,165.0,22,165.0,0.0,2,887.0,30.0,0,1
887.0,J1,127,21.22,9.31,33.0,150.0,20,142.5,7.5,2,887.0,7.5,0,1
888.0,J2,127,20.65,9.79,34.0,135.0,18,112.5,22.5,2,888.0,52.5,1,1
888.0,J3,127,20.65,9.79,34.0,165.0,22,165.0,0.0,2,888.0,30.0,0,1
888.0,J1,127,20.65,9.79,34.0,157.5,21,142.5,15.0,2,888.0,7.5,0,1
889.0,J2,126,19.94,10.35,35.0,135.0,18,120.0,15.0,2,889.0,52.5,1,1
889.0,J3,126,19.94,10.35,35.0,165.0,22,165.0,0.0,2,889.0,30.0,0,1
889.0,J1,126,19.94,10.35,35.0,157.5,21,142.5,15.0,2,889.0,7.5,0,1
890.0,J2,124,18.9,11.04,36.0,142.5,19,120.0,22.5,2,890.0,52.5,1,1
890.0,J3,124,18.9,11.04,36.0,180.0,24,165.0,15.0,2,890.0,30.0,0,1
890.0,J1,124,18.9,11.04,36.0,165.0,22,150.0,15.0,2,890.0,7.5,0,1
891.0,J2,124,18.9,11.6,37.0,157.5,21,127.5,30.0,2,891.0,52.5,1,1
891.0,J3,124,18.9,11.6,37.0,187.5,25,165.0,22.5,2,891.0,30.0,0,1
891.0,J1,124,18.9,11.6,37.0,180.0,24,150.0,30.0,2,891.0,7.5,0,1
892.0,J2,123,18.47,12.27,38.0,157.5,21,127.5,30.0,2,892.0,52.5,1,1
892.0,J3,123,18.47,12.27,38.0,187.5,25,165.0,22.5,2,892.0,30.0,0,1
892.0,J1,123,18.47,12.27,38.0,180.0,24,150.0,30.0,2,892.0,7.5,0,1
893.0,J2,124,18.48,12.74,39.0,157.5,21,135.0,22.5,2,893.0,52.5,1,1
893.0,J3,124,18.48,12.74,39.0,195.0,26,165.0,30.0,2,893.0,30.0,0,1
893.0,J1,124,18.48,12.74,39.0,180.0,24,157.5,22.5,2,893.0,7.5,0,1
894.0,J2,126,18.99,13.1,40.0,157.5,21,135.0,22.5,2,894.0,52.5,1,1
894.0,J3,126,18.99,13.1,40.0,195.0,26,165.0,30.0,2,894.0,30.0,0,1
894.0,J1,126,18.99,13.1,40.0,180.0,24,157.5,22.5,2,894.0,7.5,0,1
895.0,J2,126,18.71,13.67,41.0,157.5,21,142.5,15.0,2,895.0,52.5,1,1
895.0,J3,126,18.71,13.67,41.0,195.0,26,180.0,15.0,2,895.0,30.0,0,1
895.0,J1,126,18.71,13.67,41.0,180.0,24,165.0,15.0,2,895.0,7.5,0,1
896.0,J2,126,18.38,14.23,42.0,157.5,21,157.5,0.0,2,896.0,52.5,1,1
896.0,J3,126,18.38,14.23,42.0,195.0,26,187.5,7.5,2,896.0,30.0,0,1
896.0,J1,126,18.38,14.23,42.0,180.0,24,180.0,0.0,2,896.0,15.0,0,1
897.0,J2,123,17.65,15.17,43.0,157.5,21,157.5,0.0,2,897.0,52.5,1,1
897.0,J3,123,17.65,15.17,43.0,202.5,27,187.5,15.0,2,897.0,30.0,0,1
897.0,J1,123,17.65,15.17,43.0,187.5,25,180.0,7.5,2,897.0,15.0,0,1
898.0,J2,123,17.32,15.76,44.0,157.5,21,157.5,0.0,3,898.0,52.5,1,1
898.0,J3,123,17.32,15.76,44.0,202.5,27,195.0,7.5,3,898.0,30.0,0,1
898.0,J1,123,17.32,15.76,44.0,187.5,25,180.0,7.5,3,898.0,15.0,0,1
899.0,J2,119,16.01,16.91,45.0,157.5,21,157.5,0.0,3,899.0,52.5,1,1
899.0,J3,119,16.01,16.91,45.0,202.5,27,195.0,7.5,3,899.0,30.0,0,1
899.0,J1,119,16.01,16.91,45.0,187.5,25,180.0,7.5,3,899.0,15.0,0,1
900.0,J2,117,15.06,17.82,46.0,157.5,21,157.5,0.0,3,900.0,52.5,1,1
900.0,J3,117,15.06,17.82,46.0,202.5,27,195.0,7.5,3,900.0,30.0,0,1
900.0,J1,117,15.06,17.82,46.0,187.5,25,180.0,7.5,3,900.0,15.0,0,1
901.0,J2,116,15.55,12.56,43.0,112.5,15,157.5,-45.0,0,901.0,52.5,1,1
901.0,J3,116,15.55,12.56,43.0,165.0,22,195.0,-30.0,0,901.0,30.0,0,1
901.0,J1,116,15.55,12.56,43.0,150.0,20,180.0,-30.0,0,901.0,15.0,0,1
902.0,J2,116,16.88,7.66,40.0,75.0,10,157.5,-82.5,0,902.0,52.5,1,1
902.0,J3,116,16.88,7.66,40.0,120.0,16,202.5,-82.5,0,902.0,30.0,0,1
902.0,J1,116,16.88,7.66,40.0,112.5,15,187.5,-75.0,0,902.0,15.0,0,1
903.0,J2,115,18.58,3.63,38.0,37.5,5,157.5,-120.0,0,903.0,52.5,1,1
903.0,J3,115,18.58,3.63,38.0,75.0,10,202.5,-127.5,0,903.0,30.0,0,1
903.0,J1,115,18.58,3.63,38.0,67.5,9,187.5,-120.0,0,903.0,15.0,0,1
904.0,J2,115,21.03,1.19,34.0,7.5,1,157.5,-150.0,0,904.0,52.5,1,1
904.0,J3,115,21.03,1.19,34.0,37.5,5,202.5,-165.0,0,904.0,30.0,0,1
904.0,J1,115,21.03,1.19,34.0,22.5,3,187.5,-165.0,0,904.0,15.0,0,1
905.0,J2,115,24.23,0.29,16.0,15.0,2,157.5,-142.5,0,905.0,52.5,1,1
905.0,J3,115,24.23,0.29,16.0,15.0,2,202.5,-187.5,0,905.0,30.0,0,1
905.0,J1,115,24.23,0.29,16.0,0.0,0,187.5,-187.5,0,905.0,15.0,0,1
906.0,J2,115,27.47,0.05,4.0,15.0,2,112.5,-97.5,0,906.0,52.5,1,1
906.0,J3,115,27.47,0.05,4.0,0.0,0,165.0,-165.0,0,906.0,30.0,0,1
906.0,J1,115,27.47,0.05,4.0,0.0,0,150.0,-150.0,0,906.0,15.0,0,1
907.0,J2,116,30.35,0.07,5.0,15.0,2,75.0,-60.0,0,907.0,52.5,1,1
907.0,J3,116,30.35,0.07,5.0,0.0,0,120.0,-120.0,0,907.0,30.0,0,1
907.0,J1,116,30.35,0.07,5.0,0.0,0,112.5,-112.5,0,907.0,22.5,0,1
908.0,J2,115,32.61,0.09,6.0,15.0,2,37.5,-22.5,0,908.0,52.5,1,1
908.0,J3,115,32.61,0.09,6.0,0.0,0,75.0,-75.0,0,908.0,30.0,0,1
908.0,J1,115,32.61,0.09,6.0,0.0,0,67.5,-67.5,0,908.0,22.5,0,1
909.0,J2,114,34.21,0.11,7.0,15.0,2,7.5,7.5,0,909.0,52.5,1,1
909.0,J3,114,34.21,0.11,7.0,0.0,0,37.5,-37.5,0,909.0,30.0,0,1
909.0,J1,114,34.21,0.11,7.0,0.0,0,22.5,-22.5,0,909.0,22.5,0,1
910.0,J2,113,35.63,0.12,8.0,15.0,2,15.0,0.0,0,910.0,60.0,1,1
910.0,J3,113,35.63,0.12,8.0,0.0,0,15.0,-15.0,0,910.0,30.0,0,1
910.0,J1,113,35.63,0.12,8.0,0.0,0,0.0,0.0,0,910.0,22.5,0,1
911.0,J2,114,37.06,0.14,9.0,15.0,2,15.0,0.0,0,911.0,60.0,1,1
911.0,J3,114,37.06,0.14,9.0,0.0,0,0.0,0.0,0,911.0,30.0,0,1
911.0,J1,114,37.06,0.14,9.0,0.0,0,0.0,0.0,0,911.0,22.5,0,1
912.0,J2,115,38.24,0.16,10.0,15.0,2,15.0,0.0,0,912.0,60.0,1,1
912.0,J3,115,38.24,0.16,10.0,0.0,0,0.0,0.0,0,912.0,30.0,0,1
912.0,J1,115,38.24,0.16,10.0,0.0,0,0.0,0.0,0,912.0,22.5,0,1
913.0,J2,116,39.16,0.17,11.0,15.0,2,15.0,0.0,0,913.0,60.0,1,1
913.0,J3,116,39.16,0.17,11.0,0.0,0,0.0,0.0,0,913.0,30.0,0,1
913.0,J1,116,39.16,0.17,11.0,0.0,0,0.0,0.0,0,913.0,22.5,0,1
914.0,J2,116,39.77,0.19,12.0,15.0,2,15.0,0.0,0,914.0,60.0,1,1
914.0,J3,116,39.77,0.19,12.0,0.0,0,0.0,0.0,0,914.0,30.0,0,1
914.0,J1,116,39.77,0.19,12.0,0.0,0,0.0,0.0,0,914.0,22.5,0,1
915.0,J2,118,40.43,0.2,13.0,15.0,2,15.0,0.0,0,915.0,60.0,1,1
915.0,J3,118,40.43,0.2,13.0,0.0,0,0.0,0.0,0,915.0,30.0,0,1
915.0,J1,118,40.43,0.2,13.0,0.0,0,0.0,0.0,0,915.0,22.5,0,1
916.0,J2,120,40.52,0.23,14.0,15.0,2,15.0,0.0,0,916.0,30.0,0,1
916.0,J3,120,40.52,0.23,14.0,7.5,1,0.0,7.5,0,916.0,0.0,0,1
916.0,J1,120,40.52,0.23,14.0,0.0,0,0.0,0.0,0,916.0,7.5,0,1
917.0,J2,121,40.65,0.26,15.0,22.5,3,15.0,7.5,0,917.0,15.0,0,1
917.0,J3,121,40.65,0.26,15.0,7.5,1,0.0,7.5,0,917.0,7.5,0,1
917.0,J1,121,40.65,0.26,15.0,0.0,0,0.0,0.0,0,917.0,0.0,0,1
918.0,J2,120,40.42,0.29,16.0,22.5,3,15.0,7.5,0,918.0,22.5,0,1
918.0,J3,120,40.42,0.29,16.0,7.5,1,0.0,7.5,0,918.0,7.5,0,1
918.0,J1,120,40.42,0.29,16.0,0.0,0,0.0,0.0,0,918.0,7.5,0,1
919.0,J2,121,40.34,0.32,17.0,22.5,3,15.0,7.5,0,919.0,30.0,0,1
919.0,J3,121,40.34,0.32,17.0,7.5,1,0.0,7.5,0,919.0,15.0,0,1
919.0,J1,121,40.34,0.32,17.0,0.0,0,0.0,0.0,0,919.0,7.5,0,1
920.0,J2,121,39.92,0.36,18.0,30.0,4,15.0,15.0,0,920.0,30.0,0,1
920.0,J3,121,39.92,0.36,18.0,7.5,1,0.0,7.5,0,920.0,30.0,0,1
920.0,J1,121,39.92,0.36,18.0,0.0,0,0.0,0.0,0,920.0,7.5,0,1
921.0,J2,122,39.84,0.4,19.0,30.0,4,15.0,15.0,0,921.0,52.5,1,1
921.0,J3,122,39.84,0.4,19.0,7.5,1,7.5,0.0,0,921.0,37.5,1,1
921.0,J1,122,39.84,0.4,19.0,0.0,0,0.0,0.0,0,921.0,15.0,0,1
922.0,J2,122,39.65,0.44,20.0,30.0,4,22.5,7.5,0,922.0,60.0,1,1
922.0,J3,122,39.65,0.44,20.0,7.5,1,7.5,0.0,0,922.0,45.0,1,1
922.0,J1,122,39.65,0.44,20.0,0.0,0,0.0,0.0,0,922.0,22.5,0,1
923.0,J2,122,39.39,0.48,21.0,30.0,4,22.5,7.5,0,923.0,60.0,1,1
923.0,J3,122,39.39,0.48,21.0,7.5,1,7.5,0.0,0,923.0,52.5,1,1
923.0,J1,122,39.39,0.48,21.0,0.0,0,0.0,0.0,0,923.0,30.0,0,1
924.0,J2,122,39.67,0.54,22.0,45.0,6,22.5,22.5,0,924.0,60.0,1,1
924.0,J3,122,39.67,0.54,22.0,7.5,1,7.5,0.0,0,924.0,52.5,1,1
924.0,J1,122,39.67,0.54,22.0,0.0,0,0.0,0.0,0,924.0,30.0,0,1
925.0,J2,123,39.73,0.6,23.0,52.5,7,30.0,22.5,0,925.0,67.5,1,1
925.0,J3,123,39.73,0.6,23.0,7.5,1,7.5,0.0,0,925.0,52.5,1,1
925.0,J1,123,39.73,0.6,23.0,0.0,0,0.0,0.0,0,925.0,30.0,0,1
926.0,J2,123,39.81,0.67,24.0,52.5,7,30.0,22.5,0,926.0,67.5,1,1
926.0,J3,123,39.81,0.67,24.0,7.5,1,7.5,0.0,0,926.0,67.5,1,1
926.0,J1,123,39.81,0.67,24.0,0.0,0,0.0,0.0,0,926.0,45.0,1,1
927.0,J2,123,39.25,0.73,25.0,52.5,7,30.0,22.5,0,927.0,67.5,1,1
927.0,J3,123,39.25,0.73,25.0,7.5,1,7.5,0.0,0,927.0,75.0,1,1
927.0,J1,123,39.25,0.73,25.0,0.0,0,0.0,0.0,0,927.0,52.5,1,1
928.0,J2,123,39.27,0.8,26.0,52.5,7,30.0,22.5,0,928.0,82.5,1,1
928.0,J3,123,39.27,0.8,26.0,7.5,1,7.5,0.0,0,928.0,82.5,1,1
928.0,J1,123,39.27,0.8,26.0,0.0,0,0.0,0.0,0,928.0,52.5,1,1
929.0,J2,123,39.17,0.86,27.0,52.5,7,45.0,7.5,0,929.0,90.0,1,1
929.0,J3,123,39.17,0.86,27.0,7.5,1,7.5,0.0,0,929.0,82.5,1,1
929.0,J1,123,39.17,0.86,27.0,0.0,0,0.0,0.0,0,929.0,60.0,1,1
930.0,J2,124,39.13,0.93,28.0,52.5,7,52.5,0.0,0,930.0,90.0,1,1
930.0,J3,124,39.13,0.93,28.0,7.5,1,7.5,0.0,0,930.0,90.0,1,1
930.0,J1,124,39.13,0.93,28.0,7.5,1,0.0,7.5,0,930.0,60.0,1,1
931.0,J2,125,39.41,0.99,29.0,52.5,7,52.5,0.0,0,931.0,97.5,1,1
931.0,J3,125,39.41,0.99,29.0,7.5,1,7.5,0.0,0,931.0,90.0,1,1
931.0,J1,125,39.41,0.99,29.0,7.5,1,0.0,7.5,0,931.0,60.0,1,1
932.0,J2,125,39.28,1.06,30.0,52.5,7,52.5,0.0,0,932.0,105.0,1,1
932.0,J3,125,39.28,1.06,30.0,7.5,1,7.5,0.0,0,932.0,97.5,1,1
932.0,J1,125,39.28,1.06,30.0,7.5,1,0.0,7.5,0,932.0,60.0,1,1
933.0,J2,128,39.62,1.11,31.0,52.5,7,52.5,0.0,0,933.0,105.0,1,1
933.0,J3,128,39.62,1.11,31.0,7.5,1,7.5,0.0,0,933.0,97.5,1,1
933.0,J1,128,39.62,1.11,31.0,7.5,1,0.0,7.5,0,933.0,67.5,1,1
934.0,J2,128,39.53,1.18,32.0,52.5,7,52.5,0.0,0,934.0,112.5,1,1
934.0,J3,128,39.53,1.18,32.0,7.5,1,7.5,0.0,0,934.0,97.5,1,1
934.0,J1,128,39.53,1.18,32.0,7.5,1,0.0,7.5,0,934.0,67.5,1,1
935.0,J2,129,39.62,1.24,33.0,52.5,7,52.5,0.0,0,935.0,120.0,1,1
935.0,J3,129,39.62,1.24,33.0,7.5,1,7.5,0.0,0,935.0,112.5,1,1
935.0,J1,129,39.62,1.24,33.0,7.5,1,7.5,0.0,0,935.0,60.0,1,1
936.0,J2,128,39.58,1.32,34.0,52.5,7,52.5,0.0,0,936.0,120.0,1,1
936.0,J3,128,39.58,1.32,34.0,7.5,1,7.5,0.0,0,936.0,112.5,1,1
936.0,J1,128,39.58,1.32,34.0,7.5,1,7.5,0.0,0,936.0,90.0,1,1
937.0,J2,127,39.35,1.4,35.0,52.5,7,52.5,0.0,0,937.0,120.0,1,1
937.0,J3,127,39.35,1.4,35.0,7.5,1,7.5,0.0,0,937.0,112.5,1,1
937.0,J1,127,39.35,1.4,35.0,7.5,1,7.5,0.0,0,937.0,90.0,1,1
938.0,J2,127,39.5,1.47,36.0,52.5,7,52.5,0.0,0,938.0,120.0,1,1
938.0,J3,127,39.5,1.47,36.0,7.5,1,7.5,0.0,0,938.0,112.5,1,1
938.0,J1,127,39.5,1.47,36.0,7.5,1,7.5,0.0,0,938.0,90.0,1,1
939.0,J2,128,39.54,1.53,37.0,52.5,7,52.5,0.0,0,939.0,127.5,1,1
939.0,J3,128,39.54,1.53,37.0,7.5,1,7.5,0.0,0,939.0,112.5,1,1
939.0,J1,128,39.54,1.53,37.0,7.5,1,7.5,0.0,0,939.0,90.0,1,1
940.0,J2,129,39.46,1.59,38.0,52.5,7,52.5,0.0,0,940.0,127.5,1,1
940.0,J3,129,39.46,1.59,38.0,7.5,1,7.5,0.0,0,940.0,112.5,1,1
940.0,J1,129,39.46,1.59,38.0,7.5,1,7.5,0.0,0,940.0,90.0,1,1
941.0,J2,129,39.52,1.67,39.0,52.5,7,52.5,0.0,0,941.0,135.0,1,1
941.0,J3,129,39.52,1.67,39.0,7.5,1,7.5,0.0,0,941.0,120.0,1,1
941.0,J1,129,39.52,1.67,39.0,15.0,2,7.5,7.5,0,941.0,97.5,1,1
942.0,J2,129,39.44,1.74,40.0,52.5,7,52.5,0.0,0,942.0,135.0,1,1
942.0,J3,129,39.44,1.74,40.0,7.5,1,7.5,0.0,0,942.0,120.0,1,1
942.0,J1,129,39.44,1.74,40.0,15.0,2,7.5,7.5,0,942.0,97.5,1,1
943.0,J2,130,39.5,1.81,41.0,52.5,7,52.5,0.0,1,943.0,135.0,1,1
943.0,J3,130,39.5,1.81,41.0,7.5,1,7.5,0.0,1,943.0,120.0,1,1
943.0,J1,130,39.5,1.81,41.0,15.0,2,7.5,7.5,1,943.0,97.5,1,1
944.0,J2,128,38.55,1.91,42.0,52.5,7,52.5,0.0,1,944.0,135.0,1,1
944.0,J3,128,38.55,1.91,42.0,7.5,1,7.5,0.0,1,944.0,120.0,1,1
944.0,J1,128,38.55,1.91,42.0,15.0,2,7.5,7.5,1,944.0,97.5,1,1
945.0,J2,126,37.46,2.02,43.0,52.5,7,52.5,0.0,1,945.0,135.0,1,1
945.0,J3,126,37.46,2.02,43.0,7.5,1,7.5,0.0,1,945.0,120.0,1,1
945.0,J1,126,37.46,2.02,43.0,15.0,2,7.5,7.5,1,945.0,97.5,1,1
946.0,J2,126,36.39,0.6,27.0,37.5,5,52.5,-15.0,2,946.0,135.0,1,1
946.0,J3,126,36.39,0.6,27.0,0.0,0,7.5,-7.5,2,946.0,120.0,1,1
946.0,J1,126,36.39,0.6,27.0,7.5,1,15.0,-7.5,2,946.0,97.5,1,1
947.0,J2,124,35.56,0.23,23.0,22.5,3,52.5,-30.0,2,947.0,135.0,1,1
947.0,J3,124,35.56,0.23,23.0,0.0,0,7.5,-7.5,2,947.0,120.0,1,1
947.0,J1,124,35.56,0.23,23.0,7.5,1,15.0,-7.5,2,947.0,97.5,1,1
948.0,J2,121,35.06,0.12,3.0,30.0,4,52.5,-22.5,2,948.0,142.5,1,1
948.0,J3,121,35.06,0.12,3.0,0.0,0,7.5,-7.5,2,948.0,120.0,1,1
948.0,J1,121,35.06,0.12,3.0,30.0,4,15.0,15.0,2,948.0,97.5,1,1
949.0,J2,120,34.78,0.21,4.0,37.5,5,52.5,-15.0,2,949.0,142.5,1,1
949.0,J3,120,34.78,0.21,4.0,7.5,1,7.5,0.0,2,949.0,127.5,1,1
949.0,J1,120,34.78,0.21,4.0,37.5,5,15.0,22.5,2,949.0,97.5,1,1
950.0,J2,118,34.55,0.31,5.0,37.5,5,52.5,-15.0,2,950.0,142.5,1,1
950.0,J3,118,34.55,0.31,5.0,15.0,2,7.5,7.5,2,950.0,135.0,1,1
950.0,J1,118,34.55,0.31,5.0,37.5,5,15.0,22.5,2,950.0,97.5,1,1
951.0,J2,117,34.75,0.43,6.0,37.5,5,37.5,0.0,2,951.0,142.5,1,1
951.0,J3,117,34.75,0.43,6.0,15.0,2,0.0,15.0,2,951.0,135.0,1,1
951.0,J1,117,34.75,0.43,6.0,45.0,6,7.5,37.5,2,951.0,97.5,1,1
952.0,J2,118,34.37,0.57,7.0,45.0,6,22.5,22.5,2,952.0,142.5,1,1
952.0,J3,118,34.37,0.57,7.0,30.0,4,0.0,30.0,2,952.0,142.5,1,1
952.0,J1,118,34.37,0.57,7.0,52.5,7,7.5,45.0,2,952.0,97.5,1,1
953.0,J2,116,33.25,0.73,8.0,45.0,6,30.0,15.0,2,953.0,142.5,1,1
953.0,J3,116,33.25,0.73,8.0,37.5,5,0.0,37.5,2,953.0,150.0,1,1
953.0,J1,116,33.25,0.73,8.0,52.5,7,30.0,22.5,2,953.0,112.5,1,1
954.0,J2,117,32.02,0.89,9.0,52.5,7,37.5,15.0,2,954.0,142.5,1,1
954.0,J3,117,32.02,0.89,9.0,37.5,5,7.5,30.0,2,954.0,150.0,1,1
954.0,J1,117,32.02,0.89,9.0,52.5,7,37.5,15.0,2,954.0,120.0,1,1
955.0,J2,117,30.83,1.07,10.0,52.5,7,37.5,15.0,2,955.0,142.5,1,1
955.0,J3,117,30.83,1.07,10.0,37.5,5,15.0,22.5,2,955.0,157.5,1,1
955.0,J1,117,30.83,1.07,10.0,67.5,9,37.5,30.0,2,955.0,127.5,1,1
956.0,J2,116,29.35,1.29,11.0,82.5,11,37.5,45.0,2,956.0,150.0,1,1
956.0,J3,116,29.35,1.29,11.0,37.5,5,15.0,22.5,2,956.0,157.5,1,1
956.0,J1,116,29.35,1.29,11.0,67.5,9,45.0,22.5,2,956.0,127.5,1,1
957.0,J2,118,28.33,1.48,12.0,82.5,11,45.0,37.5,2,957.0,150.0,1,1
957.0,J3,118,28.33,1.48,12.0,45.0,6,30.0,15.0,2,957.0,157.5,1,1
957.0,J1,118,28.33,1.48,12.0,67.5,9,52.5,15.0,2,957.0,127.5,1,1
958.0,J2,119,27.17,1.74,13.0,105.0,14,45.0,60.0,2,958.0,150.0,1,1
958.0,J3,119,27.17,1.74,13.0,45.0,6,37.5,7.5,2,958.0,157.5,1,1
958.0,J1,119,27.17,1.74,13.0,90.0,12,52.5,37.5,2,958.0,135.0,1,1
959.0,J2,118,26.25,2.05,14.0,127.5,17,52.5,75.0,2,959.0,150.0,1,1
959.0,J3,118,26.25,2.05,14.0,45.0,6,37.5,7.5,2,959.0,157.5,1,1
959.0,J1,118,26.25,2.05,14.0,90.0,12,52.5,37.5,2,959.0,135.0,1,1
960.0,J2,120,26.22,2.34,15.0,157.5,21,52.5,105.0,2,960.0,150.0,1,1
960.0,J3,120,26.22,2.34,15.0,45.0,6,37.5,7.5,2,960.0,157.5,1,1
960.0,J1,120,26.22,2.34,15.0,90.0,12,67.5,22.5,2,960.0,135.0,1,1
961.0,J2,121,25.83,2.67,16.0,180.0,24,82.5,97.5,2,961.0,105.0,1,1
961.0,J3,121,25.83,2.67,16.0,45.0,6,37.5,7.5,2,961.0,120.0,1,1
961.0,J1,121,25.83,2.67,16.0,90.0,12,67.5,22.5,2,961.0,90.0,1,1
962.0,J2,122,25.1,3.02,17.0,195.0,26,82.5,112.5,2,962.0,75.0,1,1
962.0,J3,122,25.1,3.02,17.0,52.5,7,45.0,7.5,2,962.0,75.0,1,1
962.0,J1,122,25.1,3.02,17.0,90.0,12,67.5,22.5,2,962.0,45.0,1,1
963.0,J2,122,24.65,3.39,18.0,195.0,26,105.0,90.0,2,963.0,45.0,1,1
963.0,J3,122,24.65,3.39,18.0,60.0,8,45.0,15.0,2,963.0,45.0,1,1
963.0,J1,122,24.65,3.39,18.0,90.0,12,90.0,0.0,2,963.0,7.5,0,1
964.0,J2,122,24.67,3.8,19.0,210.0,28,127.5,82.5,2,964.0,22.5,0,1
964.0,J3,122,24.67,3.8,19.0,75.0,10,45.0,30.0,2,964.0,22.5,0,1
964.0,J1,122,24.67,3.8,19.0,90.0,12,90.0,0.0,2,964.0,0.0,0,1
965.0,J2,121,24.16,4.25,20.0,210.0,28,157.5,52.5,2,965.0,7.5,0,1
965.0,J3,121,24.16,4.25,20.0,75.0,10,45.0,30.0,2,965.0,0.0,0,1
965.0,J1,121,24.16,4.25,20.0,90.0,12,90.0,0.0,2,965.0,0.0,0,1
966.0,J2,121,24.08,4.69,21.0,217.5,29,180.0,37.5,2,966.0,7.5,0,1
966.0,J3,121,24.08,4.69,21.0,90.0,12,45.0,45.0,2,966.0,0.0,0,1
966.0,J1,121,24.08,4.69,21.0,97.5,13,90.0,7.5,2,966.0,0.0,0,1
967.0,J2,120,23.5,5.18,22.0,217.5,29,195.0,22.5,2,967.0,7.5,0,1
967.0,J3,120,23.5,5.18,22.0,90.0,12,52.5,37.5,2,967.0,0.0,0,1
967.0,J1,120,23.5,5.18,22.0,97.5,13,90.0,7.5,2,967.0,7.5,0,1
968.0,J2,119,22.75,5.69,23.0,217.5,29,195.0,22.5,2,968.0,7.5,0,1
968.0,J3,119,22.75,5.69,23.0,90.0,12,60.0,30.0,2,968.0,0.0,0,1
968.0,J1,119,22.75,5.69,23.0,105.0,14,90.0,15.0,2,968.0,7.5,0,1
969.0,J2,119,22.45,6.16,24.0,225.0,30,210.0,15.0,2,969.0,7.5,0,1
969.0,J3,119,22.45,6.16,24.0,90.0,12,75.0,15.0,2,969.0,0.0,0,1
969.0,J1,119,22.45,6.16,24.0,105.0,14,90.0,15.0,2,969.0,7.5,0,1
970.0,J2,119,22.22,6.64,25.0,225.0,30,210.0,15.0,2,970.0,7.5,0,1
970.0,J3,119,22.22,6.64,25.0,97.5,13,75.0,22.5,2,970.0,0.0,0,1
970.0,J1,119,22.22,6.64,25.0,105.0,14,90.0,15.0,2,970.0,15.0,0,1
971.0,J2,121,22.43,7.0,26.0,225.0,30,217.5,7.5,2,971.0,7.5,0,1
971.0,J3,121,22.43,7.0,26.0,97.5,13,90.0,7.5,2,971.0,0.0,0,1
971.0,J1,121,22.43,7.0,26.0,105.0,14,97.5,7.5,2,971.0,22.5,0,1
972.0,J2,121,22.32,7.48,27.0,232.5,31,217.5,15.0,2,972.0,15.0,0,1
972.0,J3,121,22.32,7.48,27.0,97.5,13,90.0,7.5,2,972.0,0.0,0,1
972.0,J1,121,22.32,7.48,27.0,105.0,14,97.5,7.5,2,972.0,22.5,0,1
973.0,J2,122,22.46,7.91,28.0,240.0,32,217.5,22.5,2,973.0,15.0,0,1
973.0,J3,122,22.46,7.91,28.0,105.0,14,90.0,15.0,2,973.0,0.0,0,1
973.0,J1,122,22.46,7.91,28.0,105.0,14,105.0,0.0,2,973.0,22.5,0,1
974.0,J2,123,22.53,8.34,29.0,240.0,32,225.0,15.0,2,974.0,15.0,0,1
974.0,J3,123,22.53,8.34,29.0,112.5,15,90.0,22.5,2,974.0,0.0,0,1
974.0,J1,123,22.53,8.34,29.0,105.0,14,105.0,0.0,2,974.0,30.0,0,1
975.0,J2,123,22.48,8.84,30.0,240.0,32,225.0,15.0,2,975.0,22.5,0,1
975.0,J3,123,22.48,8.84,30.0,112.5,15,97.5,15.0,2,975.0,0.0,0,1
975.0,J1,123,22.48,8.84,30.0,105.0,14,105.0,0.0,2,975.0,30.0,0,1
976.0,J2,123,22.14,9.33,31.0,240.0,32,225.0,15.0,2,976.0,22.5,0,1
976.0,J3,123,22.14,9.33,31.0,112.5,15,97.5,15.0,2,976.0,0.0,0,1
976.0,J1,123,22.14,9.33,31.0,105.0,14,105.0,0.0,2,976.0,30.0,0,1
977.0,J2,127,22.28,9.52,32.0,240.0,32,232.5,7.5,2,977.0,22.5,0,1
977.0,J3,127,22.28,9.52,32.0,112.5,15,97.5,15.0,2,977.0,0.0,0,1
977.0,J1,127,22.28,9.52,32.0,105.0,14,105.0,0.0,2,977.0,37.5,1,1
978.0,J2,127,21.64,10.0,33.0,240.0,32,240.0,0.0,2,978.0,22.5,0,1
978.0,J3,127,21.64,10.0,33.0,112.5,15,105.0,7.5,2,978.0,0.0,0,1
978.0,J1,127,21.64,10.0,33.0,105.0,14,105.0,0.0,2,978.0,37.5,1,1
979.0,J2,129,21.47,10.32,34.0,240.0,32,240.0,0.0,2,979.0,22.5,0,1
979.0,J3,129,21.47,10.32,34.0,112.5,15,112.5,0.0,2,979.0,0.0,0,1
979.0,J1,129,21.47,10.32,34.0,105.0,14,105.0,0.0,2,979.0,37.5,1,1
980.0,J2,125,20.33,11.15,35.0,247.5,33,240.0,7.5,2,980.0,22.5,0,1
980.0,J3,125,20.33,11.15,35.0,112.5,15,112.5,0.0,2,980.0,0.0,0,1
980.0,J1,125,20.33,11.15,35.0,112.5,15,105.0,7.5,2,980.0,37.5,1,1
981.0,J2,125,19.78,11.66,36.0,247.5,33,240.0,7.5,2,981.0,22.5,0,1
981.0,J3,125,19.78,11.66,36.0,112.5,15,112.5,0.0,2,981.0,7.5,0,1
981.0,J1,125,19.78,11.66,36.0,112.5,15,105.0,7.5,2,981.0,37.5,1,1
982.0,J2,123,18.92,12.37,37.0,247.5,33,240.0,7.5,2,982.0,22.5,0,1
982.0,J3,123,18.92,12.37,37.0,112.5,15,112.5,0.0,2,982.0,7.5,0,1
982.0,J1,123,18.92,12.37,37.0,127.5,17,105.0,22.5,2,982.0,37.5,1,1
983.0,J2,124,18.7,12.81,38.0,247.5,33,240.0,7.5,2,983.0,22.5,0,1
983.0,J3,124,18.7,12.81,38.0,112.5,15,112.5,0.0,2,983.0,7.5,0,1
983.0,J1,124,18.7,12.81,38.0,135.0,18,105.0,30.0,2,983.0,37.5,1,1
984.0,J2,126,19.05,13.17,39.0,255.0,34,240.0,15.0,2,984.0,22.5,0,1
984.0,J3,126,19.05,13.17,39.0,127.5,17,112.5,15.0,2,984.0,15.0,0,1
984.0,J1,126,19.05,13.17,39.0,150.0,20,105.0,45.0,2,984.0,37.5,1,1
985.0,J2,127,18.89,13.62,40.0,255.0,34,247.5,7.5,2,985.0,22.5,0,1
985.0,J3,127,18.89,13.62,40.0,127.5,17,112.5,15.0,2,985.0,15.0,0,1
985.0,J1,127,18.89,13.62,40.0,150.0,20,112.5,37.5,2,985.0,37.5,1,1
986.0,J2,128,18.58,14.07,41.0,255.0,34,247.5,7.5,2,986.0,30.0,0,1
986.0,J3,128,18.58,14.07,41.0,127.5,17,112.5,15.0,2,986.0,15.0,0,1
986.0,J1,128,18.58,14.07,41.0,150.0,20,112.5,37.5,2,986.0,37.5,1,1
987.0,J2,126,17.93,14.86,42.0,255.0,34,247.5,7.5,2,987.0,37.5,1,1
987.0,J3,126,17.93,14.86,42.0,127.5,17,112.5,15.0,2,987.0,15.0,0,1
987.0,J1,126,17.93,14.86,42.0,150.0,20,127.5,22.5,2,987.0,37.5,1,1
988.0,J2,126,17.72,15.43,43.0,255.0,34,247.5,7.5,3,988.0,37.5,1,1
988.0,J3,126,17.72,15.43,43.0,135.0,18,112.5,22.5,3,988.0,15.0,0,1
988.0,J1,126,17.72,15.43,43.0,150.0,20,135.0,15.0,3,988.0,37.5,1,1
989.0,J2,127,17.8,15.89,44.0,255.0,34,255.0,0.0,3,989.0,37.5,1,1
989.0,J3,127,17.8,15.89,44.0,150.0,20,127.5,22.5,3,989.0,15.0,0,1
989.0,J1,127,17.8,15.89,44.0,150.0,20,150.0,0.0,3,989.0,37.5,1,1
990.0,J2,123,16.51,17.02,45.0,255.0,34,255.0,0.0,3,990.0,45.0,1,1
990.0,J3,123,16.51,17.02,45.0,150.0,20,127.5,22.5,3,990.0,15.0,0,1
990.0,J1,123,16.51,17.02,45.0,157.5,21,150.0,7.5,3,990.0,45.0,1,1
991.0,J2,123,17.08,11.81,44.0,210.0,28,255.0,-45.0,0,991.0,45.0,1,1
991.0,J3,123,17.08,11.81,44.0,105.0,14,127.5,-22.5,0,991.0,15.0,0,1
991.0,J1,123,17.08,11.81,44.0,120.0,16,150.0,-30.0,0,991.0,45.0,1,1
992.0,J2,124,18.6,7.27,38.0,165.0,22,255.0,-90.0,0,992.0,45.0,1,1
992.0,J3,124,18.6,7.27,38.0,60.0,8,127.5,-67.5,0,992.0,15.0,0,1
992.0,J1,124,18.6,7.27,38.0,75.0,10,150.0,-75.0,0,992.0,45.0,1,1
993.0,J2,124,20.35,4.01,36.0,120.0,16,255.0,-135.0,0,993.0,45.0,1,1
993.0,J3,124,20.35,4.01,36.0,15.0,2,135.0,-120.0,0,993.0,22.5,0,1
993.0,J1,124,20.35,4.01,36.0,45.0,6,150.0,-105.0,0,993.0,45.0,1,1
994.0,J2,125,22.5,2.16,35.0,75.0,10,255.0,-180.0,0,994.0,45.0,1,1
994.0,J3,125,22.5,2.16,35.0,7.5,1,150.0,-142.5,0,994.0,22.5,0,1
994.0,J1,125,22.5,2.16,35.0,7.5,1,150.0,-142.5,0,994.0,45.0,1,1
995.0,J2,124,24.84,0.96,35.0,37.5,5,255.0,-217.5,0,995.0,45.0,1,1
995.0,J3,124,24.84,0.96,35.0,0.0,0,150.0,-150.0,0,995.0,22.5,0,1
995.0,J1,124,24.84,0.96,35.0,7.5,1,157.5,-150.0,0,995.0,45.0,1,1
996.0,J2,124,27.26,0.19,17.0,7.5,1,210.0,-202.5,0,996.0,52.5,1,1
996.0,J3,124,27.26,0.19,17.0,0.0,0,105.0,-105.0,0,996.0,22.5,0,1
996.0,J1,124,27.26,0.19,17.0,7.5,1,120.0,-112.5,0,996.0,52.5,1,1
997.0,J2,125,30.04,0.06,7.0,0.0,0,165.0,-165.0,0,997.0,52.5,1,1
997.0,J3,125,30.04,0.06,7.0,0.0,0,60.0,-60.0,0,997.0,22.5,0,1
997.0,J1,125,30.04,0.06,7.0,7.5,1,75.0,-67.5,0,997.0,52.5,1,1
998.0,J2,124,31.51,0.06,8.0,0.0,0,120.0,-120.0,0,998.0,52.5,1,1
998.0,J3,124,31.51,0.06,8.0,0.0,0,15.0,-15.0,0,998.0,22.5,0,1
998.0,J1,124,31.51,0.06,8.0,7.5,1,45.0,-37.5,0,998.0,52.5,1,1
999.0,J2,123,33.12,0.08,9.0,0.0,0,75.0,-75.0,0,999.0,52.5,1,1
999.0,J3,123,33.12,0.08,9.0,0.0,0,7.5,-7.5,0,999.0,22.5,0,1
999.0,J1,123,33.12,0.08,9.0,15.0,2,7.5,7.5,0,999.0,52.5,1,1
1000.0,J2,121,34.8,0.1,10.0,0.0,0,37.5,-37.5,0,1000.0,52.5,1,1
1000.0,J3,121,34.8,0.1,10.0,0.0,0,0.0,0.0,0,1000.0,22.5,0,1
1000.0,J1,121,34.8,0.1,10.0,15.0,2,7.5,7.5,0,1000.0,52.5,1,1
1001.0,J2,121,36.2,0.12,11.0,0.0,0,7.5,-7.5,0,1001.0,52.5,1,1
1001.0,J3,121,36.2,0.12,11.0,0.0,0,0.0,0.0,0,1001.0,22.5,0,1
1001.0,J1,121,36.2,0.12,11.0,15.0,2,7.5,7.5,0,1001.0,52.5,1,1
1002.0,J2,121,37.59,0.13,12.0,0.0,0,0.0,0.0,0,1002.0,52.5,1,1
1002.0,J3,121,37.59,0.13,12.0,0.0,0,0.0,0.0,0,1002.0,22.5,0,1
1002.0,J1,121,37.59,0.13,12.0,15.0,2,7.5,7.5,0,1002.0,52.5,1,1
1003.0,J2,122,39.03,0.15,13.0,0.0,0,0.0,0.0,0,1003.0,52.5,1,1
1003.0,J3,122,39.03,0.15,13.0,0.0,0,0.0,0.0,0,1003.0,22.5,0,1
1003.0,J1,122,39.03,0.15,13.0,15.0,2,7.5,7.5,0,1003.0,52.5,1,1
1004.0,J2,122,39.83,0.16,14.0,0.0,0,0.0,0.0,0,1004.0,52.5,1,1
1004.0,J3,122,39.83,0.16,14.0,0.0,0,0.0,0.0,0,1004.0,22.5,0,1
1004.0,J1,122,39.83,0.16,14.0,15.0,2,15.0,0.0,0,1004.0,52.5,1,1
1005.0,J2,123,40.32,0.19,15.0,0.0,0,0.0,0.0,0,1005.0,52.5,1,1
1005.0,J3,123,40.32,0.19,15.0,0.0,0,0.0,0.0,0,1005.0,22.5,0,1
1005.0,J1,123,40.32,0.19,15.0,22.5,3,15.0,7.5,0,1005.0,52.5,1,1
1006.0,J2,124,40.91,0.21,16.0,0.0,0,0.0,0.0,0,1006.0,30.0,0,1
1006.0,J3,124,40.91,0.21,16.0,0.0,0,0.0,0.0,0,1006.0,7.5,0,1
1006.0,J1,124,40.91,0.21,16.0,22.5,3,15.0,7.5,0,1006.0,30.0,0,1
1007.0,J2,125,41.34,0.23,17.0,0.0,0,0.0,0.0,0,1007.0,30.0,0,1
1007.0,J3,125,41.34,0.23,17.0,0.0,0,0.0,0.0,0,1007.0,15.0,0,1
1007.0,J1,125,41.34,0.23,17.0,22.5,3,15.0,7.5,0,1007.0,15.0,0,1
1008.0,J2,126,41.32,0.26,18.0,0.0,0,0.0,0.0,0,1008.0,37.5,1,1
1008.0,J3,126,41.32,0.26,18.0,7.5,1,0.0,7.5,0,1008.0,22.5,0,1
1008.0,J1,126,41.32,0.26,18.0,22.5,3,15.0,7.5,0,1008.0,15.0,0,1
1009.0,J2,127,41.05,0.29,19.0,0.0,0,0.0,0.0,0,1009.0,37.5,1,1
1009.0,J3,127,41.05,0.29,19.0,7.5,1,0.0,7.5,0,1009.0,22.5,0,1
1009.0,J1,127,41.05,0.29,19.0,22.5,3,15.0,7.5,0,1009.0,15.0,0,1
1010.0,J2,128,41.15,0.33,20.0,0.0,0,0.0,0.0,0,1010.0,52.5,1,1
1010.0,J3,128,41.15,0.33,20.0,15.0,2,0.0,15.0,0,1010.0,22.5,0,1
1010.0,J1,128,41.15,0.33,20.0,22.5,3,22.5,0.0,0,1010.0,15.0,0,1
1011.0,J2,130,41.13,0.36,21.0,0.0,0,0.0,0.0,0,1011.0,60.0,1,1
1011.0,J3,130,41.13,0.36,21.0,15.0,2,0.0,15.0,0,1011.0,30.0,0,1
1011.0,J1,130,41.13,0.36,21.0,22.5,3,22.5,0.0,0,1011.0,15.0,0,1
1012.0,J2,130,41.17,0.4,22.0,0.0,0,0.0,0.0,0,1012.0,60.0,1,1
1012.0,J3,130,41.17,0.4,22.0,15.0,2,0.0,15.0,0,1012.0,30.0,0,1
1012.0,J1,130,41.17,0.4,22.0,22.5,3,22.5,0.0,0,1012.0,22.5,0,1
1013.0,J2,130,40.78,0.44,23.0,0.0,0,0.0,0.0,0,1013.0,60.0,1,1
1013.0,J3,130,40.78,0.44,23.0,15.0,2,7.5,7.5,0,1013.0,30.0,0,1
1013.0,J1,130,40.78,0.44,23.0,22.5,3,22.5,0.0,0,1013.0,30.0,0,1
1014.0,J2,130,40.45,0.48,24.0,0.0,0,0.0,0.0,0,1014.0,75.0,1,1
1014.0,J3,130,40.45,0.48,24.0,15.0,2,7.5,7.5,0,1014.0,30.0,0,1
1014.0,J1,130,40.45,0.48,24.0,22.5,3,22.5,0.0,0,1014.0,45.0,1,1
1015.0,J2,131,40.53,0.52,25.0,0.0,0,0.0,0.0,0,1015.0,82.5,1,1
1015.0,J3,131,40.53,0.52,25.0,15.0,2,15.0,0.0,0,1015.0,37.5,1,1
1015.0,J1,131,40.53,0.52,25.0,30.0,4,22.5,7.5,0,1015.0,52.5,1,1
1016.0,J2,131,40.38,0.56,26.0,0.0,0,0.0,0.0,0,1016.0,82.5,1,1
1016.0,J3,131,40.38,0.56,26.0,15.0,2,15.0,0.0,0,1016.0,37.5,1,1
1016.0,J1,131,40.38,0.56,26.0,30.0,4,22.5,7.5,0,1016.0,67.5,1,1
1017.0,J2,131,40.47,0.62,27.0,0.0,0,0.0,0.0,0,1017.0,97.5,1,1
1017.0,J3,131,40.47,0.62,27.0,22.5,3,15.0,7.5,0,1017.0,37.5,1,1
1017.0,J1,131,40.47,0.62,27.0,30.0,4,22.5,7.5,0,1017.0,67.5,1,1
1018.0,J2,135,40.51,0.65,28.0,0.0,0,0.0,0.0,0,1018.0,112.5,1,1
1018.0,J3,135,40.51,0.65,28.0,22.5,3,15.0,7.5,0,1018.0,37.5,1,1
1018.0,J1,135,40.51,0.65,28.0,30.0,4,22.5,7.5,0,1018.0,75.0,1,1
1019.0,J2,134,40.22,0.71,29.0,0.0,0,0.0,0.0,0,1019.0,112.5,1,1
1019.0,J3,134,40.22,0.71,29.0,22.5,3,15.0,7.5,0,1019.0,37.5,1,1
1019.0,J1,134,40.22,0.71,29.0,30.0,4,22.5,7.5,0,1019.0,75.0,1,1
1020.0,J2,135,40.07,0.76,30.0,7.5,1,0.0,7.5,0,1020.0,112.5,1,1
1020.0,J3,135,40.07,0.76,30.0,22.5,3,15.0,7.5,0,1020.0,45.0,1,1
1020.0,J1,135,40.07,0.76,30.0,30.0,4,30.0,0.0,0,1020.0,90.0,1,1
1021.0,J2,135,39.9,0.82,31.0,7.5,1,0.0,7.5,0,1021.0,112.5,1,1
1021.0,J3,135,39.9,0.82,31.0,22.5,3,15.0,7.5,0,1021.0,45.0,1,1
1021.0,J1,135,39.9,0.82,31.0,30.0,4,30.0,0.0,0,1021.0,90.0,1,1
1022.0,J2,135,39.51,0.88,32.0,7.5,1,0.0,7.5,0,1022.0,112.5,1,1
1022.0,J3,135,39.51,0.88,32.0,22.5,3,22.5,0.0,0,1022.0,45.0,1,1
1022.0,J1,135,39.51,0.88,32.0,30.0,4,30.0,0.0,0,1022.0,90.0,1,1
1023.0,J2,135,39.55,0.95,33.0,7.5,1,0.0,7.5,0,1023.0,112.5,1,1
1023.0,J3,135,39.55,0.95,33.0,22.5,3,22.5,0.0,0,1023.0,45.0,1,1
1023.0,J1,135,39.55,0.95,33.0,37.5,5,30.0,7.5,0,1023.0,90.0,1,1
1024.0,J2,136,39.4,1.01,34.0,15.0,2,0.0,15.0,0,1024.0,120.0,1,1
1024.0,J3,136,39.4,1.01,34.0,22.5,3,22.5,0.0,0,1024.0,45.0,1,1
1024.0,J1,136,39.4,1.01,34.0,37.5,5,30.0,7.5,0,1024.0,97.5,1,1
1025.0,J2,136,39.1,1.1,35.0,15.0,2,7.5,7.5,0,1025.0,127.5,1,1
1025.0,J3,136,39.1,1.1,35.0,30.0,4,22.5,7.5,0,1025.0,45.0,1,1
1025.0,J1,136,39.1,1.1,35.0,37.5,5,30.0,7.5,0,1025.0,97.5,1,1
1026.0,J2,136,38.77,1.18,36.0,15.0,2,7.5,7.5,0,1026.0,135.0,1,1
1026.0,J3,136,38.77,1.18,36.0,30.0,4,22.5,7.5,0,1026.0,45.0,1,1
1026.0,J1,136,38.77,1.18,36.0,37.5,5,30.0,7.5,0,1026.0,97.5,1,1
1027.0,J2,136,38.8,1.26,37.0,15.0,2,7.5,7.5,0,1027.0,135.0,1,1
1027.0,J3,136,38.8,1.26,37.0,30.0,4,22.5,7.5,0,1027.0,45.0,1,1
1027.0,J1,136,38.8,1.26,37.0,37.5,5,30.0,7.5,0,1027.0,97.5,1,1
1028.0,J2,136,38.69,1.35,38.0,22.5,3,7.5,15.0,0,1028.0,142.5,1,1
1028.0,J3,136,38.69,1.35,38.0,37.5,5,22.5,15.0,0,1028.0,52.5,1,1
1028.0,J1,136,38.69,1.35,38.0,37.5,5,37.5,0.0,0,1028.0,97.5,1,1
1029.0,J2,137,38.38,1.44,39.0,22.5,3,15.0,7.5,0,1029.0,150.0,1,1
1029.0,J3,137,38.38,1.44,39.0,37.5,5,22.5,15.0,0,1029.0,52.5,1,1
1029.0,J1,137,38.38,1.44,39.0,37.5,5,37.5,0.0,0,1029.0,105.0,1,1
1030.0,J2,137,38.24,1.53,40.0,22.5,3,15.0,7.5,0,1030.0,157.5,1,1
1030.0,J3,137,38.24,1.53,40.0,37.5,5,30.0,7.5,0,1030.0,60.0,1,1
1030.0,J1,137,38.24,1.53,40.0,37.5,5,37.5,0.0,0,1030.0,112.5,1,1
1031.0,J2,136,38.22,1.64,41.0,22.5,3,15.0,7.5,0,1031.0,157.5,1,1
1031.0,J3,136,38.22,1.64,41.0,37.5,5,30.0,7.5,0,1031.0,67.5,1,1
1031.0,J1,136,38.22,1.64,41.0,37.5,5,37.5,0.0,0,1031.0,112.5,1,1
1032.0,J2,133,37.7,1.79,42.0,37.5,5,15.0,22.5,0,1032.0,157.5,1,1
1032.0,J3,133,37.7,1.79,42.0,37.5,5,30.0,7.5,0,1032.0,67.5,1,1
1032.0,J1,133,37.7,1.79,42.0,37.5,5,37.5,0.0,0,1032.0,120.0,1,1
1033.0,J2,133,37.24,1.9,43.0,37.5,5,22.5,15.0,1,1033.0,165.0,1,1
1033.0,J3,133,37.24,1.9,43.0,37.5,5,37.5,0.0,1,1033.0,67.5,1,1
1033.0,J1,133,37.24,1.9,43.0,37.5,5,37.5,0.0,1,1033.0,120.0,1,1
1034.0,J2,131,36.07,2.05,44.0,37.5,5,22.5,15.0,1,1034.0,165.0,1,1
1034.0,J3,131,36.07,2.05,44.0,37.5,5,37.5,0.0,1,1034.0,67.5,1,1
1034.0,J1,131,36.07,2.05,44.0,37.5,5,37.5,0.0,1,1034.0,120.0,1,1
1035.0,J2,131,34.91,2.17,45.0,37.5,5,22.5,15.0,1,1035.0,172.5,1,1
1035.0,J3,131,34.91,2.17,45.0,37.5,5,37.5,0.0,1,1035.0,75.0,1,1
1035.0,J1,131,34.91,2.17,45.0,45.0,6,37.5,7.5,1,1035.0,120.0,1,1
1036.0,J2,129,34.32,0.33,14.0,7.5,1,22.5,-15.0,2,1036.0,172.5,1,1
1036.0,J3,129,34.32,0.33,14.0,15.0,2,37.5,-22.5,2,1036.0,75.0,1,1
1036.0,J1,129,34.32,0.33,14.0,22.5,3,37.5,-15.0,2,1036.0,120.0,1,1
1037.0,J2,129,34.25,0.06,3.0,15.0,2,37.5,-22.5,2,1037.0,180.0,1,1
1037.0,J3,129,34.25,0.06,3.0,15.0,2,37.5,-22.5,2,1037.0,82.5,1,1
1037.0,J1,129,34.25,0.06,3.0,15.0,2,37.5,-22.5,2,1037.0,120.0,1,1
1038.0,J2,130,34.56,0.1,2.0,37.5,5,37.5,0.0,2,1038.0,180.0,1,1
1038.0,J3,130,34.56,0.1,2.0,15.0,2,37.5,-22.5,2,1038.0,90.0,1,1
1038.0,J1,130,34.56,0.1,2.0,7.5,1,37.5,-30.0,2,1038.0,120.0,1,1
1039.0,J2,131,35.02,0.18,3.0,37.5,5,37.5,0.0,2,1039.0,180.0,1,1
1039.0,J3,131,35.02,0.18,3.0,22.5,3,37.5,-15.0,2,1039.0,90.0,1,1
1039.0,J1,131,35.02,0.18,3.0,15.0,2,37.5,-22.5,2,1039.0,120.0,1,1
1040.0,J2,130,34.81,0.28,4.0,60.0,8,37.5,22.5,2,1040.0,180.0,1,1
1040.0,J3,130,34.81,0.28,4.0,30.0,4,37.5,-7.5,2,1040.0,90.0,1,1
1040.0,J1,130,34.81,0.28,4.0,15.0,2,45.0,-30.0,2,1040.0,127.5,1,1
1041.0,J2,130,34.64,0.39,5.0,60.0,8,7.5,52.5,2,1041.0,180.0,1,1
1041.0,J3,130,34.64,0.39,5.0,30.0,4,15.0,15.0,2,1041.0,105.0,1,1
1041.0,J1,130,34.64,0.39,5.0,15.0,2,22.5,-7.5,2,1041.0,135.0,1,1
1042.0,J2,131,33.81,0.5,6.0,60.0,8,15.0,45.0,2,1042.0,180.0,1,1
1042.0,J3,131,33.81,0.5,6.0,37.5,5,15.0,22.5,2,1042.0,112.5,1,1
1042.0,J1,131,33.81,0.5,6.0,15.0,2,15.0,0.0,2,1042.0,135.0,1,1
1043.0,J2,132,32.85,0.64,7.0,75.0,10,37.5,37.5,2,1043.0,180.0,1,1
1043.0,J3,132,32.85,0.64,7.0,37.5,5,15.0,22.5,2,1043.0,120.0,1,1
1043.0,J1,132,32.85,0.64,7.0,22.5,3,7.5,15.0,2,1043.0,135.0,1,1
1044.0,J2,132,31.0,0.8,8.0,82.5,11,37.5,45.0,2,1044.0,180.0,1,1
1044.0,J3,132,31.0,0.8,8.0,45.0,6,22.5,22.5,2,1044.0,120.0,1,1
1044.0,J1,132,31.0,0.8,8.0,30.0,4,15.0,15.0,2,1044.0,135.0,1,1
1045.0,J2,133,29.75,0.98,9.0,97.5,13,60.0,37.5,2,1045.0,180.0,1,1
1045.0,J3,133,29.75,0.98,9.0,60.0,8,30.0,30.0,2,1045.0,127.5,1,1
1045.0,J1,133,29.75,0.98,9.0,37.5,5,15.0,22.5,2,1045.0,135.0,1,1
1046.0,J2,132,28.89,1.23,10.0,120.0,16,60.0,60.0,2,1046.0,180.0,1,1
1046.0,J3,132,28.89,1.23,10.0,75.0,10,30.0,45.0,2,1046.0,127.5,1,1
1046.0,J1,132,28.89,1.23,10.0,45.0,6,15.0,30.0,2,1046.0,135.0,1,1
1047.0,J2,131,27.79,1.52,11.0,127.5,17,60.0,67.5,2,1047.0,180.0,1,1
1047.0,J3,131,27.79,1.52,11.0,82.5,11,37.5,45.0,2,1047.0,127.5,1,1
1047.0,J1,131,27.79,1.52,11.0,60.0,8,15.0,45.0,2,1047.0,135.0,1,1
1048.0,J2,132,27.0,1.81,12.0,142.5,19,75.0,67.5,2,1048.0,180.0,1,1
1048.0,J3,132,27.0,1.81,12.0,90.0,12,37.5,52.5,2,1048.0,135.0,1,1
1048.0,J1,132,27.0,1.81,12.0,67.5,9,22.5,45.0,2,1048.0,135.0,1,1
1049.0,J2,133,26.03,2.13,13.0,150.0,20,82.5,67.5,2,1049.0,180.0,1,1
1049.0,J3,133,26.03,2.13,13.0,105.0,14,45.0,60.0,2,1049.0,135.0,1,1
1049.0,J1,133,26.03,2.13,13.0,75.0,10,30.0,45.0,2,1049.0,135.0,1,1
1050.0,J2,133,25.39,2.48,14.0,157.5,21,97.5,60.0,2,1050.0,180.0,1,1
1050.0,J3,133,25.39,2.48,14.0,112.5,15,60.0,52.5,2,1050.0,142.5,1,1
1050.0,J1,133,25.39,2.48,14.0,82.5,11,37.5,45.0,2,1050.0,135.0,1,1
1051.0,J2,134,24.9,2.85,15.0,180.0,24,120.0,60.0,2,1051.0,135.0,1,1
1051.0,J3,134,24.9,2.85,15.0,120.0,16,75.0,45.0,2,1051.0,97.5,1,1
1051.0,J1,134,24.9,2.85,15.0,90.0,12,45.0,45.0,2,1051.0,90.0,1,1
1052.0,J2,134,24.1,3.25,16.0,187.5,25,127.5,60.0,2,1052.0,90.0,1,1
1052.0,J3,134,24.1,3.25,16.0,120.0,16,82.5,37.5,2,1052.0,60.0,1,1
1052.0,J1,134,24.1,3.25,16.0,97.5,13,60.0,37.5,2,1052.0,45.0,1,1
1053.0,J2,132,23.21,3.73,17.0,202.5,27,142.5,60.0,2,1053.0,45.0,1,1
1053.0,J3,132,23.21,3.73,17.0,120.0,16,90.0,30.0,2,1053.0,37.5,1,1
1053.0,J1,132,23.21,3.73,17.0,97.5,13,67.5,30.0,2,1053.0,22.5,0,1
1054.0,J2,133,22.72,4.14,18.0,210.0,28,150.0,60.0,2,1054.0,7.5,0,1
1054.0,J3,133,22.72,4.14,18.0,127.5,17,105.0,22.5,2,1054.0,15.0,0,1
1054.0,J1,133,22.72,4.14,18.0,105.0,14,75.0,30.0,2,1054.0,7.5,0,1
1055.0,J2,133,22.12,4.61,19.0,225.0,30,157.5,67.5,2,1055.0,0.0,0,1
1055.0,J3,133,22.12,4.61,19.0,135.0,18,112.5,22.5,2,1055.0,0.0,0,1
1055.0,J1,133,22.12,4.61,19.0,105.0,14,82.5,22.5,2,1055.0,0.0,0,1
1056.0,J2,135,22.12,5.01,20.0,240.0,32,180.0,60.0,2,1056.0,0.0,0,1
1056.0,J3,135,22.12,5.01,20.0,135.0,18,120.0,15.0,2,1056.0,0.0,0,1
1056.0,J1,135,22.12,5.01,20.0,105.0,14,90.0,15.0,2,1056.0,0.0,0,1
1057.0,J2,136,22.11,5.46,21.0,247.5,33,187.5,60.0,2,1057.0,7.5,0,1
1057.0,J3,136,22.11,5.46,21.0,135.0,18,120.0,15.0,2,1057.0,0.0,0,1
1057.0,J1,136,22.11,5.46,21.0,112.5,15,97.5,15.0,2,1057.0,0.0,0,1
1058.0,J2,136,21.66,5.96,22.0,247.5,33,202.5,45.0,2,1058.0,7.5,0,1
1058.0,J3,136,21.66,5.96,22.0,135.0,18,120.0,15.0,2,1058.0,0.0,0,1
1058.0,J1,136,21.66,5.96,22.0,120.0,16,97.5,22.5,2,1058.0,0.0,0,1
1059.0,J2,137,21.55,6.41,23.0,247.5,33,210.0,37.5,2,1059.0,7.5,0,1
1059.0,J3,137,21.55,6.41,23.0,142.5,19,127.5,15.0,2,1059.0,0.0,0,1
1059.0,J1,137,21.55,6.41,23.0,120.0,16,105.0,15.0,2,1059.0,0.0,0,1
1060.0,J2,138,21.87,6.87,24.0,255.0,34,225.0,30.0,2,1060.0,7.5,0,1
1060.0,J3,138,21.87,6.87,24.0,150.0,20,135.0,15.0,2,1060.0,0.0,0,1
1060.0,J1,138,21.87,6.87,24.0,120.0,16,105.0,15.0,2,1060.0,0.0,0,1
1061.0,J2,139,21.7,7.33,25.0,255.0,34,240.0,15.0,2,1061.0,7.5,0,1
1061.0,J3,139,21.7,7.33,25.0,150.0,20,135.0,15.0,2,1061.0,7.5,0,1
1061.0,J1,139,21.7,7.33,25.0,127.5,17,105.0,22.5,2,1061.0,7.5,0,1
1062.0,J2,140,21.84,7.79,26.0,255.0,34,247.5,7.5,2,1062.0,7.5,0,1
1062.0,J3,140,21.84,7.79,26.0,150.0,20,135.0,15.0,2,1062.0,7.5,0,1
1062.0,J1,140,21.84,7.79,26.0,127.5,17,112.5,15.0,2,1062.0,7.5,0,1
1063.0,J2,141,21.86,8.24,27.0,262.5,35,247.5,15.0,2,1063.0,15.0,0,1
1063.0,J3,141,21.86,8.24,27.0,150.0,20,135.0,15.0,2,1063.0,7.5,0,1
1063.0,J1,141,21.86,8.24,27.0,127.5,17,120.0,7.5,2,1063.0,7.5,0,1
1064.0,J2,141,21.3,8.75,28.0,262.5,35,247.5,15.0,2,1064.0,15.0,0,1
1064.0,J3,141,21.3,8.75,28.0,150.0,20,142.5,7.5,2,1064.0,7.5,0,1
1064.0,J1,141,21.3,8.75,28.0,127.5,17,120.0,7.5,2,1064.0,15.0,0,1
1065.0,J2,142,21.27,9.2,29.0,262.5,35,255.0,7.5,2,1065.0,15.0,0,1
1065.0,J3,142,21.27,9.2,29.0,150.0,20,150.0,0.0,2,1065.0,7.5,0,1
1065.0,J1,142,21.27,9.2,29.0,127.5,17,120.0,7.5,2,1065.0,15.0,0,1
1066.0,J2,142,21.04,9.72,30.0,277.5,37,255.0,22.5,2,1066.0,22.5,0,1
1066.0,J3,142,21.04,9.72,30.0,150.0,20,150.0,0.0,2,1066.0,7.5,0,1
1066.0,J1,142,21.04,9.72,30.0,127.5,17,127.5,0.0,2,1066.0,15.0,0,1
1067.0,J2,142,20.7,10.25,31.0,285.0,38,255.0,30.0,2,1067.0,30.0,0,1
1067.0,J3,142,20.7,10.25,31.0,150.0,20,150.0,0.0,2,1067.0,7.5,0,1
1067.0,J1,142,20.7,10.25,31.0,127.5,17,127.5,0.0,2,1067.0,15.0,0,1
1068.0,J2,142,20.34,10.77,32.0,285.0,38,262.5,22.5,2,1068.0,30.0,0,1
1068.0,J3,142,20.34,10.77,32.0,150.0,20,150.0,0.0,2,1068.0,7.5,0,1
1068.0,J1,142,20.34,10.77,32.0,127.5,17,127.5,0.0,2,1068.0,15.0,0,1
1069.0,J2,141,19.85,11.38,33.0,285.0,38,262.5,22.5,2,1069.0,30.0,0,1
1069.0,J3,141,19.85,11.38,33.0,150.0,20,150.0,0.0,2,1069.0,7.5,0,1
1069.0,J1,141,19.85,11.38,33.0,127.5,17,127.5,0.0,2,1069.0,15.0,0,1
1070.0,J2,140,19.6,12.01,34.0,285.0,38,262.5,22.5,2,1070.0,30.0,0,1
1070.0,J3,140,19.6,12.01,34.0,157.5,21,150.0,7.5,2,1070.0,7.5,0,1
1070.0,J1,140,19.6,12.01,34.0,135.0,18,127.5,7.5,2,1070.0,15.0,0,1
1071.0,J2,140,19.39,12.57,35.0,285.0,38,277.5,7.5,2,1071.0,30.0,0,1
1071.0,J3,140,19.39,12.57,35.0,165.0,22,150.0,15.0,2,1071.0,7.5,0,1
1071.0,J1,140,19.39,12.57,35.0,135.0,18,127.5,7.5,2,1071.0,15.0,0,1
1072.0,J2,139,18.62,13.22,36.0,285.0,38,285.0,0.0,2,1072.0,30.0,0,1
1072.0,J3,139,18.62,13.22,36.0,165.0,22,150.0,15.0,2,1072.0,7.5,0,1
1072.0,J1,139,18.62,13.22,36.0,135.0,18,127.5,7.5,2,1072.0,15.0,0,1
1073.0,J2,137,17.92,13.99,37.0,285.0,38,285.0,0.0,2,1073.0,30.0,0,1
1073.0,J3,137,17.92,13.99,37.0,172.5,23,150.0,22.5,2,1073.0,7.5,0,1
1073.0,J1,137,17.92,13.99,37.0,135.0,18,127.5,7.5,2,1073.0,15.0,0,1
1074.0,J2,138,17.57,14.47,38.0,285.0,38,285.0,0.0,2,1074.0,37.5,1,1
1074.0,J3,138,17.57,14.47,38.0,180.0,24,150.0,30.0,2,1074.0,7.5,0,1
1074.0,J1,138,17.57,14.47,38.0,135.0,18,127.5,7.5,2,1074.0,15.0,0,1
1075.0,J2,138,17.37,15.07,39.0,285.0,38,285.0,0.0,2,1075.0,45.0,1,1
1075.0,J3,138,17.37,15.07,39.0,187.5,25,157.5,30.0,2,1075.0,7.5,0,1
1075.0,J1,138,17.37,15.07,39.0,142.5,19,135.0,7.5,2,1075.0,15.0,0,1
1076.0,J2,138,17.43,15.66,40.0,285.0,38,285.0,0.0,2,1076.0,45.0,1,1
1076.0,J3,138,17.43,15.66,40.0,187.5,25,165.0,22.5,2,1076.0,7.5,0,1
1076.0,J1,138,17.43,15.66,40.0,142.5,19,135.0,7.5,2,1076.0,15.0,0,1
1077.0,J2,136,16.89,16.5,41.0,285.0,38,285.0,0.0,2,1077.0,45.0,1,1
1077.0,J3,136,16.89,16.5,41.0,195.0,26,165.0,30.0,2,1077.0,7.5,0,1
1077.0,J1,136,16.89,16.5,41.0,142.5,19,135.0,7.5,2,1077.0,15.0,0,1
1078.0,J2,135,16.57,17.25,42.0,285.0,38,285.0,0.0,3,1078.0,45.0,1,1
1078.0,J3,135,16.57,17.25,42.0,210.0,28,172.5,37.5,3,1078.0,15.0,0,1
1078.0,J1,135,16.57,17.25,42.0,142.5,19,135.0,7.5,3,1078.0,15.0,0,1
1079.0,J2,133,15.93,18.15,43.0,285.0,38,285.0,0.0,3,1079.0,45.0,1,1
1079.0,J3,133,15.93,18.15,43.0,210.0,28,180.0,30.0,3,1079.0,15.0,0,1
1079.0,J1,133,15.93,18.15,43.0,142.5,19,135.0,7.5,3,1079.0,15.0,0,1
1080.0,J2,133,15.69,18.79,44.0,285.0,38,285.0,0.0,3,1080.0,52.5,1,1
1080.0,J3,133,15.69,18.79,44.0,210.0,28,187.5,22.5,3,1080.0,15.0,0,1
1080.0,J1,133,15.69,18.79,44.0,142.5,19,142.5,0.0,3,1080.0,15.0,0,1
1081.0,J2,133,16.22,14.22,44.0,240.0,32,285.0,-45.0,0,1081.0,52.5,1,1
1081.0,J3,133,16.22,14.22,44.0,165.0,22,187.5,-22.5,0,1081.0,15.0,0,1
1081.0,J1,133,16.22,14.22,44.0,97.5,13,142.5,-45.0,0,1081.0,15.0,0,1
1082.0,J2,132,16.98,10.61,39.0,202.5,27,285.0,-82.5,0,1082.0,52.5,1,1
1082.0,J3,132,16.98,10.61,39.0,127.5,17,195.0,-67.5,0,1082.0,15.0,0,1
1082.0,J1,132,16.98,10.61,39.0,60.0,8,142.5,-82.5,0,1082.0,15.0,0,1
1083.0,J2,133,18.92,7.35,38.0,157.5,21,285.0,-127.5,0,1083.0,52.5,1,1
1083.0,J3,133,18.92,7.35,38.0,82.5,11,210.0,-127.5,0,1083.0,15.0,0,1
1083.0,J1,133,18.92,7.35,38.0,30.0,4,142.5,-112.5,0,1083.0,15.0,0,1
1084.0,J2,131,21.05,4.53,36.0,112.5,15,285.0,-172.5,0,1084.0,52.5,1,1
1084.0,J3,131,21.05,4.53,36.0,60.0,8,210.0,-150.0,0,1084.0,15.0,0,1
1084.0,J1,131,21.05,4.53,36.0,7.5,1,142.5,-135.0,0,1084.0,15.0,0,1
1085.0,J2,131,23.66,2.18,31.0,67.5,9,285.0,-217.5,0,1085.0,60.0,1,1
1085.0,J3,131,23.66,2.18,31.0,37.5,5,210.0,-172.5,0,1085.0,15.0,0,1
1085.0,J1,131,23.66,2.18,31.0,0.0,0,142.5,-142.5,0,1085.0,15.0,0,1
1086.0,J2,131,26.52,0.73,31.0,30.0,4,240.0,-210.0,0,1086.0,60.0,1,1
1086.0,J3,131,26.52,0.73,31.0,15.0,2,165.0,-150.0,0,1086.0,15.0,0,1
1086.0,J1,131,26.52,0.73,31.0,0.0,0,97.5,-97.5,0,1086.0,15.0,0,1
1087.0,J2,131,29.33,0.21,21.0,15.0,2,202.5,-187.5,0,1087.0,60.0,1,1
1087.0,J3,131,29.33,0.21,21.0,0.0,0,127.5,-127.5,0,1087.0,15.0,0,1
1087.0,J1,131,29.33,0.21,21.0,0.0,0,60.0,-60.0,0,1087.0,22.5,0,1
1088.0,J2,130,31.29,0.06,7.0,15.0,2,157.5,-142.5,0,1088.0,60.0,1,1
1088.0,J3,130,31.29,0.06,7.0,0.0,0,82.5,-82.5,0,1088.0,15.0,0,1
1088.0,J1,130,31.29,0.06,7.0,0.0,0,30.0,-30.0,0,1088.0,22.5,0,1
1089.0,J2,130,33.19,0.08,8.0,15.0,2,112.5,-97.5,0,1089.0,60.0,1,1
1089.0,J3,130,33.19,0.08,8.0,0.0,0,60.0,-60.0,0,1089.0,15.0,0,1
1089.0,J1,130,33.19,0.08,8.0,7.5,1,7.5,0.0,0,1089.0,22.5,0,1
1090.0,J2,130,34.8,0.11,9.0,15.0,2,67.5,-52.5,0,1090.0,60.0,1,1
1090.0,J3,130,34.8,0.11,9.0,0.0,0,37.5,-37.5,0,1090.0,22.5,0,1
1090.0,J1,130,34.8,0.11,9.0,7.5,1,0.0,7.5,0,1090.0,22.5,0,1
1091.0,J2,130,36.03,0.13,10.0,15.0,2,30.0,-15.0,0,1091.0,60.0,1,1
1091.0,J3,130,36.03,0.13,10.0,0.0,0,15.0,-15.0,0,1091.0,22.5,0,1
1091.0,J1,130,36.03,0.13,10.0,7.5,1,0.0,7.5,0,1091.0,22.5,0,1
1092.0,J2,129,37.35,0.16,11.0,22.5,3,15.0,7.5,0,1092.0,60.0,1,1
1092.0,J3,129,37.35,0.16,11.0,0.0,0,0.0,0.0,0,1092.0,22.5,0,1
1092.0,J1,129,37.35,0.16,11.0,7.5,1,0.0,7.5,0,1092.0,22.5,0,1
1093.0,J2,129,38.34,0.2,12.0,22.5,3,15.0,7.5,0,1093.0,60.0,1,1
1093.0,J3,129,38.34,0.2,12.0,0.0,0,0.0,0.0,0,1093.0,22.5,0,1
1093.0,J1,129,38.34,0.2,12.0,15.0,2,0.0,15.0,0,1093.0,22.5,0,1
1094.0,J2,128,38.85,0.24,13.0,22.5,3,15.0,7.5,0,1094.0,75.0,1,1
1094.0,J3,128,38.85,0.24,13.0,0.0,0,0.0,0.0,0,1094.0,22.5,0,1
1094.0,J1,128,38.85,0.24,13.0,15.0,2,7.5,7.5,0,1094.0,22.5,0,1
1095.0,J2,131,39.89,0.27,14.0,22.5,3,15.0,7.5,0,1095.0,75.0,1,1
1095.0,J3,131,39.89,0.27,14.0,0.0,0,0.0,0.0,0,1095.0,22.5,0,1
1095.0,J1,131,39.89,0.27,14.0,15.0,2,7.5,7.5,0,1095.0,22.5,0,1
1096.0,J2,131,39.87,0.32,15.0,22.5,3,15.0,7.5,0,1096.0,45.0,1,1
1096.0,J3,131,39.87,0.32,15.0,0.0,0,0.0,0.0,0,1096.0,7.5,0,1
1096.0,J1,131,39.87,0.32,15.0,22.5,3,7.5,15.0,0,1096.0,0.0,0,1
1097.0,J2,132,39.87,0.38,16.0,30.0,4,22.5,7.5,0,1097.0,22.5,0,1
1097.0,J3,132,39.87,0.38,16.0,0.0,0,0.0,0.0,0,1097.0,7.5,0,1
1097.0,J1,132,39.87,0.38,16.0,30.0,4,7.5,22.5,0,1097.0,7.5,0,1
1098.0,J2,133,39.72,0.44,17.0,30.0,4,22.5,7.5,0,1098.0,15.0,0,1
1098.0,J3,133,39.72,0.44,17.0,0.0,0,0.0,0.0,0,1098.0,7.5,0,1
1098.0,J1,133,39.72,0.44,17.0,30.0,4,15.0,15.0,0,1098.0,7.5,0,1
1099.0,J2,132,39.4,0.5,18.0,30.0,4,22.5,7.5,0,1099.0,15.0,0,1
1099.0,J3,132,39.4,0.5,18.0,0.0,0,0.0,0.0,0,1099.0,15.0,0,1
1099.0,J1,132,39.4,0.5,18.0,30.0,4,15.0,15.0,0,1099.0,7.5,0,1
1100.0,J2,132,39.45,0.58,19.0,30.0,4,22.5,7.5,0,1100.0,30.0,0,1
1100.0,J3,132,39.45,0.58,19.0,0.0,0,0.0,0.0,0,1100.0,22.5,0,1
1100.0,J1,132,39.45,0.58,19.0,45.0,6,15.0,30.0,0,1100.0,22.5,0,1
1101.0,J2,132,39.14,0.65,20.0,30.0,4,22.5,7.5,0,1101.0,37.5,1,1
1101.0,J3,132,39.14,0.65,20.0,0.0,0,0.0,0.0,0,1101.0,22.5,0,1
1101.0,J1,132,39.14,0.65,20.0,45.0,6,22.5,22.5,0,1101.0,22.5,0,1
1102.0,J2,133,38.81,0.74,21.0,45.0,6,30.0,15.0,0,1102.0,60.0,1,1
1102.0,J3,133,38.81,0.74,21.0,0.0,0,0.0,0.0,0,1102.0,52.5,1,1
1102.0,J1,133,38.81,0.74,21.0,45.0,6,30.0,15.0,0,1102.0,37.5,1,1
1103.0,J2,133,38.98,0.83,22.0,45.0,6,30.0,15.0,0,1103.0,60.0,1,1
1103.0,J3,133,38.98,0.83,22.0,0.0,0,0.0,0.0,0,1103.0,52.5,1,1
1103.0,J1,133,38.98,0.83,22.0,45.0,6,30.0,15.0,0,1103.0,52.5,1,1
1104.0,J2,133,38.84,0.92,23.0,45.0,6,30.0,15.0,0,1104.0,67.5,1,1
1104.0,J3,133,38.84,0.92,23.0,0.0,0,0.0,0.0,0,1104.0,52.5,1,1
1104.0,J1,133,38.84,0.92,23.0,45.0,6,30.0,15.0,0,1104.0,52.5,1,1
1105.0,J2,133,38.69,1.01,24.0,45.0,6,30.0,15.0,0,1105.0,82.5,1,1
1105.0,J3,133,38.69,1.01,24.0,0.0,0,0.0,0.0,0,1105.0,60.0,1,1
1105.0,J1,133,38.69,1.01,24.0,45.0,6,45.0,0.0,0,1105.0,60.0,1,1
1106.0,J2,134,38.98,1.09,25.0,45.0,6,30.0,15.0,0,1106.0,90.0,1,1
1106.0,J3,134,38.98,1.09,25.0,0.0,0,0.0,0.0,0,1106.0,67.5,1,1
1106.0,J1,134,38.98,1.09,25.0,45.0,6,45.0,0.0,0,1106.0,60.0,1,1
1107.0,J2,135,38.88,1.17,26.0,45.0,6,45.0,0.0,0,1107.0,105.0,1,1
1107.0,J3,135,38.88,1.17,26.0,0.0,0,0.0,0.0,0,1107.0,67.5,1,1
1107.0,J1,135,38.88,1.17,26.0,45.0,6,45.0,0.0,0,1107.0,75.0,1,1
1108.0,J2,135,39.07,1.26,27.0,45.0,6,45.0,0.0,0,1108.0,112.5,1,1
1108.0,J3,135,39.07,1.26,27.0,0.0,0,0.0,0.0,0,1108.0,75.0,1,1
1108.0,J1,135,39.07,1.26,27.0,45.0,6,45.0,0.0,0,1108.0,82.5,1,1
1109.0,J2,134,39.44,1.36,28.0,45.0,6,45.0,0.0,0,1109.0,127.5,1,1
1109.0,J3,134,39.44,1.36,28.0,0.0,0,0.0,0.0,0,1109.0,67.5,1,1
1109.0,J1,134,39.44,1.36,28.0,45.0,6,45.0,0.0,0,1109.0,82.5,1,1
1110.0,J2,134,39.51,1.45,29.0,45.0,6,45.0,0.0,0,1110.0,135.0,1,1
1110.0,J3,134,39.51,1.45,29.0,0.0,0,0.0,0.0,0,1110.0,75.0,1,1
1110.0,J1,134,39.51,1.45,29.0,45.0,6,45.0,0.0,0,1110.0,82.5,1,1
1111.0,J2,134,39.42,1.54,30.0,45.0,6,45.0,0.0,0,1111.0,150.0,1,1
1111.0,J3,134,39.42,1.54,30.0,0.0,0,0.0,0.0,0,1111.0,75.0,1,1
1111.0,J1,134,39.42,1.54,30.0,45.0,6,45.0,0.0,0,1111.0,82.5,1,1
1112.0,J2,135,39.53,1.61,31.0,45.0,6,45.0,0.0,0,1112.0,150.0,1,1
1112.0,J3,135,39.53,1.61,31.0,0.0,0,0.0,0.0,0,1112.0,82.5,1,1
1112.0,J1,135,39.53,1.61,31.0,45.0,6,45.0,0.0,0,1112.0,82.5,1,1
1113.0,J2,134,39.27,1.72,32.0,45.0,6,45.0,0.0,0,1113.0,150.0,1,1
1113.0,J3,134,39.27,1.72,32.0,0.0,0,0.0,0.0,0,1113.0,90.0,1,1
1113.0,J1,134,39.27,1.72,32.0,45.0,6,45.0,0.0,0,1113.0,82.5,1,1
1114.0,J2,135,39.24,1.79,33.0,45.0,6,45.0,0.0,0,1114.0,150.0,1,1
1114.0,J3,135,39.24,1.79,33.0,0.0,0,0.0,0.0,0,1114.0,90.0,1,1
1114.0,J1,135,39.24,1.79,33.0,45.0,6,45.0,0.0,0,1114.0,97.5,1,1
1115.0,J2,136,39.43,1.87,34.0,45.0,6,45.0,0.0,0,1115.0,150.0,1,1
1115.0,J3,136,39.43,1.87,34.0,0.0,0,0.0,0.0,0,1115.0,90.0,1,1
1115.0,J1,136,39.43,1.87,34.0,45.0,6,45.0,0.0,0,1115.0,97.5,1,1
1116.0,J2,137,39.48,1.94,35.0,45.0,6,45.0,0.0,0,1116.0,150.0,1,1
1116.0,J3,137,39.48,1.94,35.0,0.0,0,0.0,0.0,0,1116.0,97.5,1,1
1116.0,J1,137,39.48,1.94,35.0,45.0,6,45.0,0.0,0,1116.0,97.5,1,1
1117.0,J2,138,39.47,2.01,36.0,45.0,6,45.0,0.0,0,1117.0,150.0,1,1
1117.0,J3,138,39.47,2.01,36.0,0.0,0,0.0,0.0,0,1117.0,97.5,1,1
1117.0,J1,138,39.47,2.01,36.0,45.0,6,45.0,0.0,0,1117.0,97.5,1,1
1118.0,J2,138,39.08,2.1,37.0,45.0,6,45.0,0.0,0,1118.0,150.0,1,1
1118.0,J3,138,39.08,2.1,37.0,0.0,0,0.0,0.0,0,1118.0,105.0,1,1
1118.0,J1,138,39.08,2.1,37.0,45.0,6,45.0,0.0,0,1118.0,97.5,1,1
1119.0,J2,140,39.27,2.16,38.0,45.0,6,45.0,0.0,0,1119.0,150.0,1,1
1119.0,J3,140,39.27,2.16,38.0,0.0,0,0.0,0.0,0,1119.0,105.0,1,1
1119.0,J1,140,39.27,2.16,38.0,45.0,6,45.0,0.0,0,1119.0,97.5,1,1
1120.0,J2,140,38.97,2.24,39.0,45.0,6,45.0,0.0,0,1120.0,150.0,1,1
1120.0,J3,140,38.97,2.24,39.0,0.0,0,0.0,0.0,0,1120.0,105.0,1,1
1120.0,J1,140,38.97,2.24,39.0,45.0,6,45.0,0.0,0,1120.0,97.5,1,1
1121.0,J2,140,38.61,2.33,40.0,45.0,6,45.0,0.0,0,1121.0,157.5,1,1
1121.0,J3,140,38.61,2.33,40.0,0.0,0,0.0,0.0,0,1121.0,105.0,1,1
1121.0,J1,140,38.61,2.33,40.0,45.0,6,45.0,0.0,0,1121.0,97.5,1,1
1122.0,J2,141,38.46,2.4,41.0,52.5,7,45.0,7.5,0,1122.0,157.5,1,1
1122.0,J3,141,38.46,2.4,41.0,0.0,0,0.0,0.0,0,1122.0,112.5,1,1
1122.0,J1,141,38.46,2.4,41.0,45.0,6,45.0,0.0,0,1122.0,97.5,1,1
1123.0,J2,141,37.78,2.5,42.0,60.0,8,45.0,15.0,1,1123.0,157.5,1,1
1123.0,J3,141,37.78,2.5,42.0,0.0,0,0.0,0.0,1,1123.0,112.5,1,1
1123.0,J1,141,37.78,2.5,42.0,45.0,6,45.0,0.0,1,1123.0,97.5,1,1
1124.0,J2,141,37.15,2.61,43.0,60.0,8,45.0,15.0,1,1124.0,165.0,1,1
1124.0,J3,141,37.15,2.61,43.0,0.0,0,0.0,0.0,1,1124.0,112.5,1,1
1124.0,J1,141,37.15,2.61,43.0,52.5,7,45.0,7.5,1,1124.0,97.5,1,1
1125.0,J2,140,36.3,2.74,44.0,60.0,8,45.0,15.0,1,1125.0,165.0,1,1
1125.0,J3,140,36.3,2.74,44.0,0.0,0,0.0,0.0,1,1125.0,112.5,1,1
1125.0,J1,140,36.3,2.74,44.0,52.5,7,45.0,7.5,1,1125.0,97.5,1,1
1126.0,J2,139,35.81,0.94,39.0,30.0,4,45.0,-15.0,2,1126.0,165.0,1,1
1126.0,J3,139,35.81,0.94,39.0,0.0,0,0.0,0.0,2,1126.0,112.5,1,1
1126.0,J1,139,35.81,0.94,39.0,30.0,4,45.0,-15.0,2,1126.0,97.5,1,1
1127.0,J2,137,35.38,0.06,5.0,22.5,3,52.5,-30.0,2,1127.0,165.0,1,1
1127.0,J3,137,35.38,0.06,5.0,0.0,0,0.0,0.0,2,1127.0,112.5,1,1
1127.0,J1,137,35.38,0.06,5.0,7.5,1,45.0,-37.5,2,1127.0,105.0,1,1
1128.0,J2,138,35.13,0.06,2.0,22.5,3,60.0,-37.5,2,1128.0,165.0,1,1
1128.0,J3,138,35.13,0.06,2.0,7.5,1,0.0,7.5,2,1128.0,120.0,1,1
1128.0,J1,138,35.13,0.06,2.0,7.5,1,45.0,-37.5,2,1128.0,105.0,1,1
1129.0,J2,137,34.99,0.12,3.0,22.5,3,60.0,-37.5,2,1129.0,172.5,1,1
1129.0,J3,137,34.99,0.12,3.0,15.0,2,0.0,15.0,2,1129.0,120.0,1,1
1129.0,J1,137,34.99,0.12,3.0,22.5,3,52.5,-30.0,2,1129.0,105.0,1,1
1130.0,J2,137,34.82,0.18,4.0,30.0,4,60.0,-30.0,2,1130.0,172.5,1,1
1130.0,J3,137,34.82,0.18,4.0,15.0,2,0.0,15.0,2,1130.0,127.5,1,1
1130.0,J1,137,34.82,0.18,4.0,22.5,3,52.5,-30.0,2,1130.0,112.5,1,1
1131.0,J2,137,34.69,0.28,5.0,45.0,6,30.0,15.0,2,1131.0,172.5,1,1
1131.0,J3,137,34.69,0.28,5.0,30.0,4,0.0,30.0,2,1131.0,142.5,1,1
1131.0,J1,137,34.69,0.28,5.0,22.5,3,30.0,-7.5,2,1131.0,127.5,1,1
1132.0,J2,138,34.2,0.38,6.0,52.5,7,22.5,30.0,2,1132.0,172.5,1,1
1132.0,J3,138,34.2,0.38,6.0,30.0,4,0.0,30.0,2,1132.0,150.0,1,1
1132.0,J1,138,34.2,0.38,6.0,30.0,4,7.5,22.5,2,1132.0,127.5,1,1
1133.0,J2,137,33.25,0.51,7.0,67.5,9,22.5,45.0,2,1133.0,172.5,1,1
1133.0,J3,137,33.25,0.51,7.0,30.0,4,7.5,22.5,2,1133.0,157.5,1,1
1133.0,J1,137,33.25,0.51,7.0,30.0,4,7.5,22.5,2,1133.0,127.5,1,1
1134.0,J2,136,32.61,0.66,8.0,75.0,10,22.5,52.5,2,1134.0,172.5,1,1
1134.0,J3,136,32.61,0.66,8.0,30.0,4,15.0,15.0,2,1134.0,157.5,1,1
1134.0,J1,136,32.61,0.66,8.0,45.0,6,22.5,22.5,2,1134.0,127.5,1,1
1135.0,J2,135,31.79,0.84,9.0,97.5,13,30.0,67.5,2,1135.0,172.5,1,1
1135.0,J3,135,31.79,0.84,9.0,30.0,4,15.0,15.0,2,1135.0,157.5,1,1
1135.0,J1,135,31.79,0.84,9.0,52.5,7,22.5,30.0,2,1135.0,135.0,1,1
1136.0,J2,135,31.23,1.07,10.0,105.0,14,45.0,60.0,2,1136.0,172.5,1,1
1136.0,J3,135,31.23,1.07,10.0,52.5,7,30.0,22.5,2,1136.0,157.5,1,1
1136.0,J1,135,31.23,1.07,10.0,67.5,9,22.5,45.0,2,1136.0,135.0,1,1
1137.0,J2,135,30.68,1.3,11.0,105.0,14,52.5,52.5,2,1137.0,172.5,1,1
1137.0,J3,135,30.68,1.3,11.0,60.0,8,30.0,30.0,2,1137.0,157.5,1,1
1137.0,J1,135,30.68,1.3,11.0,75.0,10,30.0,45.0,2,1137.0,135.0,1,1
1138.0,J2,134,30.36,1.57,12.0,112.5,15,67.5,45.0,2,1138.0,172.5,1,1
1138.0,J3,134,30.36,1.57,12.0,67.5,9,30.0,37.5,2,1138.0,157.5,1,1
1138.0,J1,134,30.36,1.57,12.0,82.5,11,30.0,52.5,2,1138.0,135.0,1,1
1139.0,J2,132,29.7,1.89,13.0,112.5,15,75.0,37.5,2,1139.0,172.5,1,1
1139.0,J3,132,29.7,1.89,13.0,82.5,11,30.0,52.5,2,1139.0,157.5,1,1
1139.0,J1,132,29.7,1.89,13.0,90.0,12,45.0,45.0,2,1139.0,135.0,1,1
1140.0,J2,130,28.62,2.22,14.0,112.5,15,97.5,15.0,2,1140.0,172.5,1,1
1140.0,J3,130,28.62,2.22,14.0,90.0,12,30.0,60.0,2,1140.0,157.5,1,1
1140.0,J1,130,28.62,2.22,14.0,90.0,12,52.5,37.5,2,1140.0,135.0,1,1
1141.0,J2,128,27.53,2.57,15.0,120.0,16,105.0,15.0,2,1141.0,127.5,1,1
1141.0,J3,128,27.53,2.57,15.0,90.0,12,52.5,37.5,2,1141.0,112.5,1,1
1141.0,J1,128,27.53,2.57,15.0,97.5,13,67.5,30.0,2,1141.0,97.5,1,1
1142.0,J2,129,27.13,2.9,16.0,127.5,17,105.0,22.5,2,1142.0,82.5,1,1
1142.0,J3,129,27.13,2.9,16.0,97.5,13,60.0,37.5,2,1142.0,67.5,1,1
1142.0,J1,129,27.13,2.9,16.0,112.5,15,75.0,37.5,2,1142.0,52.5,1,1
1143.0,J2,130,26.85,3.24,17.0,127.5,17,112.5,15.0,2,1143.0,52.5,1,1
1143.0,J3,130,26.85,3.24,17.0,97.5,13,67.5,30.0,2,1143.0,30.0,0,1
1143.0,J1,130,26.85,3.24,17.0,127.5,17,82.5,45.0,2,1143.0,15.0,0,1
1144.0,J2,131,27.04,3.6,18.0,127.5,17,112.5,15.0,2,1144.0,30.0,0,1
1144.0,J3,131,27.04,3.6,18.0,97.5,13,82.5,15.0,2,1144.0,15.0,0,1
1144.0,J1,131,27.04,3.6,18.0,150.0,20,90.0,60.0,2,1144.0,0.0,0,1
1145.0,J2,133,27.05,3.92,19.0,127.5,17,112.5,15.0,2,1145.0,15.0,0,1
1145.0,J3,133,27.05,3.92,19.0,105.0,14,90.0,15.0,2,1145.0,0.0,0,1
1145.0,J1,133,27.05,3.92,19.0,150.0,20,90.0,60.0,2,1145.0,0.0,0,1
1146.0,J2,132,26.9,4.35,20.0,127.5,17,120.0,7.5,2,1146.0,7.5,0,1
1146.0,J3,132,26.9,4.35,20.0,105.0,14,90.0,15.0,2,1146.0,0.0,0,1
1146.0,J1,132,26.9,4.35,20.0,157.5,21,97.5,60.0,2,1146.0,0.0,0,1
1147.0,J2,131,26.4,4.79,21.0,127.5,17,127.5,0.0,2,1147.0,7.5,0,1
1147.0,J3,131,26.4,4.79,21.0,112.5,15,97.5,15.0,2,1147.0,0.0,0,1
1147.0,J1,131,26.4,4.79,21.0,157.5,21,112.5,45.0,2,1147.0,0.0,0,1
1148.0,J2,132,26.39,5.16,22.0,135.0,18,127.5,7.5,2,1148.0,7.5,0,1
1148.0,J3,132,26.39,5.16,22.0,112.5,15,97.5,15.0,2,1148.0,0.0,0,1
1148.0,J1,132,26.39,5.16,22.0,157.5,21,127.5,30.0,2,1148.0,0.0,0,1
1149.0,J2,132,26.18,5.57,23.0,135.0,18,127.5,7.5,2,1149.0,7.5,0,1
1149.0,J3,132,26.18,5.57,23.0,112.5,15,97.5,15.0,2,1149.0,0.0,0,1
1149.0,J1,132,26.18,5.57,23.0,157.5,21,150.0,7.5,2,1149.0,0.0,0,1
1150.0,J2,134,25.99,5.9,24.0,142.5,19,127.5,15.0,2,1150.0,7.5,0,1
1150.0,J3,134,25.99,5.9,24.0,112.5,15,105.0,7.5,2,1150.0,0.0,0,1
1150.0,J1,134,25.99,5.9,24.0,157.5,21,150.0,7.5,2,1150.0,0.0,0,1
1151.0,J2,134,25.7,6.31,25.0,142.5,19,127.5,15.0,2,1151.0,15.0,0,1
1151.0,J3,134,25.7,6.31,25.0,112.5,15,105.0,7.5,2,1151.0,0.0,0,1
1151.0,J1,134,25.7,6.31,25.0,157.5,21,157.5,0.0,2,1151.0,0.0,0,1
1152.0,J2,135,25.53,6.68,26.0,150.0,20,127.5,22.5,2,1152.0,22.5,0,1
1152.0,J3,135,25.53,6.68,26.0,112.5,15,112.5,0.0,2,1152.0,0.0,0,1
1152.0,J1,135,25.53,6.68,26.0,165.0,22,157.5,7.5,2,1152.0,0.0,0,1
1153.0,J2,135,25.14,7.1,27.0,150.0,20,135.0,15.0,2,1153.0,22.5,0,1
1153.0,J3,135,25.14,7.1,27.0,112.5,15,112.5,0.0,2,1153.0,0.0,0,1
1153.0,J1,135,25.14,7.1,27.0,165.0,22,157.5,7.5,2,1153.0,0.0,0,1
1154.0,J2,135,24.69,7.53,28.0,157.5,21,135.0,22.5,2,1154.0,22.5,0,1
1154.0,J3,135,24.69,7.53,28.0,112.5,15,112.5,0.0,2,1154.0,0.0,0,1
1154.0,J1,135,24.69,7.53,28.0,165.0,22,157.5,7.5,2,1154.0,7.5,0,1
1155.0,J2,135,24.02,7.96,29.0,157.5,21,142.5,15.0,2,1155.0,22.5,0,1
1155.0,J3,135,24.02,7.96,29.0,112.5,15,112.5,0.0,2,1155.0,0.0,0,1
1155.0,J1,135,24.02,7.96,29.0,165.0,22,157.5,7.5,2,1155.0,7.5,0,1
1156.0,J2,135,23.41,8.41,30.0,172.5,23,142.5,30.0,2,1156.0,22.5,0,1
1156.0,J3,135,23.41,8.41,30.0,120.0,16,112.5,7.5,2,1156.0,0.0,0,1
1156.0,J1,135,23.41,8.41,30.0,165.0,22,157.5,7.5,2,1156.0,7.5,0,1
1157.0,J2,136,23.15,8.8,31.0,172.5,23,150.0,22.5,2,1157.0,22.5,0,1
1157.0,J3,136,23.15,8.8,31.0,120.0,16,112.5,7.5,2,1157.0,0.0,0,1
1157.0,J1,136,23.15,8.8,31.0,165.0,22,165.0,0.0,2,1157.0,7.5,0,1
1158.0,J2,137,22.85,9.18,32.0,172.5,23,150.0,22.5,2,1158.0,30.0,0,1
1158.0,J3,137,22.85,9.18,32.0,120.0,16,112.5,7.5,2,1158.0,0.0,0,1
1158.0,J1,137,22.85,9.18,32.0,165.0,22,165.0,0.0,2,1158.0,7.5,0,1
1159.0,J2,137,22.33,9.64,33.0,172.5,23,157.5,15.0,2,1159.0,30.0,0,1
1159.0,J3,137,22.33,9.64,33.0,120.0,16,112.5,7.5,2,1159.0,0.0,0,1
1159.0,J1,137,22.33,9.64,33.0,180.0,24,165.0,15.0,2,1159.0,7.5,0,1
1160.0,J2,134,20.94,10.35,34.0,180.0,24,157.5,22.5,2,1160.0,30.0,0,1
1160.0,J3,134,20.94,10.35,34.0,127.5,17,112.5,15.0,2,1160.0,0.0,0,1
1160.0,J1,134,20.94,10.35,34.0,187.5,25,165.0,22.5,2,1160.0,15.0,0,1
1161.0,J2,133,20.25,10.93,35.0,180.0,24,172.5,7.5,2,1161.0,30.0,0,1
1161.0,J3,133,20.25,10.93,35.0,127.5,17,120.0,7.5,2,1161.0,0.0,0,1
1161.0,J1,133,20.25,10.93,35.0,195.0,26,165.0,30.0,2,1161.0,15.0,0,1
1162.0,J2,132,19.33,11.54,36.0,187.5,25,172.5,15.0,2,1162.0,30.0,0,1
1162.0,J3,132,19.33,11.54,36.0,127.5,17,120.0,7.5,2,1162.0,0.0,0,1
1162.0,J1,132,19.33,11.54,36.0,202.5,27,165.0,37.5,2,1162.0,15.0,0,1
1163.0,J2,132,19.17,12.08,37.0,195.0,26,172.5,22.5,2,1163.0,30.0,0,1
1163.0,J3,132,19.17,12.08,37.0,135.0,18,120.0,15.0,2,1163.0,0.0,0,1
1163.0,J1,132,19.17,12.08,37.0,210.0,28,165.0,45.0,2,1163.0,15.0,0,1
1164.0,J2,131,18.72,12.74,38.0,195.0,26,172.5,22.5,2,1164.0,30.0,0,1
1164.0,J3,131,18.72,12.74,38.0,150.0,20,120.0,30.0,2,1164.0,0.0,0,1
1164.0,J1,131,18.72,12.74,38.0,210.0,28,180.0,30.0,2,1164.0,30.0,0,1
1165.0,J2,132,18.68,13.21,39.0,195.0,26,180.0,15.0,2,1165.0,37.5,1,1
1165.0,J3,132,18.68,13.21,39.0,157.5,21,127.5,30.0,2,1165.0,0.0,0,1
1165.0,J1,132,18.68,13.21,39.0,210.0,28,187.5,22.5,2,1165.0,30.0,0,1
1166.0,J2,132,18.52,13.79,40.0,195.0,26,180.0,15.0,2,1166.0,37.5,1,1
1166.0,J3,132,18.52,13.79,40.0,157.5,21,127.5,30.0,2,1166.0,0.0,0,1
1166.0,J1,132,18.52,13.79,40.0,217.5,29,195.0,22.5,2,1166.0,30.0,0,1
1167.0,J2,130,17.96,14.59,41.0,195.0,26,187.5,7.5,2,1167.0,37.5,1,1
1167.0,J3,130,17.96,14.59,41.0,165.0,22,127.5,37.5,2,1167.0,0.0,0,1
1167.0,J1,130,17.96,14.59,41.0,217.5,29,202.5,15.0,2,1167.0,30.0,0,1
1168.0,J2,129,17.5,15.3,42.0,195.0,26,195.0,0.0,3,1168.0,45.0,1,1
1168.0,J3,129,17.5,15.3,42.0,165.0,22,135.0,30.0,3,1168.0,0.0,0,1
1168.0,J1,129,17.5,15.3,42.0,217.5,29,210.0,7.5,3,1168.0,30.0,0,1
1169.0,J2,127,16.67,16.15,43.0,195.0,26,195.0,0.0,3,1169.0,45.0,1,1
1169.0,J3,127,16.67,16.15,43.0,165.0,22,150.0,15.0,3,1169.0,0.0,0,1
1169.0,J1,127,16.67,16.15,43.0,217.5,29,210.0,7.5,3,1169.0,30.0,0,1
1170.0,J2,125,15.89,17.02,44.0,195.0,26,195.0,0.0,3,1170.0,45.0,1,1
1170.0,J3,125,15.89,17.02,44.0,165.0,22,157.5,7.5,3,1170.0,0.0,0,1
1170.0,J1,125,15.89,17.02,44.0,217.5,29,210.0,7.5,3,1170.0,30.0,0,1
1171.0,J2,123,16.32,12.4,41.0,150.0,20,195.0,-45.0,0,1171.0,45.0,1,1
1171.0,J3,123,16.32,12.4,41.0,127.5,17,157.5,-30.0,0,1171.0,0.0,0,1
1171.0,J1,123,16.32,12.4,41.0,172.5,23,217.5,-45.0,0,1171.0,30.0,0,1
1172.0,J2,122,17.32,8.51,40.0,105.0,14,195.0,-90.0,0,1172.0,45.0,1,1
1172.0,J3,122,17.32,8.51,40.0,82.5,11,165.0,-82.5,0,1172.0,0.0,0,1
1172.0,J1,122,17.32,8.51,40.0,127.5,17,217.5,-90.0,0,1172.0,30.0,0,1
1173.0,J2,120,19.14,5.3,37.0,75.0,10,195.0,-120.0,0,1173.0,45.0,1,1
1173.0,J3,120,19.14,5.3,37.0,60.0,8,165.0,-105.0,0,1173.0,0.0,0,1
1173.0,J1,120,19.14,5.3,37.0,90.0,12,217.5,-127.5,0,1173.0,30.0,0,1
1174.0,J2,118,21.05,3.04,33.0,52.5,7,195.0,-142.5,0,1174.0,45.0,1,1
1174.0,J3,118,21.05,3.04,33.0,37.5,5,165.0,-127.5,0,1174.0,7.5,0,1
1174.0,J1,118,21.05,3.04,33.0,67.5,9,217.5,-150.0,0,1174.0,37.5,1,1
1175.0,J2,118,24.13,1.42,32.0,30.0,4,195.0,-165.0,0,1175.0,45.0,1,1
1175.0,J3,118,24.13,1.42,32.0,15.0,2,165.0,-150.0,0,1175.0,7.5,0,1
1175.0,J1,118,24.13,1.42,32.0,45.0,6,217.5,-172.5,0,1175.0,37.5,1,1
1176.0,J2,119,27.23,0.57,18.0,30.0,4,150.0,-120.0,0,1176.0,45.0,1,1
1176.0,J3,119,27.23,0.57,18.0,7.5,1,127.5,-120.0,0,1176.0,7.5,0,1
1176.0,J1,119,27.23,0.57,18.0,22.5,3,172.5,-150.0,0,1176.0,37.5,1,1
1177.0,J2,119,30.14,0.34,17.0,37.5,5,105.0,-67.5,0,1177.0,45.0,1,1
1177.0,J3,119,30.14,0.34,17.0,7.5,1,82.5,-75.0,0,1177.0,7.5,0,1
1177.0,J1,119,30.14,0.34,17.0,7.5,1,127.5,-120.0,0,1177.0,37.5,1,1
1178.0,J2,120,32.16,0.24,6.0,37.5,5,75.0,-37.5,0,1178.0,45.0,1,1
1178.0,J3,120,32.16,0.24,6.0,7.5,1,60.0,-52.5,0,1178.0,7.5,0,1
1178.0,J1,120,32.16,0.24,6.0,0.0,0,90.0,-90.0,0,1178.0,37.5,1,1
1179.0,J2,121,33.73,0.29,7.0,37.5,5,52.5,-15.0,0,1179.0,52.5,1,1
1179.0,J3,121,33.73,0.29,7.0,7.5,1,37.5,-30.0,0,1179.0,7.5,0,1
1179.0,J1,121,33.73,0.29,7.0,0.0,0,67.5,-67.5,0,1179.0,37.5,1,1
1180.0,J2,121,34.53,0.35,8.0,37.5,5,30.0,7.5,0,1180.0,60.0,1,1
1180.0,J3,121,34.53,0.35,8.0,7.5,1,15.0,-7.5,0,1180.0,7.5,0,1
1180.0,J1,121,34.53,0.35,8.0,0.0,0,45.0,-45.0,0,1180.0,37.5,1,1
1181.0,J2,120,35.02,0.41,9.0,37.5,5,30.0,7.5,0,1181.0,60.0,1,1
1181.0,J3,120,35.02,0.41,9.0,7.5,1,7.5,0.0,0,1181.0,7.5,0,1
1181.0,J1,120,35.02,0.41,9.0,0.0,0,22.5,-22.5,0,1181.0,37.5,1,1
1182.0,J2,119,35.69,0.5,10.0,52.5,7,37.5,15.0,0,1182.0,75.0,1,1
1182.0,J3,119,35.69,0.5,10.0,15.0,2,7.5,7.5,0,1182.0,7.5,0,1
1182.0,J1,119,35.69,0.5,10.0,0.0,0,7.5,-7.5,0,1182.0,37.5,1,1
1183.0,J2,121,36.41,0.56,11.0,45.0,6,37.5,7.5,0,1183.0,75.0,1,1
1183.0,J3,121,36.41,0.56,11.0,15.0,2,7.5,7.5,0,1183.0,7.5,0,1
1183.0,J1,121,36.41,0.56,11.0,7.5,1,0.0,7.5,0,1183.0,37.5,1,1
1184.0,J2,120,36.93,0.66,12.0,45.0,6,37.5,7.5,0,1184.0,75.0,1,1
1184.0,J3,120,36.93,0.66,12.0,22.5,3,7.5,15.0,0,1184.0,7.5,0,1
1184.0,J1,120,36.93,0.66,12.0,7.5,1,0.0,7.5,0,1184.0,37.5,1,1
1185.0,J2,118,37.54,0.72,13.0,45.0,6,37.5,7.5,0,1185.0,82.5,1,1
1185.0,J3,118,37.54,0.72,13.0,30.0,4,7.5,22.5,0,1185.0,15.0,0,1
1185.0,J1,118,37.54,0.72,13.0,7.5,1,0.0,7.5,0,1185.0,37.5,1,1
1186.0,J2,118,37.92,0.81,14.0,45.0,6,37.5,7.5,0,1186.0,52.5,1,1
1186.0,J3,118,37.92,0.81,14.0,30.0,4,7.5,22.5,0,1186.0,0.0,0,1
1186.0,J1,118,37.92,0.81,14.0,7.5,1,0.0,7.5,0,1186.0,7.5,0,1
1187.0,J2,119,38.16,0.9,15.0,45.0,6,52.5,-7.5,0,1187.0,52.5,1,1
1187.0,J3,119,38.16,0.9,15.0,30.0,4,15.0,15.0,0,1187.0,0.0,0,1
1187.0,J1,119,38.16,0.9,15.0,7.5,1,0.0,7.5,0,1187.0,0.0,0,1
1188.0,J2,121,38.57,0.98,16.0,52.5,7,45.0,7.5,0,1188.0,52.5,1,1
1188.0,J3,121,38.57,0.98,16.0,30.0,4,15.0,15.0,0,1188.0,0.0,0,1
1188.0,J1,121,38.57,0.98,16.0,7.5,1,7.5,0.0,0,1188.0,7.5,0,1
1189.0,J2,120,38.61,1.09,17.0,52.5,7,45.0,7.5,0,1189.0,45.0,1,1
1189.0,J3,120,38.61,1.09,17.0,30.0,4,22.5,7.5,0,1189.0,0.0,0,1
1189.0,J1,120,38.61,1.09,17.0,7.5,1,7.5,0.0,0,1189.0,37.5,1,1
1190.0,J2,121,38.83,1.18,18.0,52.5,7,45.0,7.5,0,1190.0,82.5,1,1
1190.0,J3,121,38.83,1.18,18.0,30.0,4,30.0,0.0,0,1190.0,0.0,0,1
1190.0,J1,121,38.83,1.18,18.0,7.5,1,7.5,0.0,0,1190.0,52.5,1,1
1191.0,J2,121,38.76,1.28,19.0,52.5,7,45.0,7.5,0,1191.0,105.0,1,1
1191.0,J3,121,38.76,1.28,19.0,30.0,4,30.0,0.0,0,1191.0,0.0,0,1
1191.0,J1,121,38.76,1.28,19.0,7.5,1,7.5,0.0,0,1191.0,67.5,1,1
1192.0,J2,121,38.96,1.38,20.0,52.5,7,45.0,7.5,0,1192.0,112.5,1,1
1192.0,J3,121,38.96,1.38,20.0,30.0,4,30.0,0.0,0,1192.0,15.0,0,1
1192.0,J1,121,38.96,1.38,20.0,7.5,1,7.5,0.0,0,1192.0,90.0,1,1
1193.0,J2,121,39.14,1.48,21.0,52.5,7,52.5,0.0,0,1193.0,120.0,1,1
1193.0,J3,121,39.14,1.48,21.0,30.0,4,30.0,0.0,0,1193.0,22.5,0,1
1193.0,J1,121,39.14,1.48,21.0,7.5,1,7.5,0.0,0,1193.0,90.0,1,1
1194.0,J2,120,38.97,1.59,22.0,52.5,7,52.5,0.0,0,1194.0,135.0,1,1
1194.0,J3,120,38.97,1.59,22.0,30.0,4,30.0,0.0,0,1194.0,22.5,0,1
1194.0,J1,120,38.97,1.59,22.0,7.5,1,7.5,0.0,0,1194.0,97.5,1,1
1195.0,J2,121,38.87,1.68,23.0,52.5,7,52.5,0.0,0,1195.0,135.0,1,1
1195.0,J3,121,38.87,1.68,23.0,30.0,4,30.0,0.0,0,1195.0,30.0,0,1
1195.0,J1,121,38.87,1.68,23.0,7.5,1,7.5,0.0,0,1195.0,112.5,1,1
1196.0,J2,124,38.9,1.74,24.0,52.5,7,52.5,0.0,0,1196.0,135.0,1,1
1196.0,J3,124,38.9,1.74,24.0,30.0,4,30.0,0.0,0,1196.0,30.0,0,1
1196.0,J1,124,38.9,1.74,24.0,15.0,2,7.5,7.5,0,1196.0,120.0,1,1
1197.0,J2,124,38.72,1.85,25.0,52.5,7,52.5,0.0,0,1197.0,135.0,1,1
1197.0,J3,124,38.72,1.85,25.0,30.0,4,30.0,0.0,0,1197.0,37.5,1,1
1197.0,J1,124,38.72,1.85,25.0,15.0,2,7.5,7.5,0,1197.0,120.0,1,1
1198.0,J2,125,38.93,1.94,26.0,52.5,7,52.5,0.0,0,1198.0,150.0,1,1
1198.0,J3,125,38.93,1.94,26.0,30.0,4,30.0,0.0,0,1198.0,37.5,1,1
1198.0,J1,125,38.93,1.94,26.0,15.0,2,7.5,7.5,0,1198.0,127.5,1,1
1199.0,J2,125,39.07,2.04,27.0,52.5,7,52.5,0.0,0,1199.0,157.5,1,1
1199.0,J3,125,39.07,2.04,27.0,30.0,4,30.0,0.0,0,1199.0,45.0,1,1
1199.0,J1,125,39.07,2.04,27.0,15.0,2,7.5,7.5,0,1199.0,127.5,1,1
1200.0,J2,126,39.09,2.13,28.0,52.5,7,52.5,0.0,0,1200.0,165.0,1,1
1200.0,J3,126,39.09,2.13,28.0,30.0,4,30.0,0.0,0,1200.0,52.5,1,1
1200.0,J1,126,39.09,2.13,28.0,15.0,2,7.5,7.5,0,1200.0,135.0,1,1
1201.0,J2,126,39.19,2.23,29.0,52.5,7,52.5,0.0,0,1201.0,165.0,1,1
1201.0,J3,126,39.19,2.23,29.0,30.0,4,30.0,0.0,0,1201.0,52.5,1,1
1201.0,J1,126,39.19,2.23,29.0,15.0,2,15.0,0.0,0,1201.0,150.0,1,1
1202.0,J2,125,38.88,2.35,30.0,52.5,7,52.5,0.0,0,1202.0,165.0,1,1
1202.0,J3,125,38.88,2.35,30.0,30.0,4,30.0,0.0,0,1202.0,52.5,1,1
1202.0,J1,125,38.88,2.35,30.0,15.0,2,15.0,0.0,0,1202.0,150.0,1,1
1203.0,J2,124,38.89,2.48,31.0,52.5,7,52.5,0.0,0,1203.0,165.0,1,1
1203.0,J3,124,38.89,2.48,31.0,30.0,4,30.0,0.0,0,1203.0,52.5,1,1
1203.0,J1,124,38.89,2.48,31.0,15.0,2,15.0,0.0,0,1203.0,150.0,1,1
1204.0,J2,124,38.98,2.58,32.0,52.5,7,52.5,0.0,0,1204.0,165.0,1,1
1204.0,J3,124,38.98,2.58,32.0,30.0,4,30.0,0.0,0,1204.0,52.5,1,1
1204.0,J1,124,38.98,2.58,32.0,15.0,2,15.0,0.0,0,1204.0,150.0,1,1
1205.0,J2,125,38.71,2.66,33.0,52.5,7,52.5,0.0,0,1205.0,172.5,1,1
1205.0,J3,125,38.71,2.66,33.0,30.0,4,30.0,0.0,0,1205.0,52.5,1,1
1205.0,J1,125,38.71,2.66,33.0,15.0,2,15.0,0.0,0,1205.0,150.0,1,1
1206.0,J2,125,38.52,2.77,34.0,52.5,7,52.5,0.0,0,1206.0,180.0,1,1
1206.0,J3,125,38.52,2.77,34.0,30.0,4,30.0,0.0,0,1206.0,52.5,1,1
1206.0,J1,125,38.52,2.77,34.0,15.0,2,15.0,0.0,0,1206.0,157.5,1,1
1207.0,J2,125,38.54,2.88,35.0,52.5,7,52.5,0.0,0,1207.0,180.0,1,1
1207.0,J3,125,38.54,2.88,35.0,30.0,4,30.0,0.0,0,1207.0,52.5,1,1
1207.0,J1,125,38.54,2.88,35.0,22.5,3,15.0,7.5,0,1207.0,165.0,1,1
1208.0,J2,125,38.53,2.99,36.0,52.5,7,52.5,0.0,0,1208.0,180.0,1,1
1208.0,J3,125,38.53,2.99,36.0,30.0,4,30.0,0.0,0,1208.0,52.5,1,1
1208.0,J1,125,38.53,2.99,36.0,22.5,3,15.0,7.5,0,1208.0,165.0,1,1
1209.0,J2,127,38.83,3.06,37.0,52.5,7,52.5,0.0,0,1209.0,180.0,1,1
1209.0,J3,127,38.83,3.06,37.0,30.0,4,30.0,0.0,0,1209.0,52.5,1,1
1209.0,J1,127,38.83,3.06,37.0,22.5,3,15.0,7.5,0,1209.0,172.5,1,1
1210.0,J2,128,38.49,3.15,38.0,60.0,8,52.5,7.5,0,1210.0,180.0,1,1
1210.0,J3,128,38.49,3.15,38.0,30.0,4,30.0,0.0,0,1210.0,52.5,1,1
1210.0,J1,128,38.49,3.15,38.0,22.5,3,15.0,7.5,0,1210.0,172.5,1,1
1211.0,J2,129,38.53,3.24,39.0,60.0,8,52.5,7.5,0,1211.0,180.0,1,1
1211.0,J3,129,38.53,3.24,39.0,30.0,4,30.0,0.0,0,1211.0,52.5,1,1
1211.0,J1,129,38.53,3.24,39.0,22.5,3,15.0,7.5,0,1211.0,172.5,1,1
1212.0,J2,128,38.68,3.38,40.0,60.0,8,52.5,7.5,0,1212.0,180.0,1,1
1212.0,J3,128,38.68,3.38,40.0,30.0,4,30.0,0.0,0,1212.0,52.5,1,1
1212.0,J1,128,38.68,3.38,40.0,22.5,3,22.5,0.0,0,1212.0,172.5,1,1
1213.0,J2,129,38.7,3.47,41.0,60.0,8,52.5,7.5,1,1213.0,180.0,1,1
1213.0,J3,129,38.7,3.47,41.0,30.0,4,30.0,0.0,1,1213.0,52.5,1,1
1213.0,J1,129,38.7,3.47,41.0,22.5,3,22.5,0.0,1,1213.0,172.5,1,1
1214.0,J2,129,37.87,3.59,42.0,60.0,8,52.5,7.5,1,1214.0,180.0,1,1
1214.0,J3,129,37.87,3.59,42.0,30.0,4,30.0,0.0,1,1214.0,52.5,1,1
1214.0,J1,129,37.87,3.59,42.0,22.5,3,22.5,0.0,1,1214.0,172.5,1,1
1215.0,J2,126,36.93,3.79,43.0,60.0,8,60.0,0.0,1,1215.0,180.0,1,1
1215.0,J3,126,36.93,3.79,43.0,30.0,4,30.0,0.0,1,1215.0,52.5,1,1
1215.0,J1,126,36.93,3.79,43.0,22.5,3,22.5,0.0,1,1215.0,172.5,1,1
1216.0,J2,126,36.51,0.96,40.0,30.0,4,60.0,-30.0,2,1216.0,195.0,1,1
1216.0,J3,126,36.51,0.96,40.0,0.0,0,30.0,-30.0,2,1216.0,52.5,1,1
1216.0,J1,126,36.51,0.96,40.0,7.5,1,22.5,-15.0,2,1216.0,172.5,1,1
1217.0,J2,122,35.85,0.08,8.0,15.0,2,60.0,-45.0,2,1217.0,195.0,1,1
1217.0,J3,122,35.85,0.08,8.0,7.5,1,30.0,-22.5,2,1217.0,52.5,1,1
1217.0,J1,122,35.85,0.08,8.0,0.0,0,22.5,-22.5,2,1217.0,180.0,1,1
1218.0,J2,123,35.94,0.06,2.0,22.5,3,60.0,-37.5,2,1218.0,195.0,1,1
1218.0,J3,123,35.94,0.06,2.0,7.5,1,30.0,-22.5,2,1218.0,52.5,1,1
1218.0,J1,123,35.94,0.06,2.0,7.5,1,22.5,-15.0,2,1218.0,180.0,1,1
1219.0,J2,122,35.38,0.11,3.0,30.0,4,60.0,-30.0,2,1219.0,195.0,1,1
1219.0,J3,122,35.38,0.11,3.0,15.0,2,30.0,-15.0,2,1219.0,52.5,1,1
1219.0,J1,122,35.38,0.11,3.0,7.5,1,22.5,-15.0,2,1219.0,180.0,1,1
1220.0,J2,121,35.45,0.19,4.0,30.0,4,60.0,-30.0,2,1220.0,195.0,1,1
1220.0,J3,121,35.45,0.19,4.0,30.0,4,30.0,0.0,2,1220.0,67.5,1,1
1220.0,J1,121,35.45,0.19,4.0,7.5,1,22.5,-15.0,2,1220.0,180.0,1,1
1221.0,J2,121,35.91,0.31,5.0,52.5,7,30.0,22.5,2,1221.0,195.0,1,1
1221.0,J3,121,35.91,0.31,5.0,37.5,5,0.0,37.5,2,1221.0,67.5,1,1
1221.0,J1,121,35.91,0.31,5.0,15.0,2,7.5,7.5,2,1221.0,187.5,1,1
1222.0,J2,117,35.57,0.46,6.0,60.0,8,15.0,45.0,2,1222.0,195.0,1,1
1222.0,J3,117,35.57,0.46,6.0,45.0,6,7.5,37.5,2,1222.0,75.0,1,1
1222.0,J1,117,35.57,0.46,6.0,22.5,3,0.0,22.5,2,1222.0,195.0,1,1
1223.0,J2,117,35.28,0.62,7.0,60.0,8,22.5,37.5,2,1223.0,195.0,1,1
1223.0,J3,117,35.28,0.62,7.0,52.5,7,7.5,45.0,2,1223.0,75.0,1,1
1223.0,J1,117,35.28,0.62,7.0,30.0,4,7.5,22.5,2,1223.0,195.0,1,1
1224.0,J2,115,34.24,0.8,8.0,60.0,8,30.0,30.0,2,1224.0,195.0,1,1
1224.0,J3,115,34.24,0.8,8.0,52.5,7,15.0,37.5,2,1224.0,67.5,1,1
1224.0,J1,115,34.24,0.8,8.0,30.0,4,7.5,22.5,2,1224.0,195.0,1,1
1225.0,J2,114,33.55,0.98,9.0,67.5,9,30.0,37.5,2,1225.0,195.0,1,1
1225.0,J3,114,33.55,0.98,9.0,52.5,7,30.0,22.5,2,1225.0,67.5,1,1
1225.0,J1,114,33.55,0.98,9.0,30.0,4,7.5,22.5,2,1225.0,195.0,1,1
1226.0,J2,111,32.26,1.23,10.0,67.5,9,52.5,15.0,2,1226.0,195.0,1,1
1226.0,J3,111,32.26,1.23,10.0,67.5,9,37.5,30.0,2,1226.0,75.0,1,1
1226.0,J1,111,32.26,1.23,10.0,45.0,6,15.0,30.0,2,1226.0,195.0,1,1
1227.0,J2,110,31.54,1.47,11.0,67.5,9,60.0,7.5,2,1227.0,195.0,1,1
1227.0,J3,110,31.54,1.47,11.0,75.0,10,45.0,30.0,2,1227.0,75.0,1,1
1227.0,J1,110,31.54,1.47,11.0,52.5,7,22.5,30.0,2,1227.0,195.0,1,1
1228.0,J2,108,30.92,1.77,12.0,82.5,11,60.0,22.5,2,1228.0,195.0,1,1
1228.0,J3,108,30.92,1.77,12.0,82.5,11,52.5,30.0,2,1228.0,75.0,1,1
1228.0,J1,108,30.92,1.77,12.0,52.5,7,30.0,22.5,2,1228.0,195.0,1,1
1229.0,J2,109,30.95,2.04,13.0,90.0,12,60.0,30.0,2,1229.0,195.0,1,1
1229.0,J3,109,30.95,2.04,13.0,82.5,11,52.5,30.0,2,1229.0,75.0,1,1
1229.0,J1,109,30.95,2.04,13.0,60.0,8,30.0,30.0,2,1229.0,195.0,1,1
1230.0,J2,107,30.09,2.37,14.0,90.0,12,67.5,22.5,2,1230.0,202.5,1,1
1230.0,J3,107,30.09,2.37,14.0,90.0,12,52.5,37.5,2,1230.0,82.5,1,1
1230.0,J1,107,30.09,2.37,14.0,60.0,8,30.0,30.0,2,1230.0,195.0,1,1
1231.0,J2,108,29.26,2.66,15.0,97.5,13,67.5,30.0,2,1231.0,157.5,1,1
1231.0,J3,108,29.26,2.66,15.0,90.0,12,67.5,22.5,2,1231.0,45.0,1,1
1231.0,J1,108,29.26,2.66,15.0,60.0,8,45.0,15.0,2,1231.0,150.0,1,1
1232.0,J2,109,28.62,2.95,16.0,105.0,14,67.5,37.5,2,1232.0,112.5,1,1
1232.0,J3,109,28.62,2.95,16.0,97.5,13,75.0,22.5,2,1232.0,22.5,0,1
1232.0,J1,109,28.62,2.95,16.0,60.0,8,52.5,7.5,2,1232.0,127.5,1,1
1233.0,J2,109,27.62,3.28,17.0,105.0,14,82.5,22.5,2,1233.0,67.5,1,1
1233.0,J3,109,27.62,3.28,17.0,97.5,13,82.5,15.0,2,1233.0,0.0,0,1
1233.0,J1,109,27.62,3.28,17.0,67.5,9,52.5,15.0,2,1233.0,82.5,1,1
1234.0,J2,109,26.91,3.62,18.0,112.5,15,90.0,22.5,2,1234.0,30.0,0,1
1234.0,J3,109,26.91,3.62,18.0,97.5,13,82.5,15.0,2,1234.0,0.0,0,1
1234.0,J1,109,26.91,3.62,18.0,67.5,9,60.0,7.5,2,1234.0,37.5,1,1
1235.0,J2,112,27.03,3.86,19.0,120.0,16,90.0,30.0,2,1235.0,7.5,0,1
1235.0,J3,112,27.03,3.86,19.0,112.5,15,90.0,22.5,2,1235.0,0.0,0,1
1235.0,J1,112,27.03,3.86,19.0,60.0,8,60.0,0.0,2,1235.0,7.5,0,1
1236.0,J2,111,26.37,4.28,20.0,120.0,16,97.5,22.5,2,1236.0,0.0,0,1
1236.0,J3,111,26.37,4.28,20.0,112.5,15,90.0,22.5,2,1236.0,0.0,0,1
1236.0,J1,111,26.37,4.28,20.0,90.0,12,60.0,30.0,2,1236.0,15.0,0,1
1237.0,J2,110,26.17,4.71,21.0,120.0,16,105.0,15.0,2,1237.0,0.0,0,1
1237.0,J3,110,26.17,4.71,21.0,112.5,15,97.5,15.0,2,1237.0,0.0,0,1
1237.0,J1,110,26.17,4.71,21.0,90.0,12,60.0,30.0,2,1237.0,15.0,0,1
1238.0,J2,108,26.03,5.19,22.0,120.0,16,105.0,15.0,2,1238.0,0.0,0,1
1238.0,J3,108,26.03,5.19,22.0,112.5,15,97.5,15.0,2,1238.0,0.0,0,1
1238.0,J1,108,26.03,5.19,22.0,90.0,12,67.5,22.5,2,1238.0,15.0,0,1
1239.0,J2,109,26.06,5.55,23.0,127.5,17,112.5,15.0,2,1239.0,0.0,0,1
1239.0,J3,109,26.06,5.55,23.0,112.5,15,97.5,15.0,2,1239.0,0.0,0,1
1239.0,J1,109,26.06,5.55,23.0,90.0,12,67.5,22.5,2,1239.0,15.0,0,1
1240.0,J2,109,25.69,5.95,24.0,127.5,17,120.0,7.5,2,1240.0,7.5,0,1
1240.0,J3,109,25.69,5.95,24.0,112.5,15,112.5,0.0,2,1240.0,0.0,0,1
1240.0,J1,109,25.69,5.95,24.0,90.0,12,60.0,30.0,2,1240.0,15.0,0,1
1241.0,J2,109,25.62,6.39,25.0,135.0,18,120.0,15.0,2,1241.0,7.5,0,1
1241.0,J3,109,25.62,6.39,25.0,120.0,16,112.5,7.5,2,1241.0,0.0,0,1
1241.0,J1,109,25.62,6.39,25.0,97.5,13,90.0,7.5,2,1241.0,15.0,0,1
1242.0,J2,110,25.7,6.75,26.0,135.0,18,120.0,15.0,2,1242.0,15.0,0,1
1242.0,J3,110,25.7,6.75,26.0,120.0,16,112.5,7.5,2,1242.0,0.0,0,1
1242.0,J1,110,25.7,6.75,26.0,97.5,13,90.0,7.5,2,1242.0,22.5,0,1
1243.0,J2,110,25.62,7.18,27.0,135.0,18,120.0,15.0,2,1243.0,22.5,0,1
1243.0,J3,110,25.62,7.18,27.0,120.0,16,112.5,7.5,2,1243.0,0.0,0,1
1243.0,J1,110,25.62,7.18,27.0,97.5,13,90.0,7.5,2,1243.0,22.5,0,1
1244.0,J2,110,25.73,7.61,28.0,135.0,18,127.5,7.5,2,1244.0,22.5,0,1
1244.0,J3,110,25.73,7.61,28.0,120.0,16,112.5,7.5,2,1244.0,0.0,0,1
1244.0,J1,110,25.73,7.61,28.0,97.5,13,90.0,7.5,2,1244.0,22.5,0,1
1245.0,J2,111,25.52,7.96,29.0,135.0,18,127.5,7.5,2,1245.0,15.0,0,1
1245.0,J3,111,25.52,7.96,29.0,120.0,16,112.5,7.5,2,1245.0,0.0,0,1
1245.0,J1,111,25.52,7.96,29.0,97.5,13,90.0,7.5,2,1245.0,22.5,0,1
1246.0,J2,112,25.13,8.31,30.0,135.0,18,135.0,0.0,2,1246.0,7.5,0,1
1246.0,J3,112,25.13,8.31,30.0,120.0,16,120.0,0.0,2,1246.0,0.0,0,1
1246.0,J1,112,25.13,8.31,30.0,97.5,13,97.5,0.0,2,1246.0,22.5,0,1
1247.0,J2,114,24.97,8.58,31.0,135.0,18,135.0,0.0,2,1247.0,7.5,0,1
1247.0,J3,114,24.97,8.58,31.0,120.0,16,120.0,0.0,2,1247.0,0.0,0,1
1247.0,J1,114,24.97,8.58,31.0,97.5,13,97.5,0.0,2,1247.0,22.5,0,1
1248.0,J2,115,24.48,8.92,32.0,142.5,19,135.0,7.5,2,1248.0,7.5,0,1
1248.0,J3,115,24.48,8.92,32.0,120.0,16,120.0,0.0,2,1248.0,0.0,0,1
1248.0,J1,115,24.48,8.92,32.0,97.5,13,97.5,0.0,2,1248.0,22.5,0,1
1249.0,J2,113,23.46,9.51,33.0,142.5,19,135.0,7.5,2,1249.0,7.5,0,1
1249.0,J3,113,23.46,9.51,33.0,127.5,17,120.0,7.5,2,1249.0,0.0,0,1
1249.0,J1,113,23.46,9.51,33.0,97.5,13,97.5,0.0,2,1249.0,22.5,0,1
1250.0,J2,113,23.02,9.96,34.0,142.5,19,135.0,7.5,2,1250.0,7.5,0,1
1250.0,J3,113,23.02,9.96,34.0,135.0,18,120.0,15.0,2,1250.0,0.0,0,1
1250.0,J1,113,23.02,9.96,34.0,97.5,13,97.5,0.0,2,1250.0,22.5,0,1
1251.0,J2,113,22.6,10.4,35.0,142.5,19,135.0,7.5,2,1251.0,15.0,0,1
1251.0,J3,113,22.6,10.4,35.0,135.0,18,120.0,15.0,2,1251.0,0.0,0,1
1251.0,J1,113,22.6,10.4,35.0,97.5,13,97.5,0.0,2,1251.0,22.5,0,1
1252.0,J2,113,22.47,10.85,36.0,142.5,19,135.0,7.5,2,1252.0,15.0,0,1
1252.0,J3,113,22.47,10.85,36.0,142.5,19,120.0,22.5,2,1252.0,0.0,0,1
1252.0,J1,113,22.47,10.85,36.0,97.5,13,97.5,0.0,2,1252.0,22.5,0,1
1253.0,J2,113,21.97,11.33,37.0,142.5,19,142.5,0.0,2,1253.0,15.0,0,1
1253.0,J3,113,21.97,11.33,37.0,150.0,20,120.0,30.0,2,1253.0,0.0,0,1
1253.0,J1,113,21.97,11.33,37.0,112.5,15,97.5,15.0,2,1253.0,22.5,0,1
1254.0,J2,114,22.19,11.71,38.0,142.5,19,142.5,0.0,2,1254.0,15.0,0,1
1254.0,J3,114,22.19,11.71,38.0,150.0,20,127.5,22.5,2,1254.0,0.0,0,1
1254.0,J1,114,22.19,11.71,38.0,120.0,16,97.5,22.5,2,1254.0,22.5,0,1
1255.0,J2,114,21.91,12.21,39.0,142.5,19,142.5,0.0,2,1255.0,15.0,0,1
1255.0,J3,114,21.91,12.21,39.0,157.5,21,135.0,22.5,2,1255.0,0.0,0,1
1255.0,J1,114,21.91,12.21,39.0,127.5,17,97.5,30.0,2,1255.0,22.5,0,1
1256.0,J2,114,21.46,12.72,40.0,150.0,20,142.5,7.5,2,1256.0,15.0,0,1
1256.0,J3,114,21.46,12.72,40.0,157.5,21,135.0,22.5,2,1256.0,0.0,0,1
1256.0,J1,114,21.46,12.72,40.0,127.5,17,97.5,30.0,2,1256.0,22.5,0,1
1257.0,J2,109,20.21,13.83,41.0,150.0,20,142.5,7.5,2,1257.0,15.0,0,1
1257.0,J3,109,20.21,13.83,41.0,157.5,21,142.5,15.0,2,1257.0,0.0,0,1
1257.0,J1,109,20.21,13.83,41.0,127.5,17,97.5,30.0,2,1257.0,22.5,0,1
1258.0,J2,108,19.8,14.51,42.0,150.0,20,142.5,7.5,3,1258.0,15.0,0,1
1258.0,J3,108,19.8,14.51,42.0,157.5,21,150.0,7.5,3,1258.0,0.0,0,1
1258.0,J1,108,19.8,14.51,42.0,135.0,18,112.5,22.5,3,1258.0,22.5,0,1
1259.0,J2,108,19.7,15.06,43.0,150.0,20,142.5,7.5,3,1259.0,15.0,0,1
1259.0,J3,108,19.7,15.06,43.0,157.5,21,150.0,7.5,3,1259.0,0.0,0,1
1259.0,J1,108,19.7,15.06,43.0,135.0,18,120.0,15.0,3,1259.0,22.5,0,1
1260.0,J2,105,18.77,16.05,44.0,150.0,20,142.5,7.5,3,1260.0,15.0,0,1
1260.0,J3,105,18.77,16.05,44.0,157.5,21,157.5,0.0,3,1260.0,0.0,0,1
1260.0,J1,105,18.77,16.05,44.0,135.0,18,127.5,7.5,3,1260.0,22.5,0,1
1261.0,J2,103,19.28,10.11,42.0,105.0,14,150.0,-45.0,0,1261.0,15.0,0,1
1261.0,J3,103,19.28,10.11,42.0,120.0,16,157.5,-37.5,0,1261.0,0.0,0,1
1261.0,J1,103,19.28,10.11,42.0,90.0,12,127.5,-37.5,0,1261.0,22.5,0,1
1262.0,J2,102,20.78,5.28,40.0,75.0,10,150.0,-75.0,0,1262.0,15.0,0,1
1262.0,J3,102,20.78,5.28,40.0,75.0,10,157.5,-82.5,0,1262.0,0.0,0,1
1262.0,J1,102,20.78,5.28,40.0,45.0,6,127.5,-82.5,0,1262.0,22.5,0,1
1263.0,J2,102,23.3,2.46,38.0,45.0,6,150.0,-105.0,0,1263.0,15.0,0,1
1263.0,J3,102,23.3,2.46,38.0,45.0,6,157.5,-112.5,0,1263.0,0.0,0,1
1263.0,J1,102,23.3,2.46,38.0,7.5,1,135.0,-127.5,0,1263.0,22.5,0,1
1264.0,J2,102,25.93,0.77,24.0,22.5,3,150.0,-127.5,0,1264.0,15.0,0,1
1264.0,J3,102,25.93,0.77,24.0,22.5,3,157.5,-135.0,0,1264.0,0.0,0,1
1264.0,J1,102,25.93,0.77,24.0,0.0,0,135.0,-135.0,0,1264.0,22.5,0,1
1265.0,J2,102,28.85,0.07,4.0,7.5,1,150.0,-142.5,0,1265.0,15.0,0,1
1265.0,J3,102,28.85,0.07,4.0,0.0,0,157.5,-157.5,0,1265.0,0.0,0,1
1265.0,J1,102,28.85,0.07,4.0,0.0,0,135.0,-135.0,0,1265.0,22.5,0,1
1266.0,J2,101,31.91,0.09,5.0,7.5,1,105.0,-97.5,0,1266.0,15.0,0,1
1266.0,J3,101,31.91,0.09,5.0,0.0,0,120.0,-120.0,0,1266.0,0.0,0,1
1266.0,J1,101,31.91,0.09,5.0,0.0,0,90.0,-90.0,0,1266.0,22.5,0,1
1267.0,J2,101,34.52,0.12,6.0,7.5,1,75.0,-67.5,0,1267.0,15.0,0,1
1267.0,J3,101,34.52,0.12,6.0,0.0,0,75.0,-75.0,0,1267.0,0.0,0,1
1267.0,J1,101,34.52,0.12,6.0,7.5,1,45.0,-37.5,0,1267.0,22.5,0,1
1268.0,J2,100,36.45,0.15,7.0,7.5,1,45.0,-37.5,0,1268.0,15.0,0,1
1268.0,J3,100,36.45,0.15,7.0,0.0,0,45.0,-45.0,0,1268.0,0.0,0,1
1268.0,J1,100,36.45,0.15,7.0,7.5,1,7.5,0.0,0,1268.0,22.5,0,1
1269.0,J2,100,37.39,0.18,8.0,7.5,1,22.5,-15.0,0,1269.0,15.0,0,1
1269.0,J3,100,37.39,0.18,8.0,0.0,0,22.5,-22.5,0,1269.0,0.0,0,1
1269.0,J1,100,37.39,0.18,8.0,7.5,1,0.0,7.5,0,1269.0,22.5,0,1
1270.0,J2,101,38.72,0.22,9.0,7.5,1,7.5,0.0,0,1270.0,15.0,0,1
1270.0,J3,101,38.72,0.22,9.0,0.0,0,0.0,0.0,0,1270.0,0.0,0,1
1270.0,J1,101,38.72,0.22,9.0,15.0,2,0.0,15.0,0,1270.0,22.5,0,1
1271.0,J2,102,39.23,0.26,10.0,7.5,1,7.5,0.0,0,1271.0,15.0,0,1
1271.0,J3,102,39.23,0.26,10.0,0.0,0,0.0,0.0,0,1271.0,0.0,0,1
1271.0,J1,102,39.23,0.26,10.0,22.5,3,0.0,22.5,0,1271.0,22.5,0,1
1272.0,J2,102,39.79,0.32,11.0,15.0,2,7.5,7.5,0,1272.0,15.0,0,1
1272.0,J3,102,39.79,0.32,11.0,0.0,0,0.0,0.0,0,1272.0,0.0,0,1
1272.0,J1,102,39.79,0.32,11.0,22.5,3,7.5,15.0,0,1272.0,22.5,0,1
1273.0,J2,103,40.37,0.38,12.0,15.0,2,7.5,7.5,0,1273.0,15.0,0,1
1273.0,J3,103,40.37,0.38,12.0,0.0,0,0.0,0.0,0,1273.0,0.0,0,1
1273.0,J1,103,40.37,0.38,12.0,22.5,3,7.5,15.0,0,1273.0,22.5,0,1
1274.0,J2,103,40.46,0.45,13.0,15.0,2,7.5,7.5,0,1274.0,15.0,0,1
1274.0,J3,103,40.46,0.45,13.0,0.0,0,0.0,0.0,0,1274.0,0.0,0,1
1274.0,J1,103,40.46,0.45,13.0,30.0,4,7.5,22.5,0,1274.0,22.5,0,1
1275.0,J2,103,40.55,0.52,14.0,22.5,3,7.5,15.0,0,1275.0,15.0,0,1
1275.0,J3,103,40.55,0.52,14.0,0.0,0,0.0,0.0,0,1275.0,0.0,0,1
1275.0,J1,103,40.55,0.52,14.0,30.0,4,15.0,15.0,0,1275.0,22.5,0,1
1276.0,J2,105,40.71,0.46,15.0,22.5,3,7.5,15.0,0,1276.0,0.0,0,1
1276.0,J3,105,40.71,0.46,15.0,0.0,0,0.0,0.0,0,1276.0,7.5,0,1
1276.0,J1,105,40.71,0.46,15.0,30.0,4,22.5,7.5,0,1276.0,0.0,0,1
1277.0,J2,106,40.68,0.53,16.0,22.5,3,15.0,7.5,0,1277.0,7.5,0,1
1277.0,J3,106,40.68,0.53,16.0,0.0,0,0.0,0.0,0,1277.0,15.0,0,1
1277.0,J1,106,40.68,0.53,16.0,37.5,5,22.5,15.0,0,1277.0,7.5,0,1
1278.0,J2,106,40.51,0.6,17.0,22.5,3,15.0,7.5,0,1278.0,7.5,0,1
1278.0,J3,106,40.51,0.6,17.0,0.0,0,0.0,0.0,0,1278.0,30.0,0,1
1278.0,J1,106,40.51,0.6,17.0,37.5,5,22.5,15.0,0,1278.0,15.0,0,1
1279.0,J2,108,40.51,0.67,18.0,22.5,3,15.0,7.5,0,1279.0,7.5,0,1
1279.0,J3,108,40.51,0.67,18.0,0.0,0,0.0,0.0,0,1279.0,37.5,1,1
1279.0,J1,108,40.51,0.67,18.0,37.5,5,30.0,7.5,0,1279.0,30.0,0,1
1280.0,J2,109,40.47,0.73,19.0,22.5,3,22.5,0.0,0,1280.0,7.5,0,1
1280.0,J3,109,40.47,0.73,19.0,0.0,0,0.0,0.0,0,1280.0,37.5,1,1
1280.0,J1,109,40.47,0.73,19.0,37.5,5,30.0,7.5,0,1280.0,37.5,1,1
1281.0,J2,110,40.14,0.81,20.0,22.5,3,22.5,0.0,0,1281.0,7.5,0,1
1281.0,J3,110,40.14,0.81,20.0,7.5,1,0.0,7.5,0,1281.0,45.0,1,1
1281.0,J1,110,40.14,0.81,20.0,37.5,5,30.0,7.5,0,1281.0,45.0,1,1
1282.0,J2,111,39.74,0.88,21.0,22.5,3,22.5,0.0,0,1282.0,7.5,0,1
1282.0,J3,111,39.74,0.88,21.0,7.5,1,0.0,7.5,0,1282.0,52.5,1,1
1282.0,J1,111,39.74,0.88,21.0,37.5,5,37.5,0.0,0,1282.0,52.5,1,1
1283.0,J2,110,39.53,0.97,22.0,22.5,3,22.5,0.0,0,1283.0,30.0,0,1
1283.0,J3,110,39.53,0.97,22.0,7.5,1,0.0,7.5,0,1283.0,52.5,1,1
1283.0,J1,110,39.53,0.97,22.0,37.5,5,37.5,0.0,0,1283.0,60.0,1,1
1284.0,J2,110,39.26,1.06,23.0,22.5,3,22.5,0.0,0,1284.0,37.5,1,1
1284.0,J3,110,39.26,1.06,23.0,15.0,2,0.0,15.0,0,1284.0,60.0,1,1
1284.0,J1,110,39.26,1.06,23.0,37.5,5,37.5,0.0,0,1284.0,60.0,1,1
1285.0,J2,111,39.5,1.14,24.0,22.5,3,22.5,0.0,0,1285.0,37.5,1,1
1285.0,J3,111,39.5,1.14,24.0,15.0,2,0.0,15.0,0,1285.0,60.0,1,1
1285.0,J1,111,39.5,1.14,24.0,37.5,5,37.5,0.0,0,1285.0,60.0,1,1
1286.0,J2,110,39.28,1.25,25.0,30.0,4,22.5,7.5,0,1286.0,45.0,1,1
1286.0,J3,110,39.28,1.25,25.0,15.0,2,7.5,7.5,0,1286.0,60.0,1,1
1286.0,J1,110,39.28,1.25,25.0,37.5,5,37.5,0.0,0,1286.0,60.0,1,1
1287.0,J2,109,39.01,1.38,26.0,37.5,5,22.5,15.0,0,1287.0,52.5,1,1
1287.0,J3,109,39.01,1.38,26.0,15.0,2,7.5,7.5,0,1287.0,60.0,1,1
1287.0,J1,109,39.01,1.38,26.0,37.5,5,37.5,0.0,0,1287.0,67.5,1,1
1288.0,J2,110,38.78,1.47,27.0,37.5,5,22.5,15.0,0,1288.0,60.0,1,1
1288.0,J3,110,38.78,1.47,27.0,15.0,2,7.5,7.5,0,1288.0,75.0,1,1
1288.0,J1,110,38.78,1.47,27.0,37.5,5,37.5,0.0,0,1288.0,67.5,1,1
1289.0,J2,111,38.41,1.57,28.0,37.5,5,22.5,15.0,0,1289.0,75.0,1,1
1289.0,J3,111,38.41,1.57,28.0,15.0,2,15.0,0.0,0,1289.0,75.0,1,1
1289.0,J1,111,38.41,1.57,28.0,37.5,5,37.5,0.0,0,1289.0,67.5,1,1
1290.0,J2,111,38.36,1.69,29.0,45.0,6,22.5,22.5,0,1290.0,75.0,1,1
1290.0,J3,111,38.36,1.69,29.0,15.0,2,15.0,0.0,0,1290.0,82.5,1,1
1290.0,J1,111,38.36,1.69,29.0,45.0,6,37.5,7.5,0,1290.0,67.5,1,1
1291.0,J2,113,38.43,1.79,30.0,45.0,6,30.0,15.0,0,1291.0,90.0,1,1
1291.0,J3,113,38.43,1.79,30.0,15.0,2,15.0,0.0,0,1291.0,90.0,1,1
1291.0,J1,113,38.43,1.79,30.0,45.0,6,37.5,7.5,0,1291.0,67.5,1,1
1292.0,J2,115,38.4,1.88,31.0,45.0,6,37.5,7.5,0,1292.0,90.0,1,1
1292.0,J3,115,38.4,1.88,31.0,15.0,2,15.0,0.0,0,1292.0,97.5,1,1
1292.0,J1,115,38.4,1.88,31.0,45.0,6,37.5,7.5,0,1292.0,67.5,1,1
1293.0,J2,117,38.39,1.97,32.0,45.0,6,37.5,7.5,0,1293.0,105.0,1,1
1293.0,J3,117,38.39,1.97,32.0,22.5,3,15.0,7.5,0,1293.0,97.5,1,1
1293.0,J1,117,38.39,1.97,32.0,45.0,6,37.5,7.5,0,1293.0,67.5,1,1
1294.0,J2,119,38.21,2.07,33.0,45.0,6,37.5,7.5,0,1294.0,120.0,1,1
1294.0,J3,119,38.21,2.07,33.0,22.5,3,15.0,7.5,0,1294.0,97.5,1,1
1294.0,J1,119,38.21,2.07,33.0,45.0,6,37.5,7.5,0,1294.0,67.5,1,1
1295.0,J2,119,37.82,2.19,34.0,45.0,6,45.0,0.0,0,1295.0,127.5,1,1
1295.0,J3,119,37.82,2.19,34.0,22.5,3,15.0,7.5,0,1295.0,105.0,1,1
1295.0,J1,119,37.82,2.19,34.0,45.0,6,45.0,0.0,0,1295.0,67.5,1,1
1296.0,J2,118,37.91,2.36,35.0,52.5,7,45.0,7.5,0,1296.0,127.5,1,1
1296.0,J3,118,37.91,2.36,35.0,22.5,3,15.0,7.5,0,1296.0,105.0,1,1
1296.0,J1,118,37.91,2.36,35.0,52.5,7,45.0,7.5,0,1296.0,67.5,1,1
1297.0,J2,118,37.86,2.5,36.0,52.5,7,45.0,7.5,0,1297.0,127.5,1,1
1297.0,J3,118,37.86,2.5,36.0,22.5,3,15.0,7.5,0,1297.0,105.0,1,1
1297.0,J1,118,37.86,2.5,36.0,52.5,7,45.0,7.5,0,1297.0,67.5,1,1
1298.0,J2,122,38.17,2.56,37.0,52.5,7,45.0,7.5,0,1298.0,135.0,1,1
1298.0,J3,122,38.17,2.56,37.0,22.5,3,22.5,0.0,0,1298.0,105.0,1,1
1298.0,J1,122,38.17,2.56,37.0,52.5,7,45.0,7.5,0,1298.0,67.5,1,1
1299.0,J2,122,38.26,2.7,38.0,52.5,7,45.0,7.5,0,1299.0,135.0,1,1
1299.0,J3,122,38.26,2.7,38.0,22.5,3,22.5,0.0,0,1299.0,105.0,1,1
1299.0,J1,122,38.26,2.7,38.0,52.5,7,45.0,7.5,0,1299.0,67.5,1,1
1300.0,J2,122,38.16,2.84,39.0,52.5,7,45.0,7.5,0,1300.0,135.0,1,1
1300.0,J3,122,38.16,2.84,39.0,22.5,3,22.5,0.0,0,1300.0,105.0,1,1
1300.0,J1,122,38.16,2.84,39.0,52.5,7,45.0,7.5,0,1300.0,67.5,1,1
1301.0,J2,121,38.11,3.0,40.0,52.5,7,52.5,0.0,0,1301.0,135.0,1,1
1301.0,J3,121,38.11,3.0,40.0,22.5,3,22.5,0.0,0,1301.0,105.0,1,1
1301.0,J1,121,38.11,3.0,40.0,52.5,7,52.5,0.0,0,1301.0,67.5,1,1
1302.0,J2,117,37.88,3.25,41.0,52.5,7,52.5,0.0,0,1302.0,135.0,1,1
1302.0,J3,117,37.88,3.25,41.0,22.5,3,22.5,0.0,0,1302.0,105.0,1,1
1302.0,J1,117,37.88,3.25,41.0,52.5,7,52.5,0.0,0,1302.0,67.5,1,1
1303.0,J2,117,37.19,3.39,42.0,52.5,7,52.5,0.0,1,1303.0,135.0,1,1
1303.0,J3,117,37.19,3.39,42.0,22.5,3,22.5,0.0,1,1303.0,105.0,1,1
1303.0,J1,117,37.19,3.39,42.0,52.5,7,52.5,0.0,1,1303.0,67.5,1,1
1304.0,J2,116,35.78,3.57,43.0,52.5,7,52.5,0.0,1,1304.0,135.0,1,1
1304.0,J3,116,35.78,3.57,43.0,22.5,3,22.5,0.0,1,1304.0,105.0,1,1
1304.0,J1,116,35.78,3.57,43.0,52.5,7,52.5,0.0,1,1304.0,67.5,1,1
1305.0,J2,116,34.08,3.72,44.0,52.5,7,52.5,0.0,1,1305.0,135.0,1,1
1305.0,J3,116,34.08,3.72,44.0,22.5,3,22.5,0.0,1,1305.0,105.0,1,1
1305.0,J1,116,34.08,3.72,44.0,52.5,7,52.5,0.0,1,1305.0,67.5,1,1
1306.0,J2,114,32.9,1.09,32.0,30.0,4,52.5,-22.5,2,1306.0,135.0,1,1
1306.0,J3,114,32.9,1.09,32.0,7.5,1,22.5,-15.0,2,1306.0,105.0,1,1
1306.0,J1,114,32.9,1.09,32.0,30.0,4,52.5,-22.5,2,1306.0,67.5,1,1
1307.0,J2,113,32.15,0.29,12.0,30.0,4,52.5,-22.5,2,1307.0,135.0,1,1
1307.0,J3,113,32.15,0.29,12.0,15.0,2,22.5,-7.5,2,1307.0,105.0,1,1
1307.0,J1,113,32.15,0.29,12.0,15.0,2,52.5,-37.5,2,1307.0,67.5,1,1
1308.0,J2,113,32.67,0.17,3.0,37.5,5,52.5,-15.0,2,1308.0,135.0,1,1
1308.0,J3,113,32.67,0.17,3.0,22.5,3,22.5,0.0,2,1308.0,105.0,1,1
1308.0,J1,113,32.67,0.17,3.0,15.0,2,52.5,-37.5,2,1308.0,67.5,1,1
1309.0,J2,110,32.64,0.26,4.0,37.5,5,52.5,-15.0,2,1309.0,135.0,1,1
1309.0,J3,110,32.64,0.26,4.0,22.5,3,22.5,0.0,2,1309.0,105.0,1,1
1309.0,J1,110,32.64,0.26,4.0,15.0,2,52.5,-37.5,2,1309.0,67.5,1,1
1310.0,J2,114,33.69,0.36,5.0,52.5,7,52.5,0.0,2,1310.0,135.0,1,1
1310.0,J3,114,33.69,0.36,5.0,22.5,3,22.5,0.0,2,1310.0,112.5,1,1
1310.0,J1,114,33.69,0.36,5.0,15.0,2,52.5,-37.5,2,1310.0,67.5,1,1
1311.0,J2,112,33.39,0.49,6.0,60.0,8,30.0,30.0,2,1311.0,135.0,1,1
1311.0,J3,112,33.39,0.49,6.0,30.0,4,7.5,22.5,2,1311.0,127.5,1,1
1311.0,J1,112,33.39,0.49,6.0,15.0,2,30.0,-15.0,2,1311.0,67.5,1,1
1312.0,J2,112,32.95,0.62,7.0,60.0,8,30.0,30.0,2,1312.0,135.0,1,1
1312.0,J3,112,32.95,0.62,7.0,30.0,4,15.0,15.0,2,1312.0,135.0,1,1
1312.0,J1,112,32.95,0.62,7.0,22.5,3,15.0,7.5,2,1312.0,75.0,1,1
1313.0,J2,111,32.41,0.77,8.0,60.0,8,37.5,22.5,2,1313.0,135.0,1,1
1313.0,J3,111,32.41,0.77,8.0,30.0,4,22.5,7.5,2,1313.0,135.0,1,1
1313.0,J1,111,32.41,0.77,8.0,30.0,4,15.0,15.0,2,1313.0,82.5,1,1
1314.0,J2,111,31.72,0.95,9.0,75.0,10,37.5,37.5,2,1314.0,135.0,1,1
1314.0,J3,111,31.72,0.95,9.0,30.0,4,22.5,7.5,2,1314.0,135.0,1,1
1314.0,J1,111,31.72,0.95,9.0,45.0,6,15.0,30.0,2,1314.0,82.5,1,1
1315.0,J2,112,31.44,1.15,10.0,82.5,11,52.5,30.0,2,1315.0,135.0,1,1
1315.0,J3,112,31.44,1.15,10.0,37.5,5,22.5,15.0,2,1315.0,135.0,1,1
1315.0,J1,112,31.44,1.15,10.0,52.5,7,15.0,37.5,2,1315.0,82.5,1,1
1316.0,J2,112,30.83,1.38,11.0,82.5,11,60.0,22.5,2,1316.0,135.0,1,1
1316.0,J3,112,30.83,1.38,11.0,37.5,5,30.0,7.5,2,1316.0,135.0,1,1
1316.0,J1,112,30.83,1.38,11.0,67.5,9,15.0,52.5,2,1316.0,90.0,1,1
1317.0,J2,111,30.56,1.63,12.0,97.5,13,60.0,37.5,2,1317.0,135.0,1,1
1317.0,J3,111,30.56,1.63,12.0,37.5,5,30.0,7.5,2,1317.0,135.0,1,1
1317.0,J1,111,30.56,1.63,12.0,67.5,9,22.5,45.0,2,1317.0,90.0,1,1
1318.0,J2,110,30.52,1.92,13.0,112.5,15,60.0,52.5,2,1318.0,135.0,1,1
1318.0,J3,110,30.52,1.92,13.0,37.5,5,30.0,7.5,2,1318.0,135.0,1,1
1318.0,J1,110,30.52,1.92,13.0,75.0,10,30.0,45.0,2,1318.0,90.0,1,1
1319.0,J2,111,30.53,2.17,14.0,112.5,15,75.0,37.5,2,1319.0,135.0,1,1
1319.0,J3,111,30.53,2.17,14.0,37.5,5,30.0,7.5,2,1319.0,135.0,1,1
1319.0,J1,111,30.53,2.17,14.0,75.0,10,45.0,30.0,2,1319.0,90.0,1,1
1320.0,J2,113,30.7,2.42,15.0,112.5,15,82.5,30.0,2,1320.0,135.0,1,1
1320.0,J3,113,30.7,2.42,15.0,45.0,6,37.5,7.5,2,1320.0,135.0,1,1
1320.0,J1,113,30.7,2.42,15.0,90.0,12,52.5,37.5,2,1320.0,90.0,1,1
1321.0,J2,114,30.42,2.69,16.0,112.5,15,82.5,30.0,2,1321.0,97.5,1,1
1321.0,J3,114,30.42,2.69,16.0,45.0,6,37.5,7.5,2,1321.0,112.5,1,1
1321.0,J1,114,30.42,2.69,16.0,90.0,12,67.5,22.5,2,1321.0,67.5,1,1
1322.0,J2,114,30.26,2.98,17.0,112.5,15,97.5,15.0,2,1322.0,67.5,1,1
1322.0,J3,114,30.26,2.98,17.0,45.0,6,37.5,7.5,2,1322.0,90.0,1,1
1322.0,J1,114,30.26,2.98,17.0,90.0,12,67.5,22.5,2,1322.0,45.0,1,1
1323.0,J2,115,30.15,3.24,18.0,112.5,15,112.5,0.0,2,1323.0,45.0,1,1
1323.0,J3,115,30.15,3.24,18.0,45.0,6,37.5,7.5,2,1323.0,67.5,1,1
1323.0,J1,115,30.15,3.24,18.0,90.0,12,75.0,15.0,2,1323.0,22.5,0,1
1324.0,J2,117,30.22,3.49,19.0,120.0,16,112.5,7.5,2,1324.0,22.5,0,1
1324.0,J3,117,30.22,3.49,19.0,45.0,6,37.5,7.5,2,1324.0,45.0,1,1
1324.0,J1,117,30.22,3.49,19.0,97.5,13,75.0,22.5,2,1324.0,0.0,0,1
1325.0,J2,116,29.37,3.83,20.0,127.5,17,112.5,15.0,2,1325.0,7.5,0,1
1325.0,J3,116,29.37,3.83,20.0,45.0,6,45.0,0.0,2,1325.0,22.5,0,1
1325.0,J1,116,29.37,3.83,20.0,97.5,13,90.0,7.5,2,1325.0,0.0,0,1
1326.0,J2,117,29.01,4.11,21.0,135.0,18,112.5,22.5,2,1326.0,0.0,0,1
1326.0,J3,117,29.01,4.11,21.0,45.0,6,45.0,0.0,2,1326.0,0.0,0,1
1326.0,J1,117,29.01,4.11,21.0,97.5,13,90.0,7.5,2,1326.0,0.0,0,1
1327.0,J2,117,28.57,4.43,22.0,135.0,18,112.5,22.5,2,1327.0,0.0,0,1
1327.0,J3,117,28.57,4.43,22.0,45.0,6,45.0,0.0,2,1327.0,0.0,0,1
1327.0,J1,117,28.57,4.43,22.0,97.5,13,90.0,7.5,2,1327.0,0.0,0,1
1328.0,J2,119,28.17,4.68,23.0,142.5,19,112.5,30.0,2,1328.0,0.0,0,1
1328.0,J3,119,28.17,4.68,23.0,52.5,7,45.0,7.5,2,1328.0,0.0,0,1
1328.0,J1,119,28.17,4.68,23.0,97.5,13,90.0,7.5,2,1328.0,0.0,0,1
1329.0,J2,119,27.68,5.03,24.0,150.0,20,120.0,30.0,2,1329.0,0.0,0,1
1329.0,J3,119,27.68,5.03,24.0,52.5,7,45.0,7.5,2,1329.0,0.0,0,1
1329.0,J1,119,27.68,5.03,24.0,105.0,14,97.5,7.5,2,1329.0,0.0,0,1
1330.0,J2,119,27.14,5.39,25.0,157.5,21,127.5,30.0,2,1330.0,0.0,0,1
1330.0,J3,119,27.14,5.39,25.0,60.0,8,45.0,15.0,2,1330.0,0.0,0,1
1330.0,J1,119,27.14,5.39,25.0,112.5,15,97.5,15.0,2,1330.0,0.0,0,1
1331.0,J2,119,26.85,5.77,26.0,157.5,21,135.0,22.5,2,1331.0,0.0,0,1
1331.0,J3,119,26.85,5.77,26.0,67.5,9,45.0,22.5,2,1331.0,0.0,0,1
1331.0,J1,119,26.85,5.77,26.0,112.5,15,97.5,15.0,2,1331.0,0.0,0,1
1332.0,J2,120,26.87,6.11,27.0,157.5,21,135.0,22.5,2,1332.0,0.0,0,1
1332.0,J3,120,26.87,6.11,27.0,67.5,9,45.0,22.5,2,1332.0,0.0,0,1
1332.0,J1,120,26.87,6.11,27.0,120.0,16,97.5,22.5,2,1332.0,0.0,0,1
1333.0,J2,120,26.23,6.5,28.0,165.0,22,142.5,22.5,2,1333.0,0.0,0,1
1333.0,J3,120,26.23,6.5,28.0,67.5,9,52.5,15.0,2,1333.0,0.0,0,1
1333.0,J1,120,26.23,6.5,28.0,120.0,16,97.5,22.5,2,1333.0,0.0,0,1
1334.0,J2,120,25.48,6.89,29.0,165.0,22,150.0,15.0,2,1334.0,0.0,0,1
1334.0,J3,120,25.48,6.89,29.0,67.5,9,52.5,15.0,2,1334.0,0.0,0,1
1334.0,J1,120,25.48,6.89,29.0,120.0,16,105.0,15.0,2,1334.0,0.0,0,1
1335.0,J2,120,25.35,7.3,30.0,172.5,23,157.5,15.0,2,1335.0,0.0,0,1
1335.0,J3,120,25.35,7.3,30.0,75.0,10,60.0,15.0,2,1335.0,0.0,0,1
1335.0,J1,120,25.35,7.3,30.0,120.0,16,112.5,7.5,2,1335.0,0.0,0,1
1336.0,J2,120,25.08,7.71,31.0,172.5,23,157.5,15.0,2,1336.0,0.0,0,1
1336.0,J3,120,25.08,7.71,31.0,75.0,10,67.5,7.5,2,1336.0,0.0,0,1
1336.0,J1,120,25.08,7.71,31.0,120.0,16,112.5,7.5,2,1336.0,0.0,0,1
1337.0,J2,121,25.22,8.07,32.0,180.0,24,157.5,22.5,2,1337.0,0.0,0,1
1337.0,J3,121,25.22,8.07,32.0,82.5,11,67.5,15.0,2,1337.0,0.0,0,1
1337.0,J1,121,25.22,8.07,32.0,120.0,16,120.0,0.0,2,1337.0,0.0,0,1
1338.0,J2,121,24.75,8.5,33.0,180.0,24,165.0,15.0,2,1338.0,0.0,0,1
1338.0,J3,121,24.75,8.5,33.0,90.0,12,67.5,22.5,2,1338.0,0.0,0,1
1338.0,J1,121,24.75,8.5,33.0,120.0,16,120.0,0.0,2,1338.0,0.0,0,1
1339.0,J2,122,24.35,8.85,34.0,180.0,24,165.0,15.0,2,1339.0,0.0,0,1
1339.0,J3,122,24.35,8.85,34.0,90.0,12,67.5,22.5,2,1339.0,0.0,0,1
1339.0,J1,122,24.35,8.85,34.0,120.0,16,120.0,0.0,2,1339.0,0.0,0,1
1340.0,J2,120,23.27,9.44,35.0,180.0,24,172.5,7.5,2,1340.0,0.0,0,1
1340.0,J3,120,23.27,9.44,35.0,90.0,12,75.0,15.0,2,1340.0,0.0,0,1
1340.0,J1,120,23.27,9.44,35.0,127.5,17,120.0,7.5,2,1340.0,0.0,0,1
1341.0,J2,120,22.99,9.91,36.0,180.0,24,172.5,7.5,2,1341.0,0.0,0,1
1341.0,J3,120,22.99,9.91,36.0,105.0,14,75.0,30.0,2,1341.0,0.0,0,1
1341.0,J1,120,22.99,9.91,36.0,135.0,18,120.0,15.0,2,1341.0,0.0,0,1
1342.0,J2,119,22.75,10.47,37.0,180.0,24,180.0,0.0,2,1342.0,0.0,0,1
1342.0,J3,119,22.75,10.47,37.0,112.5,15,82.5,30.0,2,1342.0,0.0,0,1
1342.0,J1,119,22.75,10.47,37.0,135.0,18,120.0,15.0,2,1342.0,0.0,0,1
1343.0,J2,119,22.48,10.96,38.0,180.0,24,180.0,0.0,2,1343.0,0.0,0,1
1343.0,J3,119,22.48,10.96,38.0,120.0,16,90.0,30.0,2,1343.0,0.0,0,1
1343.0,J1,119,22.48,10.96,38.0,135.0,18,120.0,15.0,2,1343.0,0.0,0,1
1344.0,J2,119,22.37,11.45,39.0,180.0,24,180.0,0.0,2,1344.0,0.0,0,1
1344.0,J3,119,22.37,11.45,39.0,120.0,16,90.0,30.0,2,1344.0,0.0,0,1
1344.0,J1,119,22.37,11.45,39.0,135.0,18,120.0,15.0,2,1344.0,0.0,0,1
1345.0,J2,119,22.09,11.94,40.0,180.0,24,180.0,0.0,2,1345.0,0.0,0,1
1345.0,J3,119,22.09,11.94,40.0,127.5,17,90.0,37.5,2,1345.0,0.0,0,1
1345.0,J1,119,22.09,11.94,40.0,135.0,18,127.5,7.5,2,1345.0,0.0,0,1
1346.0,J2,116,21.29,12.76,41.0,180.0,24,180.0,0.0,2,1346.0,0.0,0,1
1346.0,J3,116,21.29,12.76,41.0,127.5,17,105.0,22.5,2,1346.0,0.0,0,1
1346.0,J1,116,21.29,12.76,41.0,135.0,18,135.0,0.0,2,1346.0,0.0,0,1
1347.0,J2,114,20.52,13.5,42.0,180.0,24,180.0,0.0,2,1347.0,0.0,0,1
1347.0,J3,114,20.52,13.5,42.0,127.5,17,112.5,15.0,2,1347.0,0.0,0,1
1347.0,J1,114,20.52,13.5,42.0,135.0,18,135.0,0.0,2,1347.0,0.0,0,1
1348.0,J2,111,19.78,14.41,43.0,180.0,24,180.0,0.0,3,1348.0,0.0,0,1
1348.0,J3,111,19.78,14.41,43.0,135.0,18,120.0,15.0,3,1348.0,0.0,0,1
1348.0,J1,111,19.78,14.41,43.0,135.0,18,135.0,0.0,3,1348.0,0.0,0,1
1349.0,J2,110,19.39,15.08,44.0,180.0,24,180.0,0.0,3,1349.0,0.0,0,1
1349.0,J3,110,19.39,15.08,44.0,135.0,18,120.0,15.0,3,1349.0,0.0,0,1
1349.0,J1,110,19.39,15.08,44.0,135.0,18,135.0,0.0,3,1349.0,0.0,0,1
1350.0,J2,111,19.48,15.5,45.0,180.0,24,180.0,0.0,3,1350.0,0.0,0,1
1350.0,J3,111,19.48,15.5,45.0,142.5,19,127.5,15.0,3,1350.0,0.0,0,1
1350.0,J1,111,19.48,15.5,45.0,135.0,18,135.0,0.0,3,1350.0,0.0,0,1
1351.0,J2,110,20.08,9.73,44.0,135.0,18,180.0,-45.0,0,1351.0,0.0,0,1
1351.0,J3,110,20.08,9.73,44.0,97.5,13,127.5,-30.0,0,1351.0,0.0,0,1
1351.0,J1,110,20.08,9.73,44.0,90.0,12,135.0,-45.0,0,1351.0,0.0,0,1
1352.0,J2,109,21.53,5.39,39.0,90.0,12,180.0,-90.0,0,1352.0,0.0,0,1
1352.0,J3,109,21.53,5.39,39.0,60.0,8,127.5,-67.5,0,1352.0,0.0,0,1
1352.0,J1,109,21.53,5.39,39.0,45.0,6,135.0,-90.0,0,1352.0,0.0,0,1
1353.0,J2,110,24.14,2.29,34.0,45.0,6,180.0,-135.0,0,1353.0,0.0,0,1
1353.0,J3,110,24.14,2.29,34.0,37.5,5,135.0,-97.5,0,1353.0,0.0,0,1
1353.0,J1,110,24.14,2.29,34.0,22.5,3,135.0,-112.5,0,1353.0,0.0,0,1
1354.0,J2,108,26.47,0.42,22.0,7.5,1,180.0,-172.5,0,1354.0,0.0,0,1
1354.0,J3,108,26.47,0.42,22.0,15.0,2,135.0,-120.0,0,1354.0,0.0,0,1
1354.0,J1,108,26.47,0.42,22.0,7.5,1,135.0,-127.5,0,1354.0,0.0,0,1
1355.0,J2,108,29.25,0.0,0.0,0.0,0,180.0,-180.0,0,1355.0,0.0,0,1
1355.0,J3,108,29.25,0.0,0.0,0.0,0,142.5,-142.5,0,1355.0,0.0,0,1
1355.0,J1,108,29.25,0.0,0.0,0.0,0,135.0,-135.0,0,1355.0,0.0,0,1
1356.0,J2,108,32.25,0.0,0.0,0.0,0,135.0,-135.0,0,1356.0,0.0,0,1
1356.0,J3,108,32.25,0.0,0.0,0.0,0,97.5,-97.5,0,1356.0,0.0,0,1
1356.0,J1,108,32.25,0.0,0.0,0.0,0,90.0,-90.0,0,1356.0,0.0,0,1
1357.0,J2,111,35.19,0.01,1.0,7.5,1,90.0,-82.5,0,1357.0,0.0,0,1
1357.0,J3,111,35.19,0.01,1.0,0.0,0,60.0,-60.0,0,1357.0,0.0,0,1
1357.0,J1,111,35.19,0.01,1.0,0.0,0,45.0,-45.0,0,1357.0,0.0,0,1
1358.0,J2,110,37.05,0.02,2.0,7.5,1,45.0,-37.5,0,1358.0,0.0,0,1
1358.0,J3,110,37.05,0.02,2.0,0.0,0,37.5,-37.5,0,1358.0,0.0,0,1
1358.0,J1,110,37.05,0.02,2.0,0.0,0,22.5,-22.5,0,1358.0,0.0,0,1
1359.0,J2,109,38.41,0.03,3.0,7.5,1,7.5,0.0,0,1359.0,0.0,0,1
1359.0,J3,109,38.41,0.03,3.0,0.0,0,15.0,-15.0,0,1359.0,0.0,0,1
1359.0,J1,109,38.41,0.03,3.0,0.0,0,7.5,-7.5,0,1359.0,0.0,0,1
1360.0,J2,110,39.15,0.04,4.0,7.5,1,0.0,7.5,0,1360.0,0.0,0,1
1360.0,J3,110,39.15,0.04,4.0,0.0,0,0.0,0.0,0,1360.0,0.0,0,1
1360.0,J1,110,39.15,0.04,4.0,0.0,0,0.0,0.0,0,1360.0,0.0,0,1
1361.0,J2,110,39.38,0.06,5.0,7.5,1,0.0,7.5,0,1361.0,0.0,0,1
1361.0,J3,110,39.38,0.06,5.0,7.5,1,0.0,7.5,0,1361.0,0.0,0,1
1361.0,J1,110,39.38,0.06,5.0,7.5,1,0.0,7.5,0,1361.0,0.0,0,1
1362.0,J2,109,39.43,0.09,6.0,7.5,1,7.5,0.0,0,1362.0,0.0,0,1
1362.0,J3,109,39.43,0.09,6.0,7.5,1,0.0,7.5,0,1362.0,0.0,0,1
1362.0,J1,109,39.43,0.09,6.0,7.5,1,0.0,7.5,0,1362.0,0.0,0,1
1363.0,J2,108,40.14,0.13,7.0,15.0,2,7.5,7.5,0,1363.0,0.0,0,1
1363.0,J3,108,40.14,0.13,7.0,7.5,1,0.0,7.5,0,1363.0,0.0,0,1
1363.0,J1,108,40.14,0.13,7.0,7.5,1,0.0,7.5,0,1363.0,0.0,0,1
1364.0,J2,108,40.28,0.18,8.0,15.0,2,7.5,7.5,0,1364.0,0.0,0,1
1364.0,J3,108,40.28,0.18,8.0,7.5,1,0.0,7.5,0,1364.0,0.0,0,1
1364.0,J1,108,40.28,0.18,8.0,15.0,2,0.0,15.0,0,1364.0,0.0,0,1
1365.0,J2,107,40.17,0.22,9.0,15.0,2,7.5,7.5,0,1365.0,0.0,0,1
1365.0,J3,107,40.17,0.22,9.0,7.5,1,0.0,7.5,0,1365.0,0.0,0,1
1365.0,J1,107,40.17,0.22,9.0,15.0,2,0.0,15.0,0,1365.0,0.0,0,1
1366.0,J2,107,40.39,0.28,10.0,22.5,3,7.5,15.0,0,1366.0,0.0,0,1
1366.0,J3,107,40.39,0.28,10.0,7.5,1,7.5,0.0,0,1366.0,0.0,0,1
1366.0,J1,107,40.39,0.28,10.0,15.0,2,7.5,7.5,0,1366.0,0.0,0,1
1367.0,J2,106,40.22,0.35,11.0,30.0,4,7.5,22.5,0,1367.0,0.0,0,1
1367.0,J3,106,40.22,0.35,11.0,7.5,1,7.5,0.0,0,1367.0,0.0,0,1
1367.0,J1,106,40.22,0.35,11.0,15.0,2,7.5,7.5,0,1367.0,7.5,0,1
1368.0,J2,106,39.95,0.42,12.0,30.0,4,15.0,15.0,0,1368.0,0.0,0,1
1368.0,J3,106,39.95,0.42,12.0,7.5,1,7.5,0.0,0,1368.0,0.0,0,1
1368.0,J1,106,39.95,0.42,12.0,15.0,2,7.5,7.5,0,1368.0,7.5,0,1
1369.0,J2,105,40.06,0.49,13.0,30.0,4,15.0,15.0,0,1369.0,0.0,0,1
1369.0,J3,105,40.06,0.49,13.0,7.5,1,7.5,0.0,0,1369.0,0.0,0,1
1369.0,J1,105,40.06,0.49,13.0,15.0,2,15.0,0.0,0,1369.0,7.5,0,1
1370.0,J2,106,40.02,0.55,14.0,30.0,4,15.0,15.0,0,1370.0,0.0,0,1
1370.0,J3,106,40.02,0.55,14.0,7.5,1,7.5,0.0,0,1370.0,0.0,0,1
1370.0,J1,106,40.02,0.55,14.0,15.0,2,15.0,0.0,0,1370.0,7.5,0,1
1371.0,J2,108,39.94,0.6,15.0,30.0,4,22.5,7.5,0,1371.0,0.0,0,1
1371.0,J3,108,39.94,0.6,15.0,7.5,1,7.5,0.0,0,1371.0,7.5,0,1
1371.0,J1,108,39.94,0.6,15.0,15.0,2,15.0,0.0,0,1371.0,7.5,0,1
1372.0,J2,109,39.81,0.66,16.0,30.0,4,30.0,0.0,0,1372.0,0.0,0,1
1372.0,J3,109,39.81,0.66,16.0,7.5,1,7.5,0.0,0,1372.0,15.0,0,1
1372.0,J1,109,39.81,0.66,16.0,15.0,2,15.0,0.0,0,1372.0,7.5,0,1
1373.0,J2,110,39.91,0.72,17.0,30.0,4,30.0,0.0,0,1373.0,0.0,0,1
1373.0,J3,110,39.91,0.72,17.0,7.5,1,7.5,0.0,0,1373.0,22.5,0,1
1373.0,J1,110,39.91,0.72,17.0,15.0,2,15.0,0.0,0,1373.0,7.5,0,1
1374.0,J2,110,39.94,0.79,18.0,37.5,5,30.0,7.5,0,1374.0,0.0,0,1
1374.0,J3,110,39.94,0.79,18.0,7.5,1,7.5,0.0,0,1374.0,22.5,0,1
1374.0,J1,110,39.94,0.79,18.0,15.0,2,15.0,0.0,0,1374.0,7.5,0,1
1375.0,J2,110,39.84,0.87,19.0,45.0,6,30.0,15.0,0,1375.0,0.0,0,1
1375.0,J3,110,39.84,0.87,19.0,7.5,1,7.5,0.0,0,1375.0,30.0,0,1
1375.0,J1,110,39.84,0.87,19.0,15.0,2,15.0,0.0,0,1375.0,7.5,0,1
1376.0,J2,111,39.44,0.95,20.0,45.0,6,30.0,15.0,0,1376.0,0.0,0,1
1376.0,J3,111,39.44,0.95,20.0,7.5,1,7.5,0.0,0,1376.0,37.5,1,1
1376.0,J1,111,39.44,0.95,20.0,15.0,2,15.0,0.0,0,1376.0,7.5,0,1
1377.0,J2,111,39.11,1.03,21.0,45.0,6,30.0,15.0,0,1377.0,0.0,0,1
1377.0,J3,111,39.11,1.03,21.0,7.5,1,7.5,0.0,0,1377.0,45.0,1,1
1377.0,J1,111,39.11,1.03,21.0,15.0,2,15.0,0.0,0,1377.0,7.5,0,1
1378.0,J2,111,39.16,1.12,22.0,45.0,6,30.0,15.0,0,1378.0,0.0,0,1
1378.0,J3,111,39.16,1.12,22.0,15.0,2,7.5,7.5,0,1378.0,45.0,1,1
1378.0,J1,111,39.16,1.12,22.0,15.0,2,15.0,0.0,0,1378.0,7.5,0,1
1379.0,J2,111,39.15,1.21,23.0,45.0,6,37.5,7.5,0,1379.0,0.0,0,1
1379.0,J3,111,39.15,1.21,23.0,15.0,2,7.5,7.5,0,1379.0,45.0,1,1
1379.0,J1,111,39.15,1.21,23.0,15.0,2,15.0,0.0,0,1379.0,7.5,0,1
1380.0,J2,109,38.96,1.33,24.0,52.5,7,45.0,7.5,0,1380.0,0.0,0,1
1380.0,J3,109,38.96,1.33,24.0,15.0,2,7.5,7.5,0,1380.0,45.0,1,1
1380.0,J1,109,38.96,1.33,24.0,15.0,2,15.0,0.0,0,1380.0,7.5,0,1
1381.0,J2,108,38.66,1.44,25.0,52.5,7,45.0,7.5,0,1381.0,0.0,0,1
1381.0,J3,108,38.66,1.44,25.0,15.0,2,7.5,7.5,0,1381.0,60.0,1,1
1381.0,J1,108,38.66,1.44,25.0,15.0,2,15.0,0.0,0,1381.0,7.5,0,1
1382.0,J2,106,38.65,1.58,26.0,52.5,7,45.0,7.5,0,1382.0,0.0,0,1
1382.0,J3,106,38.65,1.58,26.0,15.0,2,7.5,7.5,0,1382.0,60.0,1,1
1382.0,J1,106,38.65,1.58,26.0,15.0,2,15.0,0.0,0,1382.0,7.5,0,1
1383.0,J2,107,38.74,1.66,27.0,52.5,7,45.0,7.5,0,1383.0,0.0,0,1
1383.0,J3,107,38.74,1.66,27.0,15.0,2,15.0,0.0,0,1383.0,67.5,1,1
1383.0,J1,107,38.74,1.66,27.0,15.0,2,15.0,0.0,0,1383.0,15.0,0,1
1384.0,J2,107,38.41,1.77,28.0,52.5,7,45.0,7.5,0,1384.0,0.0,0,1
1384.0,J3,107,38.41,1.77,28.0,15.0,2,15.0,0.0,0,1384.0,67.5,1,1
1384.0,J1,107,38.41,1.77,28.0,15.0,2,15.0,0.0,0,1384.0,15.0,0,1
1385.0,J2,107,38.11,1.88,29.0,60.0,8,52.5,7.5,0,1385.0,0.0,0,1
1385.0,J3,107,38.11,1.88,29.0,15.0,2,15.0,0.0,0,1385.0,67.5,1,1
1385.0,J1,107,38.11,1.88,29.0,15.0,2,15.0,0.0,0,1385.0,15.0,0,1
1386.0,J2,107,37.65,1.99,30.0,60.0,8,52.5,7.5,0,1386.0,0.0,0,1
1386.0,J3,107,37.65,1.99,30.0,15.0,2,15.0,0.0,0,1386.0,67.5,1,1
1386.0,J1,107,37.65,1.99,30.0,15.0,2,15.0,0.0,0,1386.0,15.0,0,1
1387.0,J2,108,37.61,2.09,31.0,60.0,8,52.5,7.5,0,1387.0,0.0,0,1
1387.0,J3,108,37.61,2.09,31.0,15.0,2,15.0,0.0,0,1387.0,67.5,1,1
1387.0,J1,108,37.61,2.09,31.0,22.5,3,15.0,7.5,0,1387.0,15.0,0,1
1388.0,J2,108,37.86,2.21,32.0,60.0,8,52.5,7.5,0,1388.0,0.0,0,1
1388.0,J3,108,37.86,2.21,32.0,15.0,2,15.0,0.0,0,1388.0,67.5,1,1
1388.0,J1,108,37.86,2.21,32.0,22.5,3,15.0,7.5,0,1388.0,15.0,0,1
1389.0,J2,108,37.76,2.33,33.0,60.0,8,52.5,7.5,0,1389.0,0.0,0,1
1389.0,J3,108,37.76,2.33,33.0,15.0,2,15.0,0.0,0,1389.0,67.5,1,1
1389.0,J1,108,37.76,2.33,33.0,22.5,3,15.0,7.5,0,1389.0,15.0,0,1
1390.0,J2,109,37.75,2.44,34.0,60.0,8,60.0,0.0,0,1390.0,0.0,0,1
1390.0,J3,109,37.75,2.44,34.0,22.5,3,15.0,7.5,0,1390.0,67.5,1,1
1390.0,J1,109,37.75,2.44,34.0,22.5,3,15.0,7.5,0,1390.0,15.0,0,1
1391.0,J2,110,37.5,2.55,35.0,60.0,8,60.0,0.0,0,1391.0,0.0,0,1
1391.0,J3,110,37.5,2.55,35.0,22.5,3,15.0,7.5,0,1391.0,67.5,1,1
1391.0,J1,110,37.5,2.55,35.0,22.5,3,15.0,7.5,0,1391.0,15.0,0,1
1392.0,J2,108,37.01,2.72,36.0,60.0,8,60.0,0.0,0,1392.0,0.0,0,1
1392.0,J3,108,37.01,2.72,36.0,22.5,3,15.0,7.5,0,1392.0,75.0,1,1
1392.0,J1,108,37.01,2.72,36.0,22.5,3,22.5,0.0,0,1392.0,15.0,0,1
1393.0,J2,107,36.48,2.88,37.0,60.0,8,60.0,0.0,1,1393.0,0.0,0,1
1393.0,J3,107,36.48,2.88,37.0,22.5,3,15.0,7.5,1,1393.0,75.0,1,1
1393.0,J1,107,36.48,2.88,37.0,22.5,3,22.5,0.0,1,1393.0,15.0,0,1
1394.0,J2,106,35.76,3.06,38.0,75.0,10,60.0,15.0,1,1394.0,0.0,0,1
1394.0,J3,106,35.76,3.06,38.0,22.5,3,15.0,7.5,1,1394.0,75.0,1,1
1394.0,J1,106,35.76,3.06,38.0,22.5,3,22.5,0.0,1,1394.0,15.0,0,1
1395.0,J2,106,34.81,3.21,39.0,75.0,10,60.0,15.0,1,1395.0,0.0,0,1
1395.0,J3,106,34.81,3.21,39.0,22.5,3,22.5,0.0,1,1395.0,82.5,1,1
1395.0,J1,106,34.81,3.21,39.0,22.5,3,22.5,0.0,1,1395.0,15.0,0,1
1396.0,J2,106,34.05,0.82,23.0,45.0,6,60.0,-15.0,2,1396.0,0.0,0,1
1396.0,J3,106,34.05,0.82,23.0,7.5,1,22.5,-15.0,2,1396.0,82.5,1,1
1396.0,J1,106,34.05,0.82,23.0,0.0,0,22.5,-22.5,2,1396.0,15.0,0,1
1397.0,J2,105,33.98,0.1,4.0,22.5,3,60.0,-37.5,2,1397.0,0.0,0,1
1397.0,J3,105,33.98,0.1,4.0,7.5,1,22.5,-15.0,2,1397.0,82.5,1,1
1397.0,J1,105,33.98,0.1,4.0,7.5,1,22.5,-15.0,2,1397.0,15.0,0,1
1398.0,J2,105,33.51,0.07,2.0,15.0,2,60.0,-45.0,2,1398.0,0.0,0,1
1398.0,J3,105,33.51,0.07,2.0,7.5,1,22.5,-15.0,2,1398.0,82.5,1,1
1398.0,J1,105,33.51,0.07,2.0,7.5,1,22.5,-15.0,2,1398.0,15.0,0,1
1399.0,J2,102,32.36,0.12,3.0,15.0,2,75.0,-60.0,2,1399.0,0.0,0,1
1399.0,J3,102,32.36,0.12,3.0,15.0,2,22.5,-7.5,2,1399.0,82.5,1,1
1399.0,J1,102,32.36,0.12,3.0,7.5,1,22.5,-15.0,2,1399.0,15.0,0,1
1400.0,J2,102,31.22,0.22,4.0,30.0,4,75.0,-45.0,2,1400.0,0.0,0,1
1400.0,J3,102,31.22,0.22,4.0,22.5,3,22.5,0.0,2,1400.0,82.5,1,1
1400.0,J1,102,31.22,0.22,4.0,22.5,3,22.5,0.0,2,1400.0,15.0,0,1
1401.0,J2,101,31.11,0.33,5.0,37.5,5,45.0,-7.5,2,1401.0,0.0,0,1
1401.0,J3,101,31.11,0.33,5.0,22.5,3,7.5,15.0,2,1401.0,82.5,1,1
1401.0,J1,101,31.11,0.33,5.0,22.5,3,0.0,22.5,2,1401.0,15.0,0,1
1402.0,J2,102,30.78,0.52,6.0,60.0,8,22.5,37.5,2,1402.0,0.0,0,1
1402.0,J3,102,30.78,0.52,6.0,52.5,7,7.5,45.0,2,1402.0,82.5,1,1
1402.0,J1,102,30.78,0.52,6.0,37.5,5,7.5,30.0,2,1402.0,15.0,0,1
1403.0,J2,103,29.99,0.73,7.0,60.0,8,15.0,45.0,2,1403.0,0.0,0,1
1403.0,J3,103,29.99,0.73,7.0,52.5,7,7.5,45.0,2,1403.0,82.5,1,1
1403.0,J1,103,29.99,0.73,7.0,52.5,7,7.5,45.0,2,1403.0,15.0,0,1
1404.0,J2,104,28.83,0.94,8.0,67.5,9,15.0,52.5,2,1404.0,0.0,0,1
1404.0,J3,104,28.83,0.94,8.0,52.5,7,15.0,37.5,2,1404.0,82.5,1,1
1404.0,J1,104,28.83,0.94,8.0,52.5,7,7.5,45.0,2,1404.0,15.0,0,1
1405.0,J2,104,27.48,1.2,9.0,82.5,11,30.0,52.5,2,1405.0,0.0,0,1
1405.0,J3,104,27.48,1.2,9.0,60.0,8,22.5,37.5,2,1405.0,82.5,1,1
1405.0,J1,104,27.48,1.2,9.0,60.0,8,22.5,37.5,2,1405.0,15.0,0,1
1406.0,J2,104,26.99,1.48,10.0,90.0,12,37.5,52.5,2,1406.0,0.0,0,1
1406.0,J3,104,26.99,1.48,10.0,67.5,9,22.5,45.0,2,1406.0,82.5,1,1
1406.0,J1,104,26.99,1.48,10.0,60.0,8,22.5,37.5,2,1406.0,15.0,0,1
1407.0,J2,104,26.58,1.8,11.0,105.0,14,60.0,45.0,2,1407.0,0.0,0,1
1407.0,J3,104,26.58,1.8,11.0,67.5,9,52.5,15.0,2,1407.0,82.5,1,1
1407.0,J1,104,26.58,1.8,11.0,75.0,10,37.5,37.5,2,1407.0,15.0,0,1
1408.0,J2,103,26.03,2.17,12.0,112.5,15,60.0,52.5,2,1408.0,0.0,0,1
1408.0,J3,103,26.03,2.17,12.0,75.0,10,52.5,22.5,2,1408.0,82.5,1,1
1408.0,J1,103,26.03,2.17,12.0,82.5,11,52.5,30.0,2,1408.0,15.0,0,1
1409.0,J2,103,25.56,2.51,13.0,127.5,17,67.5,60.0,2,1409.0,0.0,0,1
1409.0,J3,103,25.56,2.51,13.0,67.5,9,52.5,15.0,2,1409.0,82.5,1,1
1409.0,J1,103,25.56,2.51,13.0,82.5,11,52.5,30.0,2,1409.0,15.0,0,1
1410.0,J2,105,25.49,2.84,14.0,135.0,18,82.5,52.5,2,1410.0,0.0,0,1
1410.0,J3,105,25.49,2.84,14.0,75.0,10,60.0,15.0,2,1410.0,82.5,1,1
1410.0,J1,105,25.49,2.84,14.0,82.5,11,60.0,22.5,2,1410.0,15.0,0,1
1411.0,J2,105,25.12,3.23,15.0,150.0,20,90.0,60.0,2,1411.0,0.0,0,1
1411.0,J3,105,25.12,3.23,15.0,75.0,10,67.5,7.5,2,1411.0,60.0,1,1
1411.0,J1,105,25.12,3.23,15.0,82.5,11,60.0,22.5,2,1411.0,0.0,0,1
1412.0,J2,107,25.31,3.56,16.0,150.0,20,105.0,45.0,2,1412.0,0.0,0,1
1412.0,J3,107,25.31,3.56,16.0,82.5,11,67.5,15.0,2,1412.0,37.5,1,1
1412.0,J1,107,25.31,3.56,16.0,82.5,11,75.0,7.5,2,1412.0,0.0,0,1
1413.0,J2,108,25.53,3.93,17.0,150.0,20,112.5,37.5,2,1413.0,0.0,0,1
1413.0,J3,108,25.53,3.93,17.0,90.0,12,75.0,15.0,2,1413.0,15.0,0,1
1413.0,J1,108,25.53,3.93,17.0,82.5,11,82.5,0.0,2,1413.0,0.0,0,1
1414.0,J2,107,25.39,4.38,18.0,150.0,20,127.5,22.5,2,1414.0,0.0,0,1
1414.0,J3,107,25.39,4.38,18.0,90.0,12,67.5,22.5,2,1414.0,0.0,0,1
1414.0,J1,107,25.39,4.38,18.0,97.5,13,82.5,15.0,2,1414.0,0.0,0,1
1415.0,J2,107,24.98,4.8,19.0,150.0,20,135.0,15.0,2,1415.0,0.0,0,1
1415.0,J3,107,24.98,4.8,19.0,90.0,12,75.0,15.0,2,1415.0,0.0,0,1
1415.0,J1,107,24.98,4.8,19.0,97.5,13,82.5,15.0,2,1415.0,0.0,0,1
1416.0,J2,109,25.16,5.14,20.0,150.0,20,150.0,0.0,2,1416.0,0.0,0,1
1416.0,J3,109,25.16,5.14,20.0,97.5,13,75.0,22.5,2,1416.0,0.0,0,1
1416.0,J1,109,25.16,5.14,20.0,97.5,13,82.5,15.0,2,1416.0,0.0,0,1
1417.0,J2,109,25.0,5.56,21.0,150.0,20,150.0,0.0,2,1417.0,0.0,0,1
1417.0,J3,109,25.0,5.56,21.0,97.5,13,82.5,15.0,2,1417.0,0.0,0,1
1417.0,J1,109,25.0,5.56,21.0,97.5,13,82.5,15.0,2,1417.0,0.0,0,1
1418.0,J2,109,24.82,5.99,22.0,150.0,20,150.0,0.0,2,1418.0,0.0,0,1
1418.0,J3,109,24.82,5.99,22.0,105.0,14,90.0,15.0,2,1418.0,0.0,0,1
1418.0,J1,109,24.82,5.99,22.0,97.5,13,82.5,15.0,2,1418.0,0.0,0,1
1419.0,J2,110,24.78,6.36,23.0,150.0,20,150.0,0.0,2,1419.0,0.0,0,1
1419.0,J3,110,24.78,6.36,23.0,105.0,14,90.0,15.0,2,1419.0,0.0,0,1
1419.0,J1,110,24.78,6.36,23.0,97.5,13,97.5,0.0,2,1419.0,0.0,0,1
1420.0,J2,111,24.76,6.73,24.0,150.0,20,150.0,0.0,2,1420.0,0.0,0,1
1420.0,J3,111,24.76,6.73,24.0,105.0,14,90.0,15.0,2,1420.0,0.0,0,1
1420.0,J1,111,24.76,6.73,24.0,97.5,13,97.5,0.0,2,1420.0,0.0,0,1
1421.0,J2,112,24.92,7.1,25.0,157.5,21,150.0,7.5,2,1421.0,0.0,0,1
1421.0,J3,112,24.92,7.1,25.0,105.0,14,97.5,7.5,2,1421.0,0.0,0,1
1421.0,J1,112,24.92,7.1,25.0,97.5,13,97.5,0.0,2,1421.0,0.0,0,1
1422.0,J2,113,24.75,7.47,26.0,157.5,21,150.0,7.5,2,1422.0,0.0,0,1
1422.0,J3,113,24.75,7.47,26.0,112.5,15,97.5,15.0,2,1422.0,0.0,0,1
1422.0,J1,113,24.75,7.47,26.0,97.5,13,97.5,0.0,2,1422.0,0.0,0,1
1423.0,J2,114,24.78,7.83,27.0,157.5,21,150.0,7.5,2,1423.0,0.0,0,1
1423.0,J3,114,24.78,7.83,27.0,112.5,15,105.0,7.5,2,1423.0,0.0,0,1
1423.0,J1,114,24.78,7.83,27.0,97.5,13,97.5,0.0,2,1423.0,0.0,0,1
1424.0,J2,115,24.7,8.2,28.0,165.0,22,150.0,15.0,2,1424.0,0.0,0,1
1424.0,J3,115,24.7,8.2,28.0,112.5,15,105.0,7.5,2,1424.0,0.0,0,1
1424.0,J1,115,24.7,8.2,28.0,97.5,13,97.5,0.0,2,1424.0,0.0,0,1
1425.0,J2,115,24.39,8.63,29.0,165.0,22,150.0,15.0,2,1425.0,0.0,0,1
1425.0,J3,115,24.39,8.63,29.0,112.5,15,105.0,7.5,2,1425.0,0.0,0,1
1425.0,J1,115,24.39,8.63,29.0,97.5,13,97.5,0.0,2,1425.0,0.0,0,1
1426.0,J2,116,23.91,8.99,30.0,165.0,22,157.5,7.5,2,1426.0,0.0,0,1
1426.0,J3,116,23.91,8.99,30.0,112.5,15,105.0,7.5,2,1426.0,0.0,0,1
1426.0,J1,116,23.91,8.99,30.0,97.5,13,97.5,0.0,2,1426.0,0.0,0,1
1427.0,J2,118,23.44,9.27,31.0,165.0,22,157.5,7.5,2,1427.0,0.0,0,1
1427.0,J3,118,23.44,9.27,31.0,112.5,15,112.5,0.0,2,1427.0,0.0,0,1
1427.0,J1,118,23.44,9.27,31.0,105.0,14,97.5,7.5,2,1427.0,0.0,0,1
1428.0,J2,119,22.72,9.63,32.0,165.0,22,157.5,7.5,2,1428.0,0.0,0,1
1428.0,J3,119,22.72,9.63,32.0,120.0,16,112.5,7.5,2,1428.0,0.0,0,1
1428.0,J1,119,22.72,9.63,32.0,105.0,14,97.5,7.5,2,1428.0,0.0,0,1
1429.0,J2,119,21.78,10.08,33.0,172.5,23,165.0,7.5,2,1429.0,0.0,0,1
1429.0,J3,119,21.78,10.08,33.0,120.0,16,112.5,7.5,2,1429.0,0.0,0,1
1429.0,J1,119,21.78,10.08,33.0,105.0,14,97.5,7.5,2,1429.0,0.0,0,1
1430.0,J2,117,20.89,10.72,34.0,172.5,23,165.0,7.5,2,1430.0,0.0,0,1
1430.0,J3,117,20.89,10.72,34.0,127.5,17,112.5,15.0,2,1430.0,0.0,0,1
1430.0,J1,117,20.89,10.72,34.0,112.5,15,97.5,15.0,2,1430.0,0.0,0,1
1431.0,J2,115,20.31,11.42,35.0,172.5,23,165.0,7.5,2,1431.0,0.0,0,1
1431.0,J3,115,20.31,11.42,35.0,142.5,19,112.5,30.0,2,1431.0,0.0,0,1
1431.0,J1,115,20.31,11.42,35.0,127.5,17,97.5,30.0,2,1431.0,0.0,0,1
1432.0,J2,116,20.43,11.84,36.0,172.5,23,165.0,7.5,2,1432.0,0.0,0,1
1432.0,J3,116,20.43,11.84,36.0,150.0,20,112.5,37.5,2,1432.0,0.0,0,1
1432.0,J1,116,20.43,11.84,36.0,127.5,17,105.0,22.5,2,1432.0,0.0,0,1
1433.0,J2,116,19.99,12.36,37.0,172.5,23,165.0,7.5,2,1433.0,0.0,0,1
1433.0,J3,116,19.99,12.36,37.0,157.5,21,120.0,37.5,2,1433.0,0.0,0,1
1433.0,J1,116,19.99,12.36,37.0,127.5,17,105.0,22.5,2,1433.0,0.0,0,1
1434.0,J2,116,19.95,12.89,38.0,172.5,23,172.5,0.0,2,1434.0,0.0,0,1
1434.0,J3,116,19.95,12.89,38.0,157.5,21,120.0,37.5,2,1434.0,0.0,0,1
1434.0,J1,116,19.95,12.89,38.0,127.5,17,105.0,22.5,2,1434.0,0.0,0,1
1435.0,J2,116,20.01,13.42,39.0,172.5,23,172.5,0.0,2,1435.0,0.0,0,1
1435.0,J3,116,20.01,13.42,39.0,157.5,21,127.5,30.0,2,1435.0,0.0,0,1
1435.0,J1,116,20.01,13.42,39.0,135.0,18,112.5,22.5,2,1435.0,0.0,0,1
1436.0,J2,114,19.69,14.2,40.0,172.5,23,172.5,0.0,2,1436.0,0.0,0,1
1436.0,J3,114,19.69,14.2,40.0,157.5,21,142.5,15.0,2,1436.0,0.0,0,1
1436.0,J1,114,19.69,14.2,40.0,135.0,18,127.5,7.5,2,1436.0,0.0,0,1
1437.0,J2,114,19.58,14.75,41.0,172.5,23,172.5,0.0,2,1437.0,0.0,0,1
1437.0,J3,114,19.58,14.75,41.0,157.5,21,150.0,7.5,2,1437.0,0.0,0,1
1437.0,J1,114,19.58,14.75,41.0,135.0,18,127.5,7.5,2,1437.0,0.0,0,1
1438.0,J2,112,18.84,15.56,42.0,172.5,23,172.5,0.0,3,1438.0,0.0,0,1
1438.0,J3,112,18.84,15.56,42.0,157.5,21,157.5,0.0,3,1438.0,0.0,0,1
1438.0,J1,112,18.84,15.56,42.0,135.0,18,127.5,7.5,3,1438.0,0.0,0,1
1439.0,J2,111,18.35,16.26,43.0,172.5,23,172.5,0.0,3,1439.0,0.0,0,1
1439.0,J3,111,18.35,16.26,43.0,157.5,21,157.5,0.0,3,1439.0,0.0,0,1
1439.0,J1,111,18.35,16.26,43.0,135.0,18,127.5,7.5,3,1439.0,0.0,0,1
1440.0,J2,111,17.79,16.82,44.0,172.5,23,172.5,0.0,3,1440.0,0.0,0,1
1440.0,J3,111,17.79,16.82,44.0,157.5,21,157.5,0.0,3,1440.0,0.0,0,1
1440.0,J1,111,17.79,16.82,44.0,135.0,18,135.0,0.0,3,1440.0,0.0,0,1
1441.0,J2,111,18.41,10.96,42.0,127.5,17,172.5,-45.0,0,1441.0,0.0,0,1
1441.0,J3,111,18.41,10.96,42.0,112.5,15,157.5,-45.0,0,1441.0,0.0,0,1
1441.0,J1,111,18.41,10.96,42.0,97.5,13,135.0,-37.5,0,1441.0,0.0,0,1
1442.0,J2,111,20.01,6.11,41.0,82.5,11,172.5,-90.0,0,1442.0,0.0,0,1
1442.0,J3,111,20.01,6.11,41.0,67.5,9,157.5,-90.0,0,1442.0,0.0,0,1
1442.0,J1,111,20.01,6.11,41.0,52.5,7,135.0,-82.5,0,1442.0,0.0,0,1
1443.0,J2,112,22.41,2.73,37.0,52.5,7,172.5,-120.0,0,1443.0,0.0,0,1
1443.0,J3,112,22.41,2.73,37.0,30.0,4,157.5,-127.5,0,1443.0,0.0,0,1
1443.0,J1,112,22.41,2.73,37.0,15.0,2,135.0,-120.0,0,1443.0,0.0,0,1
1444.0,J2,112,24.82,1.03,36.0,30.0,4,172.5,-142.5,0,1444.0,0.0,0,1
1444.0,J3,112,24.82,1.03,36.0,15.0,2,157.5,-142.5,0,1444.0,0.0,0,1
1444.0,J1,112,24.82,1.03,36.0,0.0,0,135.0,-135.0,0,1444.0,0.0,0,1
1445.0,J2,112,27.72,0.18,17.0,15.0,2,172.5,-157.5,0,1445.0,0.0,0,1
1445.0,J3,112,27.72,0.18,17.0,0.0,0,157.5,-157.5,0,1445.0,0.0,0,1
1445.0,J1,112,27.72,0.18,17.0,0.0,0,135.0,-135.0,0,1445.0,0.0,0,1
1446.0,J2,112,30.77,0.04,4.0,7.5,1,127.5,-120.0,0,1446.0,0.0,0,1
1446.0,J3,112,30.77,0.04,4.0,0.0,0,112.5,-112.5,0,1446.0,0.0,0,1
1446.0,J1,112,30.77,0.04,4.0,0.0,0,97.5,-97.5,0,1446.0,0.0,0,1
1447.0,J2,109,33.48,0.05,5.0,7.5,1,82.5,-75.0,0,1447.0,0.0,0,1
1447.0,J3,109,33.48,0.05,5.0,0.0,0,67.5,-67.5,0,1447.0,0.0,0,1
1447.0,J1,109,33.48,0.05,5.0,0.0,0,52.5,-52.5,0,1447.0,0.0,0,1
1448.0,J2,108,35.39,0.06,6.0,7.5,1,52.5,-45.0,0,1448.0,0.0,0,1
1448.0,J3,108,35.39,0.06,6.0,0.0,0,30.0,-30.0,0,1448.0,0.0,0,1
1448.0,J1,108,35.39,0.06,6.0,0.0,0,15.0,-15.0,0,1448.0,0.0,0,1
1449.0,J2,108,36.63,0.06,7.0,7.5,1,30.0,-22.5,0,1449.0,0.0,0,1
1449.0,J3,108,36.63,0.06,7.0,0.0,0,15.0,-15.0,0,1449.0,0.0,0,1
1449.0,J1,108,36.63,0.06,7.0,0.0,0,0.0,0.0,0,1449.0,0.0,0,1
1450.0,J2,108,37.99,0.07,8.0,7.5,1,15.0,-7.5,0,1450.0,0.0,0,1
1450.0,J3,108,37.99,0.07,8.0,0.0,0,0.0,0.0,0,1450.0,0.0,0,1
1450.0,J1,108,37.99,0.07,8.0,0.0,0,0.0,0.0,0,1450.0,0.0,0,1
1451.0,J2,108,39.11,0.09,9.0,15.0,2,7.5,7.5,0,1451.0,0.0,0,1
1451.0,J3,108,39.11,0.09,9.0,0.0,0,0.0,0.0,0,1451.0,0.0,0,1
1451.0,J1,108,39.11,0.09,9.0,0.0,0,0.0,0.0,0,1451.0,0.0,0,1
1452.0,J2,110,39.7,0.12,10.0,22.5,3,7.5,15.0,0,1452.0,0.0,0,1
1452.0,J3,110,39.7,0.12,10.0,0.0,0,0.0,0.0,0,1452.0,0.0,0,1
1452.0,J1,110,39.7,0.12,10.0,0.0,0,0.0,0.0,0,1452.0,0.0,0,1
1453.0,J2,110,40.0,0.15,11.0,22.5,3,7.5,15.0,0,1453.0,0.0,0,1
1453.0,J3,110,40.0,0.15,11.0,0.0,0,0.0,0.0,0,1453.0,0.0,0,1
1453.0,J1,110,40.0,0.15,11.0,0.0,0,0.0,0.0,0,1453.0,0.0,0,1
1454.0,J2,109,40.34,0.18,12.0,22.5,3,7.5,15.0,0,1454.0,0.0,0,1
1454.0,J3,109,40.34,0.18,12.0,0.0,0,0.0,0.0,0,1454.0,0.0,0,1
1454.0,J1,109,40.34,0.18,12.0,7.5,1,0.0,7.5,0,1454.0,0.0,0,1
1455.0,J2,112,40.62,0.21,13.0,22.5,3,7.5,15.0,0,1455.0,0.0,0,1
1455.0,J3,112,40.62,0.21,13.0,0.0,0,0.0,0.0,0,1455.0,0.0,0,1
1455.0,J1,112,40.62,0.21,13.0,7.5,1,0.0,7.5,0,1455.0,0.0,0,1
1456.0,J2,112,40.6,0.25,14.0,22.5,3,15.0,7.5,0,1456.0,0.0,0,1
1456.0,J3,112,40.6,0.25,14.0,0.0,0,0.0,0.0,0,1456.0,0.0,0,1
1456.0,J1,112,40.6,0.25,14.0,7.5,1,0.0,7.5,0,1456.0,0.0,0,1
1457.0,J2,114,40.57,0.28,15.0,22.5,3,22.5,0.0,0,1457.0,0.0,0,1
1457.0,J3,114,40.57,0.28,15.0,0.0,0,0.0,0.0,0,1457.0,0.0,0,1
1457.0,J1,114,40.57,0.28,15.0,7.5,1,0.0,7.5,0,1457.0,0.0,0,1
1458.0,J2,115,40.55,0.32,16.0,30.0,4,22.5,7.5,0,1458.0,0.0,0,1
1458.0,J3,115,40.55,0.32,16.0,0.0,0,0.0,0.0,0,1458.0,0.0,0,1
1458.0,J1,115,40.55,0.32,16.0,7.5,1,0.0,7.5,0,1458.0,0.0,0,1
1459.0,J2,116,40.62,0.36,17.0,30.0,4,22.5,7.5,0,1459.0,0.0,0,1
1459.0,J3,116,40.62,0.36,17.0,0.0,0,0.0,0.0,0,1459.0,0.0,0,1
1459.0,J1,116,40.62,0.36,17.0,7.5,1,7.5,0.0,0,1459.0,0.0,0,1
1460.0,J2,116,40.24,0.41,18.0,30.0,4,22.5,7.5,0,1460.0,0.0,0,1
1460.0,J3,116,40.24,0.41,18.0,0.0,0,0.0,0.0,0,1460.0,0.0,0,1
1460.0,J1,116,40.24,0.41,18.0,15.0,2,7.5,7.5,0,1460.0,0.0,0,1
1461.0,J2,118,39.93,0.46,19.0,30.0,4,22.5,7.5,0,1461.0,0.0,0,1
1461.0,J3,118,39.93,0.46,19.0,0.0,0,0.0,0.0,0,1461.0,0.0,0,1
1461.0,J1,118,39.93,0.46,19.0,15.0,2,7.5,7.5,0,1461.0,0.0,0,1
1462.0,J2,118,39.51,0.51,20.0,30.0,4,22.5,7.5,0,1462.0,0.0,0,1
1462.0,J3,118,39.51,0.51,20.0,0.0,0,0.0,0.0,0,1462.0,0.0,0,1
1462.0,J1,118,39.51,0.51,20.0,15.0,2,7.5,7.5,0,1462.0,0.0,0,1
1463.0,J2,119,39.5,0.55,21.0,30.0,4,30.0,0.0,0,1463.0,0.0,0,1
1463.0,J3,119,39.5,0.55,21.0,0.0,0,0.0,0.0,0,1463.0,0.0,0,1
1463.0,J1,119,39.5,0.55,21.0,15.0,2,7.5,7.5,0,1463.0,0.0,0,1
1464.0,J2,119,39.4,0.62,22.0,30.0,4,30.0,0.0,0,1464.0,0.0,0,1
1464.0,J3,119,39.4,0.62,22.0,0.0,0,0.0,0.0,0,1464.0,0.0,0,1
1464.0,J1,119,39.4,0.62,22.0,30.0,4,7.5,22.5,0,1464.0,0.0,0,1
1465.0,J2,119,39.11,0.7,23.0,37.5,5,30.0,7.5,0,1465.0,0.0,0,1
1465.0,J3,119,39.11,0.7,23.0,0.0,0,0.0,0.0,0,1465.0,0.0,0,1
1465.0,J1,119,39.11,0.7,23.0,30.0,4,15.0,15.0,0,1465.0,0.0,0,1
1466.0,J2,121,39.12,0.76,24.0,37.5,5,30.0,7.5,0,1466.0,0.0,0,1
1466.0,J3,121,39.12,0.76,24.0,0.0,0,0.0,0.0,0,1466.0,0.0,0,1
1466.0,J1,121,39.12,0.76,24.0,30.0,4,15.0,15.0,0,1466.0,0.0,0,1
1467.0,J2,121,39.33,0.83,25.0,37.5,5,30.0,7.5,0,1467.0,0.0,0,1
1467.0,J3,121,39.33,0.83,25.0,0.0,0,0.0,0.0,0,1467.0,0.0,0,1
1467.0,J1,121,39.33,0.83,25.0,30.0,4,15.0,15.0,0,1467.0,0.0,0,1
1468.0,J2,121,39.37,0.92,26.0,45.0,6,30.0,15.0,0,1468.0,0.0,0,1
1468.0,J3,121,39.37,0.92,26.0,0.0,0,0.0,0.0,0,1468.0,0.0,0,1
1468.0,J1,121,39.37,0.92,26.0,30.0,4,15.0,15.0,0,1468.0,0.0,0,1
1469.0,J2,121,39.33,1.0,27.0,45.0,6,30.0,15.0,0,1469.0,0.0,0,1
1469.0,J3,121,39.33,1.0,27.0,0.0,0,0.0,0.0,0,1469.0,0.0,0,1
1469.0,J1,121,39.33,1.0,27.0,30.0,4,30.0,0.0,0,1469.0,0.0,0,1
1470.0,J2,121,39.16,1.08,28.0,45.0,6,37.5,7.5,0,1470.0,0.0,0,1
1470.0,J3,121,39.16,1.08,28.0,0.0,0,0.0,0.0,0,1470.0,0.0,0,1
1470.0,J1,121,39.16,1.08,28.0,30.0,4,30.0,0.0,0,1470.0,0.0,0,1
1471.0,J2,122,38.98,1.16,29.0,45.0,6,37.5,7.5,0,1471.0,0.0,0,1
1471.0,J3,122,38.98,1.16,29.0,0.0,0,0.0,0.0,0,1471.0,0.0,0,1
1471.0,J1,122,38.98,1.16,29.0,30.0,4,30.0,0.0,0,1471.0,0.0,0,1
1472.0,J2,123,38.84,1.23,30.0,45.0,6,37.5,7.5,0,1472.0,0.0,0,1
1472.0,J3,123,38.84,1.23,30.0,0.0,0,0.0,0.0,0,1472.0,0.0,0,1
1472.0,J1,123,38.84,1.23,30.0,30.0,4,30.0,0.0,0,1472.0,0.0,0,1
1473.0,J2,125,39.04,1.29,31.0,45.0,6,45.0,0.0,0,1473.0,0.0,0,1
1473.0,J3,125,39.04,1.29,31.0,0.0,0,0.0,0.0,0,1473.0,0.0,0,1
1473.0,J1,125,39.04,1.29,31.0,30.0,4,30.0,0.0,0,1473.0,0.0,0,1
1474.0,J2,125,38.86,1.38,32.0,45.0,6,45.0,0.0,0,1474.0,0.0,0,1
1474.0,J3,125,38.86,1.38,32.0,7.5,1,0.0,7.5,0,1474.0,0.0,0,1
1474.0,J1,125,38.86,1.38,32.0,37.5,5,30.0,7.5,0,1474.0,0.0,0,1
1475.0,J2,125,38.59,1.48,33.0,45.0,6,45.0,0.0,0,1475.0,0.0,0,1
1475.0,J3,125,38.59,1.48,33.0,7.5,1,0.0,7.5,0,1475.0,0.0,0,1
1475.0,J1,125,38.59,1.48,33.0,37.5,5,30.0,7.5,0,1475.0,0.0,0,1
6.0,J2,4,47.97,0.0,0.0,0.0,0,0.0,0.0,0,6.0,37.5,1,2
6.0,J3,4,47.97,0.0,0.0,0.0,0,0.0,0.0,0,6.0,22.5,0,2
6.0,J1,4,47.97,0.0,0.0,0.0,0,0.0,0.0,0,6.0,52.5,1,2
7.0,J2,5,46.02,0.0,0.0,0.0,0,0.0,0.0,0,7.0,45.0,1,2
7.0,J3,5,46.02,0.0,0.0,0.0,0,0.0,0.0,0,7.0,22.5,0,2
7.0,J1,5,46.02,0.0,0.0,0.0,0,0.0,0.0,0,7.0,52.5,1,2
8.0,J2,6,45.47,0.0,0.0,0.0,0,0.0,0.0,0,8.0,45.0,1,2
8.0,J3,6,45.47,0.0,0.0,0.0,0,0.0,0.0,0,8.0,22.5,0,2
8.0,J1,6,45.47,0.0,0.0,0.0,0,0.0,0.0,0,8.0,52.5,1,2
9.0,J2,6,45.87,0.0,0.0,0.0,0,0.0,0.0,0,9.0,52.5,1,2
9.0,J3,6,45.87,0.0,0.0,0.0,0,0.0,0.0,0,9.0,22.5,0,2
9.0,J1,6,45.87,0.0,0.0,0.0,0,0.0,0.0,0,9.0,52.5,1,2
10.0,J2,6,45.95,0.0,0.0,0.0,0,0.0,0.0,0,10.0,52.5,1,2
10.0,J3,6,45.95,0.0,0.0,0.0,0,0.0,0.0,0,10.0,22.5,0,2
10.0,J1,6,45.95,0.0,0.0,0.0,0,0.0,0.0,0,10.0,52.5,1,2
11.0,J2,8,46.3,0.0,0.0,0.0,0,0.0,0.0,0,11.0,60.0,1,2
11.0,J3,8,46.3,0.0,0.0,0.0,0,0.0,0.0,0,11.0,22.5,0,2
11.0,J1,8,46.3,0.0,0.0,0.0,0,0.0,0.0,0,11.0,52.5,1,2
12.0,J2,10,45.9,0.0,0.0,0.0,0,0.0,0.0,0,12.0,60.0,1,2
12.0,J3,10,45.9,0.0,0.0,0.0,0,0.0,0.0,0,12.0,22.5,0,2
12.0,J1,10,45.9,0.0,0.0,0.0,0,0.0,0.0,0,12.0,52.5,1,2
13.0,J2,10,45.17,0.0,0.0,0.0,0,0.0,0.0,0,13.0,60.0,1,2
13.0,J3,10,45.17,0.0,0.0,0.0,0,0.0,0.0,0,13.0,22.5,0,2
13.0,J1,10,45.17,0.0,0.0,0.0,0,0.0,0.0,0,13.0,60.0,1,2
14.0,J2,13,45.76,0.0,0.0,0.0,0,0.0,0.0,0,14.0,60.0,1,2
14.0,J3,13,45.76,0.0,0.0,0.0,0,0.0,0.0,0,14.0,22.5,0,2
14.0,J1,13,45.76,0.0,0.0,0.0,0,0.0,0.0,0,14.0,60.0,1,2
15.0,J2,13,45.53,0.0,0.0,0.0,0,0.0,0.0,0,15.0,60.0,1,2
15.0,J3,13,45.53,0.0,0.0,0.0,0,0.0,0.0,0,15.0,30.0,0,2
15.0,J1,13,45.53,0.0,0.0,0.0,0,0.0,0.0,0,15.0,60.0,1,2
16.0,J2,13,44.59,0.0,0.0,0.0,0,0.0,0.0,0,16.0,30.0,0,2
16.0,J3,13,44.59,0.0,0.0,0.0,0,0.0,0.0,0,16.0,15.0,0,2
16.0,J1,13,44.59,0.0,0.0,0.0,0,0.0,0.0,0,16.0,30.0,0,2
17.0,J2,15,45.51,0.0,0.0,0.0,0,0.0,0.0,0,17.0,0.0,0,2
17.0,J3,15,45.51,0.0,0.0,0.0,0,0.0,0.0,0,17.0,7.5,0,2
17.0,J1,15,45.51,0.0,0.0,0.0,0,0.0,0.0,0,17.0,22.5,0,2
18.0,J2,16,45.7,0.0,0.0,0.0,0,0.0,0.0,0,18.0,15.0,0,2
18.0,J3,16,45.7,0.0,0.0,0.0,0,0.0,0.0,0,18.0,7.5,0,2
18.0,J1,16,45.7,0.0,0.0,0.0,0,0.0,0.0,0,18.0,30.0,0,2
19.0,J2,16,45.81,0.0,0.0,0.0,0,0.0,0.0,0,19.0,22.5,0,2
19.0,J3,16,45.81,0.0,0.0,0.0,0,0.0,0.0,0,19.0,7.5,0,2
19.0,J1,16,45.81,0.0,0.0,0.0,0,0.0,0.0,0,19.0,37.5,1,2
20.0,J2,17,45.68,0.0,0.0,0.0,0,0.0,0.0,0,20.0,30.0,0,2
20.0,J3,17,45.68,0.0,0.0,0.0,0,0.0,0.0,0,20.0,15.0,0,2
20.0,J1,17,45.68,0.0,0.0,0.0,0,0.0,0.0,0,20.0,45.0,1,2
21.0,J2,17,45.02,0.0,0.0,0.0,0,0.0,0.0,0,21.0,37.5,1,2
21.0,J3,17,45.02,0.0,0.0,0.0,0,0.0,0.0,0,21.0,15.0,0,2
21.0,J1,17,45.02,0.0,0.0,0.0,0,0.0,0.0,0,21.0,60.0,1,2
22.0,J2,17,46.22,0.0,0.0,0.0,0,0.0,0.0,0,22.0,45.0,1,2
22.0,J3,17,46.22,0.0,0.0,0.0,0,0.0,0.0,0,22.0,15.0,0,2
22.0,J1,17,46.22,0.0,0.0,0.0,0,0.0,0.0,0,22.0,60.0,1,2
23.0,J2,18,45.61,0.0,0.0,0.0,0,0.0,0.0,0,23.0,67.5,1,2
23.0,J3,18,45.61,0.0,0.0,0.0,0,0.0,0.0,0,23.0,30.0,0,2
23.0,J1,18,45.61,0.0,0.0,0.0,0,0.0,0.0,0,23.0,75.0,1,2
24.0,J2,19,45.28,0.0,0.0,0.0,0,0.0,0.0,0,24.0,67.5,1,2
24.0,J3,19,45.28,0.0,0.0,0.0,0,0.0,0.0,0,24.0,30.0,0,2
24.0,J1,19,45.28,0.0,0.0,0.0,0,0.0,0.0,0,24.0,82.5,1,2
25.0,J2,20,45.91,0.0,0.0,0.0,0,0.0,0.0,0,25.0,67.5,1,2
25.0,J3,20,45.91,0.0,0.0,0.0,0,0.0,0.0,0,25.0,30.0,0,2
25.0,J1,20,45.91,0.0,0.0,0.0,0,0.0,0.0,0,25.0,97.5,1,2
26.0,J2,20,45.17,0.0,0.0,0.0,0,0.0,0.0,0,26.0,75.0,1,2
26.0,J3,20,45.17,0.0,0.0,0.0,0,0.0,0.0,0,26.0,37.5,1,2
26.0,J1,20,45.17,0.0,0.0,0.0,0,0.0,0.0,0,26.0,105.0,1,2
27.0,J2,20,45.38,0.0,0.0,0.0,0,0.0,0.0,0,27.0,75.0,1,2
27.0,J3,20,45.38,0.0,0.0,0.0,0,0.0,0.0,0,27.0,45.0,1,2
27.0,J1,20,45.38,0.0,0.0,0.0,0,0.0,0.0,0,27.0,112.5,1,2
28.0,J2,20,45.8,0.0,0.0,0.0,0,0.0,0.0,0,28.0,75.0,1,2
28.0,J3,20,45.8,0.0,0.0,0.0,0,0.0,0.0,0,28.0,67.5,1,2
28.0,J1,20,45.8,0.0,0.0,0.0,0,0.0,0.0,0,28.0,112.5,1,2
29.0,J2,20,45.79,0.0,0.0,0.0,0,0.0,0.0,0,29.0,90.0,1,2
29.0,J3,20,45.79,0.0,0.0,0.0,0,0.0,0.0,0,29.0,75.0,1,2
29.0,J1,20,45.79,0.0,0.0,0.0,0,0.0,0.0,0,29.0,112.5,1,2
30.0,J2,20,45.2,0.0,0.0,0.0,0,0.0,0.0,0,30.0,97.5,1,2
30.0,J3,20,45.2,0.0,0.0,0.0,0,0.0,0.0,0,30.0,82.5,1,2
30.0,J1,20,45.2,0.0,0.0,0.0,0,0.0,0.0,0,30.0,120.0,1,2
31.0,J2,21,45.45,0.0,0.0,0.0,0,0.0,0.0,0,31.0,105.0,1,2
31.0,J3,21,45.45,0.0,0.0,0.0,0,0.0,0.0,0,31.0,90.0,1,2
31.0,J1,21,45.45,0.0,0.0,0.0,0,0.0,0.0,0,31.0,142.5,1,2
32.0,J2,23,46.26,0.0,0.0,0.0,0,0.0,0.0,0,32.0,120.0,1,2
32.0,J3,23,46.26,0.0,0.0,0.0,0,0.0,0.0,0,32.0,90.0,1,2
32.0,J1,23,46.26,0.0,0.0,0.0,0,0.0,0.0,0,32.0,157.5,1,2
33.0,J2,24,45.63,0.0,0.0,0.0,0,0.0,0.0,0,33.0,120.0,1,2
33.0,J3,24,45.63,0.0,0.0,0.0,0,0.0,0.0,0,33.0,97.5,1,2
33.0,J1,24,45.63,0.0,0.0,0.0,0,0.0,0.0,0,33.0,165.0,1,2
34.0,J2,26,45.9,0.0,0.0,0.0,0,0.0,0.0,0,34.0,135.0,1,2
34.0,J3,26,45.9,0.0,0.0,0.0,0,0.0,0.0,0,34.0,97.5,1,2
34.0,J1,26,45.9,0.0,0.0,0.0,0,0.0,0.0,0,34.0,165.0,1,2
35.0,J2,26,45.84,0.0,0.0,0.0,0,0.0,0.0,0,35.0,135.0,1,2
35.0,J3,26,45.84,0.0,0.0,0.0,0,0.0,0.0,0,35.0,97.5,1,2
35.0,J1,26,45.84,0.0,0.0,0.0,0,0.0,0.0,0,35.0,180.0,1,2
36.0,J2,26,45.65,0.0,0.0,0.0,0,0.0,0.0,0,36.0,142.5,1,2
36.0,J3,26,45.65,0.0,0.0,0.0,0,0.0,0.0,0,36.0,97.5,1,2
36.0,J1,26,45.65,0.0,0.0,0.0,0,0.0,0.0,0,36.0,180.0,1,2
37.0,J2,26,45.49,0.0,0.0,0.0,0,0.0,0.0,0,37.0,142.5,1,2
37.0,J3,26,45.49,0.0,0.0,0.0,0,0.0,0.0,0,37.0,97.5,1,2
37.0,J1,26,45.49,0.0,0.0,0.0,0,0.0,0.0,0,37.0,195.0,1,2
38.0,J2,27,45.78,0.0,0.0,0.0,0,0.0,0.0,0,38.0,142.5,1,2
38.0,J3,27,45.78,0.0,0.0,0.0,0,0.0,0.0,0,38.0,97.5,1,2
38.0,J1,27,45.78,0.0,0.0,0.0,0,0.0,0.0,0,38.0,195.0,1,2
39.0,J2,28,44.47,0.0,0.0,0.0,0,0.0,0.0,0,39.0,142.5,1,2
39.0,J3,28,44.47,0.0,0.0,0.0,0,0.0,0.0,0,39.0,105.0,1,2
39.0,J1,28,44.47,0.0,0.0,0.0,0,0.0,0.0,0,39.0,202.5,1,2
40.0,J2,31,43.74,0.0,0.0,0.0,0,0.0,0.0,0,40.0,142.5,1,2
40.0,J3,31,43.74,0.0,0.0,0.0,0,0.0,0.0,0,40.0,105.0,1,2
40.0,J1,31,43.74,0.0,0.0,0.0,0,0.0,0.0,0,40.0,202.5,1,2
41.0,J2,33,42.56,0.0,0.0,0.0,0,0.0,0.0,0,41.0,142.5,1,2
41.0,J3,33,42.56,0.0,0.0,0.0,0,0.0,0.0,0,41.0,112.5,1,2
41.0,J1,33,42.56,0.0,0.0,0.0,0,0.0,0.0,0,41.0,202.5,1,2
42.0,J2,35,40.96,0.0,0.0,0.0,0,0.0,0.0,0,42.0,150.0,1,2
42.0,J3,35,40.96,0.0,0.0,0.0,0,0.0,0.0,0,42.0,112.5,1,2
42.0,J1,35,40.96,0.0,0.0,0.0,0,0.0,0.0,0,42.0,202.5,1,2
43.0,J2,37,40.45,0.03,1.0,7.5,1,0.0,7.5,1,43.0,150.0,1,2
43.0,J3,37,40.45,0.03,1.0,0.0,0,0.0,0.0,1,43.0,112.5,1,2
43.0,J1,37,40.45,0.03,1.0,0.0,0,0.0,0.0,1,43.0,202.5,1,2
44.0,J2,37,40.17,0.08,2.0,15.0,2,0.0,15.0,1,44.0,150.0,1,2
44.0,J3,37,40.17,0.08,2.0,0.0,0,0.0,0.0,1,44.0,112.5,1,2
44.0,J1,37,40.17,0.08,2.0,0.0,0,0.0,0.0,1,44.0,202.5,1,2
45.0,J2,38,39.96,0.16,3.0,22.5,3,0.0,22.5,1,45.0,157.5,1,2
45.0,J3,38,39.96,0.16,3.0,0.0,0,0.0,0.0,1,45.0,112.5,1,2
45.0,J1,38,39.96,0.16,3.0,0.0,0,0.0,0.0,1,45.0,217.5,1,2
46.0,J2,39,40.46,0.0,0.0,0.0,0,0.0,0.0,2,46.0,157.5,1,2
46.0,J3,39,40.46,0.0,0.0,0.0,0,0.0,0.0,2,46.0,120.0,1,2
46.0,J1,39,40.46,0.0,0.0,0.0,0,0.0,0.0,2,46.0,217.5,1,2
47.0,J2,40,40.84,0.0,0.0,0.0,0,0.0,0.0,2,47.0,165.0,1,2
47.0,J3,40,40.84,0.0,0.0,0.0,0,0.0,0.0,2,47.0,120.0,1,2
47.0,J1,40,40.84,0.0,0.0,0.0,0,0.0,0.0,2,47.0,232.5,1,2
48.0,J2,41,41.22,0.0,0.0,0.0,0,7.5,-7.5,2,48.0,165.0,1,2
48.0,J3,41,41.22,0.0,0.0,0.0,0,0.0,0.0,2,48.0,135.0,1,2
48.0,J1,41,41.22,0.0,0.0,0.0,0,0.0,0.0,2,48.0,232.5,1,2
49.0,J2,41,40.76,0.0,0.0,0.0,0,15.0,-15.0,2,49.0,165.0,1,2
49.0,J3,41,40.76,0.0,0.0,0.0,0,0.0,0.0,2,49.0,135.0,1,2
49.0,J1,41,40.76,0.0,0.0,0.0,0,0.0,0.0,2,49.0,247.5,1,2
50.0,J2,41,40.44,0.02,1.0,0.0,0,22.5,-22.5,2,50.0,172.5,1,2
50.0,J3,41,40.44,0.02,1.0,0.0,0,0.0,0.0,2,50.0,135.0,1,2
50.0,J1,41,40.44,0.02,1.0,7.5,1,0.0,7.5,2,50.0,255.0,1,2
51.0,J2,43,41.09,0.07,2.0,0.0,0,0.0,0.0,2,51.0,180.0,1,2
51.0,J3,43,41.09,0.07,2.0,0.0,0,0.0,0.0,2,51.0,135.0,1,2
51.0,J1,43,41.09,0.07,2.0,15.0,2,0.0,15.0,2,51.0,247.5,1,2
52.0,J2,43,40.48,0.14,3.0,0.0,0,0.0,0.0,2,52.0,180.0,1,2
52.0,J3,43,40.48,0.14,3.0,7.5,1,0.0,7.5,2,52.0,135.0,1,2
52.0,J1,43,40.48,0.14,3.0,15.0,2,0.0,15.0,2,52.0,247.5,1,2
53.0,J2,43,40.14,0.23,4.0,0.0,0,0.0,0.0,2,53.0,180.0,1,2
53.0,J3,43,40.14,0.23,4.0,7.5,1,0.0,7.5,2,53.0,135.0,1,2
53.0,J1,43,40.14,0.23,4.0,22.5,3,0.0,22.5,2,53.0,247.5,1,2
54.0,J2,43,39.44,0.33,5.0,0.0,0,0.0,0.0,2,54.0,187.5,1,2
54.0,J3,43,39.44,0.33,5.0,7.5,1,0.0,7.5,2,54.0,135.0,1,2
54.0,J1,43,39.44,0.33,5.0,22.5,3,0.0,22.5,2,54.0,247.5,1,2
55.0,J2,43,38.29,0.42,6.0,0.0,0,0.0,0.0,2,55.0,187.5,1,2
55.0,J3,43,38.29,0.42,6.0,7.5,1,0.0,7.5,2,55.0,142.5,1,2
55.0,J1,43,38.29,0.42,6.0,22.5,3,7.5,15.0,2,55.0,262.5,1,2
56.0,J2,44,38.07,0.5,7.0,0.0,0,0.0,0.0,2,56.0,195.0,1,2
56.0,J3,44,38.07,0.5,7.0,7.5,1,0.0,7.5,2,56.0,142.5,1,2
56.0,J1,44,38.07,0.5,7.0,22.5,3,15.0,7.5,2,56.0,262.5,1,2
57.0,J2,44,37.51,0.64,8.0,0.0,0,0.0,0.0,2,57.0,195.0,1,2
57.0,J3,44,37.51,0.64,8.0,15.0,2,7.5,7.5,2,57.0,142.5,1,2
57.0,J1,44,37.51,0.64,8.0,30.0,4,15.0,15.0,2,57.0,262.5,1,2
58.0,J2,45,37.4,0.78,9.0,0.0,0,0.0,0.0,2,58.0,195.0,1,2
58.0,J3,45,37.4,0.78,9.0,15.0,2,7.5,7.5,2,58.0,142.5,1,2
58.0,J1,45,37.4,0.78,9.0,37.5,5,22.5,15.0,2,58.0,262.5,1,2
59.0,J2,45,36.8,0.93,10.0,0.0,0,0.0,0.0,2,59.0,195.0,1,2
59.0,J3,45,36.8,0.93,10.0,15.0,2,7.5,7.5,2,59.0,142.5,1,2
59.0,J1,45,36.8,0.93,10.0,37.5,5,22.5,15.0,2,59.0,262.5,1,2
60.0,J2,45,36.88,1.09,11.0,0.0,0,0.0,0.0,2,60.0,195.0,1,2
60.0,J3,45,36.88,1.09,11.0,15.0,2,7.5,7.5,2,60.0,142.5,1,2
60.0,J1,45,36.88,1.09,11.0,37.5,5,22.5,15.0,2,60.0,262.5,1,2
61.0,J2,45,36.89,1.27,12.0,0.0,0,0.0,0.0,2,61.0,157.5,1,2
61.0,J3,45,36.89,1.27,12.0,22.5,3,7.5,15.0,2,61.0,97.5,1,2
61.0,J1,45,36.89,1.27,12.0,37.5,5,22.5,15.0,2,61.0,217.5,1,2
62.0,J2,46,36.83,1.41,13.0,0.0,0,0.0,0.0,2,62.0,120.0,1,2
62.0,J3,46,36.83,1.41,13.0,22.5,3,15.0,7.5,2,62.0,67.5,1,2
62.0,J1,46,36.83,1.41,13.0,37.5,5,30.0,7.5,2,62.0,172.5,1,2
63.0,J2,47,36.84,1.55,14.0,0.0,0,0.0,0.0,2,63.0,75.0,1,2
63.0,J3,47,36.84,1.55,14.0,22.5,3,15.0,7.5,2,63.0,37.5,1,2
63.0,J1,47,36.84,1.55,14.0,37.5,5,37.5,0.0,2,63.0,135.0,1,2
64.0,J2,47,37.02,1.72,15.0,0.0,0,0.0,0.0,2,64.0,52.5,1,2
64.0,J3,47,37.02,1.72,15.0,22.5,3,15.0,7.5,2,64.0,22.5,0,2
64.0,J1,47,37.02,1.72,15.0,37.5,5,37.5,0.0,2,64.0,112.5,1,2
65.0,J2,47,36.41,1.91,16.0,0.0,0,0.0,0.0,2,65.0,30.0,0,2
65.0,J3,47,36.41,1.91,16.0,30.0,4,15.0,15.0,2,65.0,15.0,0,2
65.0,J1,47,36.41,1.91,16.0,37.5,5,37.5,0.0,2,65.0,90.0,1,2
66.0,J2,48,36.93,2.06,17.0,0.0,0,0.0,0.0,2,66.0,15.0,0,2
66.0,J3,48,36.93,2.06,17.0,30.0,4,22.5,7.5,2,66.0,15.0,0,2
66.0,J1,48,36.93,2.06,17.0,37.5,5,37.5,0.0,2,66.0,75.0,1,2
67.0,J2,49,37.1,2.2,18.0,0.0,0,0.0,0.0,2,67.0,15.0,0,2
67.0,J3,49,37.1,2.2,18.0,30.0,4,22.5,7.5,2,67.0,15.0,0,2
67.0,J1,49,37.1,2.2,18.0,37.5,5,37.5,0.0,2,67.0,52.5,1,2
68.0,J2,50,37.18,2.34,19.0,0.0,0,0.0,0.0,2,68.0,22.5,0,2
68.0,J3,50,37.18,2.34,19.0,30.0,4,22.5,7.5,2,68.0,15.0,0,2
68.0,J1,50,37.18,2.34,19.0,37.5,5,37.5,0.0,2,68.0,30.0,0,2
69.0,J2,50,36.9,2.52,20.0,0.0,0,0.0,0.0,2,69.0,22.5,0,2
69.0,J3,50,36.9,2.52,20.0,30.0,4,22.5,7.5,2,69.0,15.0,0,2
69.0,J1,50,36.9,2.52,20.0,37.5,5,37.5,0.0,2,69.0,15.0,0,2
70.0,J2,50,36.75,2.7,21.0,0.0,0,0.0,0.0,2,70.0,22.5,0,2
70.0,J3,50,36.75,2.7,21.0,30.0,4,30.0,0.0,2,70.0,15.0,0,2
70.0,J1,50,36.75,2.7,21.0,37.5,5,37.5,0.0,2,70.0,7.5,0,2
71.0,J2,53,36.83,2.72,22.0,0.0,0,0.0,0.0,2,71.0,22.5,0,2
71.0,J3,53,36.83,2.72,22.0,30.0,4,30.0,0.0,2,71.0,15.0,0,2
71.0,J1,53,36.83,2.72,22.0,37.5,5,37.5,0.0,2,71.0,7.5,0,2
72.0,J2,53,36.11,2.89,23.0,0.0,0,0.0,0.0,2,72.0,22.5,0,2
72.0,J3,53,36.11,2.89,23.0,30.0,4,30.0,0.0,2,72.0,15.0,0,2
72.0,J1,53,36.11,2.89,23.0,37.5,5,37.5,0.0,2,72.0,7.5,0,2
73.0,J2,54,36.35,3.0,24.0,0.0,0,0.0,0.0,2,73.0,22.5,0,2
73.0,J3,54,36.35,3.0,24.0,30.0,4,30.0,0.0,2,73.0,15.0,0,2
73.0,J1,54,36.35,3.0,24.0,37.5,5,37.5,0.0,2,73.0,7.5,0,2
74.0,J2,54,36.05,3.2,25.0,0.0,0,0.0,0.0,2,74.0,30.0,0,2
74.0,J3,54,36.05,3.2,25.0,45.0,6,30.0,15.0,2,74.0,15.0,0,2
74.0,J1,54,36.05,3.2,25.0,37.5,5,37.5,0.0,2,74.0,7.5,0,2
75.0,J2,54,36.19,3.41,26.0,0.0,0,0.0,0.0,2,75.0,30.0,0,2
75.0,J3,54,36.19,3.41,26.0,45.0,6,30.0,15.0,2,75.0,22.5,0,2
75.0,J1,54,36.19,3.41,26.0,37.5,5,37.5,0.0,2,75.0,15.0,0,2
76.0,J2,55,35.94,3.55,27.0,0.0,0,0.0,0.0,2,76.0,30.0,0,2
76.0,J3,55,35.94,3.55,27.0,45.0,6,30.0,15.0,2,76.0,30.0,0,2
76.0,J1,55,35.94,3.55,27.0,37.5,5,37.5,0.0,2,76.0,15.0,0,2
77.0,J2,55,35.74,3.75,28.0,0.0,0,0.0,0.0,2,77.0,30.0,0,2
77.0,J3,55,35.74,3.75,28.0,45.0,6,30.0,15.0,2,77.0,37.5,1,2
77.0,J1,55,35.74,3.75,28.0,37.5,5,37.5,0.0,2,77.0,15.0,0,2
78.0,J2,58,35.89,3.74,29.0,0.0,0,0.0,0.0,2,78.0,30.0,0,2
78.0,J3,58,35.89,3.74,29.0,45.0,6,30.0,15.0,2,78.0,45.0,1,2
78.0,J1,58,35.89,3.74,29.0,37.5,5,37.5,0.0,2,78.0,15.0,0,2
79.0,J2,59,35.5,3.88,30.0,0.0,0,0.0,0.0,2,79.0,37.5,1,2
79.0,J3,59,35.5,3.88,30.0,45.0,6,45.0,0.0,2,79.0,45.0,1,2
79.0,J1,59,35.5,3.88,30.0,45.0,6,37.5,7.5,2,79.0,15.0,0,2
80.0,J2,59,35.09,4.08,31.0,0.0,0,0.0,0.0,2,80.0,45.0,1,2
80.0,J3,59,35.09,4.08,31.0,45.0,6,45.0,0.0,2,80.0,45.0,1,2
80.0,J1,59,35.09,4.08,31.0,45.0,6,37.5,7.5,2,80.0,15.0,0,2
81.0,J2,61,35.39,4.15,32.0,0.0,0,0.0,0.0,2,81.0,45.0,1,2
81.0,J3,61,35.39,4.15,32.0,45.0,6,45.0,0.0,2,81.0,45.0,1,2
81.0,J1,61,35.39,4.15,32.0,45.0,6,37.5,7.5,2,81.0,15.0,0,2
82.0,J2,61,34.67,4.34,33.0,0.0,0,0.0,0.0,2,82.0,52.5,1,2
82.0,J3,61,34.67,4.34,33.0,45.0,6,45.0,0.0,2,82.0,45.0,1,2
82.0,J1,61,34.67,4.34,33.0,45.0,6,37.5,7.5,2,82.0,15.0,0,2
83.0,J2,62,34.19,4.47,34.0,0.0,0,0.0,0.0,2,83.0,52.5,1,2
83.0,J3,62,34.19,4.47,34.0,45.0,6,45.0,0.0,2,83.0,45.0,1,2
83.0,J1,62,34.19,4.47,34.0,45.0,6,37.5,7.5,2,83.0,15.0,0,2
84.0,J2,62,33.66,4.68,35.0,0.0,0,0.0,0.0,2,84.0,52.5,1,2
84.0,J3,62,33.66,4.68,35.0,52.5,7,45.0,7.5,2,84.0,45.0,1,2
84.0,J1,62,33.66,4.68,35.0,45.0,6,45.0,0.0,2,84.0,15.0,0,2
85.0,J2,62,33.25,4.94,36.0,0.0,0,0.0,0.0,2,85.0,52.5,1,2
85.0,J3,62,33.25,4.94,36.0,60.0,8,45.0,15.0,2,85.0,45.0,1,2
85.0,J1,62,33.25,4.94,36.0,60.0,8,45.0,15.0,2,85.0,15.0,0,2
86.0,J2,61,32.4,5.28,37.0,0.0,0,0.0,0.0,2,86.0,60.0,1,2
86.0,J3,61,32.4,5.28,37.0,60.0,8,45.0,15.0,2,86.0,45.0,1,2
86.0,J1,61,32.4,5.28,37.0,60.0,8,45.0,15.0,2,86.0,15.0,0,2
87.0,J2,59,31.21,5.75,38.0,0.0,0,0.0,0.0,2,87.0,60.0,1,2
87.0,J3,59,31.21,5.75,38.0,67.5,9,45.0,22.5,2,87.0,45.0,1,2
87.0,J1,59,31.21,5.75,38.0,60.0,8,45.0,15.0,2,87.0,15.0,0,2
88.0,J2,61,31.56,5.85,39.0,0.0,0,0.0,0.0,3,88.0,60.0,1,2
88.0,J3,61,31.56,5.85,39.0,75.0,10,45.0,30.0,3,88.0,45.0,1,2
88.0,J1,61,31.56,5.85,39.0,60.0,8,45.0,15.0,3,88.0,15.0,0,2
89.0,J2,61,31.3,6.16,40.0,0.0,0,0.0,0.0,3,89.0,67.5,1,2
89.0,J3,61,31.3,6.16,40.0,75.0,10,52.5,22.5,3,89.0,52.5,1,2
89.0,J1,61,31.3,6.16,40.0,67.5,9,45.0,22.5,3,89.0,15.0,0,2
90.0,J2,62,31.62,6.37,41.0,0.0,0,0.0,0.0,3,90.0,67.5,1,2
90.0,J3,62,31.62,6.37,41.0,75.0,10,60.0,15.0,3,90.0,52.5,1,2
90.0,J1,62,31.62,6.37,41.0,67.5,9,60.0,7.5,3,90.0,15.0,0,2
91.0,J2,61,31.8,3.2,39.0,0.0,0,0.0,0.0,0,91.0,67.5,1,2
91.0,J3,61,31.8,3.2,39.0,52.5,7,60.0,-7.5,0,91.0,52.5,1,2
91.0,J1,61,31.8,3.2,39.0,45.0,6,60.0,-15.0,0,91.0,15.0,0,2
92.0,J2,60,32.27,1.07,19.0,0.0,0,0.0,0.0,0,92.0,67.5,1,2
92.0,J3,60,32.27,1.07,19.0,30.0,4,67.5,-37.5,0,92.0,52.5,1,2
92.0,J1,60,32.27,1.07,19.0,22.5,3,60.0,-37.5,0,92.0,22.5,0,2
93.0,J2,59,32.89,0.24,9.0,0.0,0,0.0,0.0,0,93.0,67.5,1,2
93.0,J3,59,32.89,0.24,9.0,7.5,1,75.0,-67.5,0,93.0,52.5,1,2
93.0,J1,59,32.89,0.24,9.0,7.5,1,60.0,-52.5,0,93.0,22.5,0,2
94.0,J2,60,35.13,0.0,0.0,0.0,0,0.0,0.0,0,94.0,75.0,1,2
94.0,J3,60,35.13,0.0,0.0,0.0,0,75.0,-75.0,0,94.0,52.5,1,2
94.0,J1,60,35.13,0.0,0.0,0.0,0,67.5,-67.5,0,94.0,22.5,0,2
95.0,J2,61,37.23,0.0,0.0,0.0,0,0.0,0.0,0,95.0,82.5,1,2
95.0,J3,61,37.23,0.0,0.0,0.0,0,75.0,-75.0,0,95.0,52.5,1,2
95.0,J1,61,37.23,0.0,0.0,0.0,0,67.5,-67.5,0,95.0,22.5,0,2
96.0,J2,61,38.95,0.02,1.0,7.5,1,0.0,7.5,0,96.0,82.5,1,2
96.0,J3,61,38.95,0.02,1.0,0.0,0,52.5,-52.5,0,96.0,52.5,1,2
96.0,J1,61,38.95,0.02,1.0,0.0,0,45.0,-45.0,0,96.0,22.5,0,2
97.0,J2,62,40.87,0.03,2.0,7.5,1,0.0,7.5,0,97.0,90.0,1,2
97.0,J3,62,40.87,0.03,2.0,0.0,0,30.0,-30.0,0,97.0,52.5,1,2
97.0,J1,62,40.87,0.03,2.0,0.0,0,22.5,-22.5,0,97.0,22.5,0,2
98.0,J2,63,42.26,0.05,3.0,7.5,1,0.0,7.5,0,98.0,90.0,1,2
98.0,J3,63,42.26,0.05,3.0,0.0,0,7.5,-7.5,0,98.0,52.5,1,2
98.0,J1,63,42.26,0.05,3.0,0.0,0,7.5,-7.5,0,98.0,22.5,0,2
99.0,J2,63,43.21,0.06,4.0,7.5,1,0.0,7.5,0,99.0,90.0,1,2
99.0,J3,63,43.21,0.06,4.0,0.0,0,0.0,0.0,0,99.0,52.5,1,2
99.0,J1,63,43.21,0.06,4.0,0.0,0,0.0,0.0,0,99.0,22.5,0,2
100.0,J2,63,43.43,0.08,5.0,7.5,1,0.0,7.5,0,100.0,90.0,1,2
100.0,J3,63,43.43,0.08,5.0,0.0,0,0.0,0.0,0,100.0,52.5,1,2
100.0,J1,63,43.43,0.08,5.0,0.0,0,0.0,0.0,0,100.0,22.5,0,2
101.0,J2,65,43.97,0.09,6.0,7.5,1,7.5,0.0,0,101.0,90.0,1,2
101.0,J3,65,43.97,0.09,6.0,0.0,0,0.0,0.0,0,101.0,52.5,1,2
101.0,J1,65,43.97,0.09,6.0,0.0,0,0.0,0.0,0,101.0,22.5,0,2
102.0,J2,65,43.54,0.11,7.0,7.5,1,7.5,0.0,0,102.0,97.5,1,2
102.0,J3,65,43.54,0.11,7.0,0.0,0,0.0,0.0,0,102.0,52.5,1,2
102.0,J1,65,43.54,0.11,7.0,0.0,0,0.0,0.0,0,102.0,22.5,0,2
103.0,J2,66,43.54,0.12,8.0,7.5,1,7.5,0.0,0,103.0,97.5,1,2
103.0,J3,66,43.54,0.12,8.0,0.0,0,0.0,0.0,0,103.0,52.5,1,2
103.0,J1,66,43.54,0.12,8.0,0.0,0,0.0,0.0,0,103.0,22.5,0,2
104.0,J2,65,43.14,0.14,9.0,7.5,1,7.5,0.0,0,104.0,97.5,1,2
104.0,J3,65,43.14,0.14,9.0,0.0,0,0.0,0.0,0,104.0,52.5,1,2
104.0,J1,65,43.14,0.14,9.0,0.0,0,0.0,0.0,0,104.0,22.5,0,2
105.0,J2,68,42.67,0.16,10.0,15.0,2,7.5,7.5,0,105.0,97.5,1,2
105.0,J3,68,42.67,0.16,10.0,0.0,0,0.0,0.0,0,105.0,52.5,1,2
105.0,J1,68,42.67,0.16,10.0,0.0,0,0.0,0.0,0,105.0,22.5,0,2
106.0,J2,65,42.59,0.2,11.0,15.0,2,7.5,7.5,0,106.0,67.5,1,2
106.0,J3,65,42.59,0.2,11.0,0.0,0,0.0,0.0,0,106.0,45.0,1,2
106.0,J1,65,42.59,0.2,11.0,0.0,0,0.0,0.0,0,106.0,7.5,0,2
107.0,J2,66,42.74,0.23,12.0,15.0,2,7.5,7.5,0,107.0,45.0,1,2
107.0,J3,66,42.74,0.23,12.0,0.0,0,0.0,0.0,0,107.0,37.5,1,2
107.0,J1,66,42.74,0.23,12.0,0.0,0,0.0,0.0,0,107.0,7.5,0,2
108.0,J2,66,43.02,0.27,13.0,22.5,3,7.5,15.0,0,108.0,37.5,1,2
108.0,J3,66,43.02,0.27,13.0,0.0,0,0.0,0.0,0,108.0,22.5,0,2
108.0,J1,66,43.02,0.27,13.0,0.0,0,0.0,0.0,0,108.0,22.5,0,2
109.0,J2,69,42.92,0.3,14.0,22.5,3,7.5,15.0,0,109.0,37.5,1,2
109.0,J3,69,42.92,0.3,14.0,0.0,0,0.0,0.0,0,109.0,15.0,0,2
109.0,J1,69,42.92,0.3,14.0,0.0,0,0.0,0.0,0,109.0,37.5,1,2
110.0,J2,70,42.85,0.34,15.0,22.5,3,15.0,7.5,0,110.0,37.5,1,2
110.0,J3,70,42.85,0.34,15.0,0.0,0,0.0,0.0,0,110.0,15.0,0,2
110.0,J1,70,42.85,0.34,15.0,0.0,0,0.0,0.0,0,110.0,45.0,1,2
111.0,J2,71,42.52,0.38,16.0,22.5,3,15.0,7.5,0,111.0,52.5,1,2
111.0,J3,71,42.52,0.38,16.0,0.0,0,0.0,0.0,0,111.0,15.0,0,2
111.0,J1,71,42.52,0.38,16.0,0.0,0,0.0,0.0,0,111.0,52.5,1,2
112.0,J2,73,42.6,0.41,17.0,22.5,3,15.0,7.5,0,112.0,67.5,1,2
112.0,J3,73,42.6,0.41,17.0,0.0,0,0.0,0.0,0,112.0,15.0,0,2
112.0,J1,73,42.6,0.41,17.0,0.0,0,0.0,0.0,0,112.0,67.5,1,2
113.0,J2,75,42.31,0.44,18.0,22.5,3,22.5,0.0,0,113.0,75.0,1,2
113.0,J3,75,42.31,0.44,18.0,0.0,0,0.0,0.0,0,113.0,22.5,0,2
113.0,J1,75,42.31,0.44,18.0,0.0,0,0.0,0.0,0,113.0,82.5,1,2
114.0,J2,75,42.69,0.48,19.0,22.5,3,22.5,0.0,0,114.0,90.0,1,2
114.0,J3,75,42.69,0.48,19.0,0.0,0,0.0,0.0,0,114.0,22.5,0,2
114.0,J1,75,42.69,0.48,19.0,0.0,0,0.0,0.0,0,114.0,90.0,1,2
115.0,J2,76,42.29,0.51,20.0,22.5,3,22.5,0.0,0,115.0,90.0,1,2
115.0,J3,76,42.29,0.51,20.0,0.0,0,0.0,0.0,0,115.0,22.5,0,2
115.0,J1,76,42.29,0.51,20.0,0.0,0,0.0,0.0,0,115.0,105.0,1,2
116.0,J2,76,41.86,0.57,21.0,22.5,3,22.5,0.0,0,116.0,97.5,1,2
116.0,J3,76,41.86,0.57,21.0,7.5,1,0.0,7.5,0,116.0,30.0,0,2
116.0,J1,76,41.86,0.57,21.0,0.0,0,0.0,0.0,0,116.0,105.0,1,2
117.0,J2,76,41.44,0.62,22.0,22.5,3,22.5,0.0,0,117.0,97.5,1,2
117.0,J3,76,41.44,0.62,22.0,7.5,1,0.0,7.5,0,117.0,37.5,1,2
117.0,J1,76,41.44,0.62,22.0,0.0,0,0.0,0.0,0,117.0,112.5,1,2
118.0,J2,75,40.91,0.68,23.0,22.5,3,22.5,0.0,0,118.0,105.0,1,2
118.0,J3,75,40.91,0.68,23.0,7.5,1,0.0,7.5,0,118.0,52.5,1,2
118.0,J1,75,40.91,0.68,23.0,0.0,0,0.0,0.0,0,118.0,112.5,1,2
119.0,J2,75,40.81,0.75,24.0,30.0,4,22.5,7.5,0,119.0,120.0,1,2
119.0,J3,75,40.81,0.75,24.0,7.5,1,0.0,7.5,0,119.0,52.5,1,2
119.0,J1,75,40.81,0.75,24.0,0.0,0,0.0,0.0,0,119.0,112.5,1,2
120.0,J2,75,40.49,0.81,25.0,30.0,4,22.5,7.5,0,120.0,135.0,1,2
120.0,J3,75,40.49,0.81,25.0,7.5,1,0.0,7.5,0,120.0,52.5,1,2
120.0,J1,75,40.49,0.81,25.0,0.0,0,0.0,0.0,0,120.0,112.5,1,2
121.0,J2,76,40.44,0.88,26.0,30.0,4,22.5,7.5,0,121.0,135.0,1,2
121.0,J3,76,40.44,0.88,26.0,7.5,1,7.5,0.0,0,121.0,52.5,1,2
121.0,J1,76,40.44,0.88,26.0,7.5,1,0.0,7.5,0,121.0,127.5,1,2
122.0,J2,77,40.44,0.96,27.0,30.0,4,22.5,7.5,0,122.0,150.0,1,2
122.0,J3,77,40.44,0.96,27.0,15.0,2,7.5,7.5,0,122.0,52.5,1,2
122.0,J1,77,40.44,0.96,27.0,7.5,1,0.0,7.5,0,122.0,135.0,1,2
123.0,J2,78,40.62,1.04,28.0,30.0,4,22.5,7.5,0,123.0,165.0,1,2
123.0,J3,78,40.62,1.04,28.0,15.0,2,7.5,7.5,0,123.0,60.0,1,2
123.0,J1,78,40.62,1.04,28.0,7.5,1,0.0,7.5,0,123.0,135.0,1,2
124.0,J2,79,40.33,1.11,29.0,30.0,4,30.0,0.0,0,124.0,180.0,1,2
124.0,J3,79,40.33,1.11,29.0,15.0,2,7.5,7.5,0,124.0,67.5,1,2
124.0,J1,79,40.33,1.11,29.0,7.5,1,0.0,7.5,0,124.0,135.0,1,2
125.0,J2,79,39.99,1.2,30.0,30.0,4,30.0,0.0,0,125.0,180.0,1,2
125.0,J3,79,39.99,1.2,30.0,15.0,2,7.5,7.5,0,125.0,67.5,1,2
125.0,J1,79,39.99,1.2,30.0,7.5,1,0.0,7.5,0,125.0,135.0,1,2
126.0,J2,79,39.65,1.29,31.0,30.0,4,30.0,0.0,0,126.0,180.0,1,2
126.0,J3,79,39.65,1.29,31.0,15.0,2,7.5,7.5,0,126.0,67.5,1,2
126.0,J1,79,39.65,1.29,31.0,7.5,1,7.5,0.0,0,126.0,135.0,1,2
127.0,J2,79,39.53,1.39,32.0,37.5,5,30.0,7.5,0,127.0,187.5,1,2
127.0,J3,79,39.53,1.39,32.0,15.0,2,15.0,0.0,0,127.0,67.5,1,2
127.0,J1,79,39.53,1.39,32.0,7.5,1,7.5,0.0,0,127.0,142.5,1,2
128.0,J2,79,39.51,1.51,33.0,45.0,6,30.0,15.0,0,128.0,195.0,1,2
128.0,J3,79,39.51,1.51,33.0,15.0,2,15.0,0.0,0,128.0,67.5,1,2
128.0,J1,79,39.51,1.51,33.0,7.5,1,7.5,0.0,0,128.0,150.0,1,2
129.0,J2,79,39.41,1.62,34.0,45.0,6,30.0,15.0,0,129.0,195.0,1,2
129.0,J3,79,39.41,1.62,34.0,15.0,2,15.0,0.0,0,129.0,67.5,1,2
129.0,J1,79,39.41,1.62,34.0,7.5,1,7.5,0.0,0,129.0,150.0,1,2
130.0,J2,81,39.45,1.69,35.0,45.0,6,30.0,15.0,0,130.0,202.5,1,2
130.0,J3,81,39.45,1.69,35.0,15.0,2,15.0,0.0,0,130.0,67.5,1,2
130.0,J1,81,39.45,1.69,35.0,7.5,1,7.5,0.0,0,130.0,150.0,1,2
131.0,J2,83,39.44,1.76,36.0,45.0,6,30.0,15.0,0,131.0,210.0,1,2
131.0,J3,83,39.44,1.76,36.0,15.0,2,15.0,0.0,0,131.0,67.5,1,2
131.0,J1,83,39.44,1.76,36.0,7.5,1,7.5,0.0,0,131.0,150.0,1,2
132.0,J2,84,39.11,1.85,37.0,45.0,6,37.5,7.5,0,132.0,210.0,1,2
132.0,J3,84,39.11,1.85,37.0,15.0,2,15.0,0.0,0,132.0,67.5,1,2
132.0,J1,84,39.11,1.85,37.0,7.5,1,7.5,0.0,0,132.0,157.5,1,2
133.0,J2,84,38.94,1.95,38.0,45.0,6,45.0,0.0,1,133.0,210.0,1,2
133.0,J3,84,38.94,1.95,38.0,15.0,2,15.0,0.0,1,133.0,67.5,1,2
133.0,J1,84,38.94,1.95,38.0,7.5,1,7.5,0.0,1,133.0,165.0,1,2
134.0,J2,84,38.06,2.06,39.0,45.0,6,45.0,0.0,1,134.0,210.0,1,2
134.0,J3,84,38.06,2.06,39.0,15.0,2,15.0,0.0,1,134.0,67.5,1,2
134.0,J1,84,38.06,2.06,39.0,7.5,1,7.5,0.0,1,134.0,172.5,1,2
135.0,J2,84,36.75,2.18,40.0,52.5,7,45.0,7.5,1,135.0,217.5,1,2
135.0,J3,84,36.75,2.18,40.0,15.0,2,15.0,0.0,1,135.0,67.5,1,2
135.0,J1,84,36.75,2.18,40.0,7.5,1,7.5,0.0,1,135.0,172.5,1,2
136.0,J2,84,36.46,0.26,10.0,30.0,4,45.0,-15.0,2,136.0,217.5,1,2
136.0,J3,84,36.46,0.26,10.0,0.0,0,15.0,-15.0,2,136.0,67.5,1,2
136.0,J1,84,36.46,0.26,10.0,0.0,0,7.5,-7.5,2,136.0,180.0,1,2
137.0,J2,84,35.72,0.04,2.0,15.0,2,45.0,-30.0,2,137.0,232.5,1,2
137.0,J3,84,35.72,0.04,2.0,0.0,0,15.0,-15.0,2,137.0,67.5,1,2
137.0,J1,84,35.72,0.04,2.0,0.0,0,7.5,-7.5,2,137.0,180.0,1,2
138.0,J2,85,34.92,0.07,3.0,22.5,3,45.0,-22.5,2,138.0,232.5,1,2
138.0,J3,85,34.92,0.07,3.0,0.0,0,15.0,-15.0,2,138.0,67.5,1,2
138.0,J1,85,34.92,0.07,3.0,0.0,0,7.5,-7.5,2,138.0,187.5,1,2
139.0,J2,88,34.89,0.12,4.0,30.0,4,45.0,-15.0,2,139.0,240.0,1,2
139.0,J3,88,34.89,0.12,4.0,0.0,0,15.0,-15.0,2,139.0,67.5,1,2
139.0,J1,88,34.89,0.12,4.0,7.5,1,7.5,0.0,2,139.0,195.0,1,2
140.0,J2,88,34.21,0.19,5.0,37.5,5,52.5,-15.0,2,140.0,240.0,1,2
140.0,J3,88,34.21,0.19,5.0,0.0,0,15.0,-15.0,2,140.0,67.5,1,2
140.0,J1,88,34.21,0.19,5.0,7.5,1,7.5,0.0,2,140.0,210.0,1,2
141.0,J2,90,34.18,0.3,6.0,60.0,8,30.0,30.0,2,141.0,255.0,1,2
141.0,J3,90,34.18,0.3,6.0,0.0,0,0.0,0.0,2,141.0,75.0,1,2
141.0,J1,90,34.18,0.3,6.0,15.0,2,0.0,15.0,2,141.0,217.5,1,2
142.0,J2,92,34.31,0.45,7.0,90.0,12,15.0,75.0,2,142.0,262.5,1,2
142.0,J3,92,34.31,0.45,7.0,0.0,0,0.0,0.0,2,142.0,75.0,1,2
142.0,J1,92,34.31,0.45,7.0,15.0,2,0.0,15.0,2,142.0,225.0,1,2
143.0,J2,93,33.85,0.65,8.0,112.5,15,22.5,90.0,2,143.0,262.5,1,2
143.0,J3,93,33.85,0.65,8.0,15.0,2,0.0,15.0,2,143.0,75.0,1,2
143.0,J1,93,33.85,0.65,8.0,15.0,2,0.0,15.0,2,143.0,225.0,1,2
144.0,J2,94,33.59,0.85,9.0,120.0,16,30.0,90.0,2,144.0,262.5,1,2
144.0,J3,94,33.59,0.85,9.0,15.0,2,0.0,15.0,2,144.0,82.5,1,2
144.0,J1,94,33.59,0.85,9.0,15.0,2,7.5,7.5,2,144.0,232.5,1,2
145.0,J2,95,32.78,1.08,10.0,135.0,18,37.5,97.5,2,145.0,262.5,1,2
145.0,J3,95,32.78,1.08,10.0,15.0,2,0.0,15.0,2,145.0,90.0,1,2
145.0,J1,95,32.78,1.08,10.0,22.5,3,7.5,15.0,2,145.0,232.5,1,2
146.0,J2,95,32.08,1.34,11.0,142.5,19,60.0,82.5,2,146.0,262.5,1,2
146.0,J3,95,32.08,1.34,11.0,15.0,2,0.0,15.0,2,146.0,97.5,1,2
146.0,J1,95,32.08,1.34,11.0,22.5,3,15.0,7.5,2,146.0,232.5,1,2
147.0,J2,97,32.07,1.58,12.0,157.5,21,90.0,67.5,2,147.0,262.5,1,2
147.0,J3,97,32.07,1.58,12.0,15.0,2,0.0,15.0,2,147.0,97.5,1,2
147.0,J1,97,32.07,1.58,12.0,22.5,3,15.0,7.5,2,147.0,240.0,1,2
148.0,J2,99,32.01,1.81,13.0,157.5,21,112.5,45.0,2,148.0,262.5,1,2
148.0,J3,99,32.01,1.81,13.0,15.0,2,15.0,0.0,2,148.0,105.0,1,2
148.0,J1,99,32.01,1.81,13.0,22.5,3,15.0,7.5,2,148.0,247.5,1,2
149.0,J2,99,32.16,2.09,14.0,165.0,22,120.0,45.0,2,149.0,262.5,1,2
149.0,J3,99,32.16,2.09,14.0,15.0,2,15.0,0.0,2,149.0,105.0,1,2
149.0,J1,99,32.16,2.09,14.0,30.0,4,15.0,15.0,2,149.0,255.0,1,2
150.0,J2,101,31.67,2.33,15.0,165.0,22,135.0,30.0,2,150.0,262.5,1,2
150.0,J3,101,31.67,2.33,15.0,15.0,2,15.0,0.0,2,150.0,105.0,1,2
150.0,J1,101,31.67,2.33,15.0,30.0,4,22.5,7.5,2,150.0,270.0,1,2
151.0,J2,104,31.81,2.53,16.0,165.0,22,142.5,22.5,2,151.0,217.5,1,2
151.0,J3,104,31.81,2.53,16.0,15.0,2,15.0,0.0,2,151.0,60.0,1,2
151.0,J1,104,31.81,2.53,16.0,30.0,4,22.5,7.5,2,151.0,225.0,1,2
152.0,J2,104,31.25,2.82,17.0,172.5,23,157.5,15.0,2,152.0,172.5,1,2
152.0,J3,104,31.25,2.82,17.0,15.0,2,15.0,0.0,2,152.0,22.5,0,2
152.0,J1,104,31.25,2.82,17.0,37.5,5,22.5,15.0,2,152.0,180.0,1,2
153.0,J2,105,30.98,3.08,18.0,172.5,23,157.5,15.0,2,153.0,127.5,1,2
153.0,J3,105,30.98,3.08,18.0,15.0,2,15.0,0.0,2,153.0,0.0,0,2
153.0,J1,105,30.98,3.08,18.0,37.5,5,22.5,15.0,2,153.0,142.5,1,2
154.0,J2,106,30.53,3.34,19.0,180.0,24,165.0,15.0,2,154.0,82.5,1,2
154.0,J3,106,30.53,3.34,19.0,15.0,2,15.0,0.0,2,154.0,0.0,0,2
154.0,J1,106,30.53,3.34,19.0,37.5,5,30.0,7.5,2,154.0,97.5,1,2
155.0,J2,107,29.98,3.63,20.0,195.0,26,165.0,30.0,2,155.0,45.0,1,2
155.0,J3,107,29.98,3.63,20.0,15.0,2,15.0,0.0,2,155.0,0.0,0,2
155.0,J1,107,29.98,3.63,20.0,45.0,6,30.0,15.0,2,155.0,52.5,1,2
156.0,J2,107,29.5,3.94,21.0,195.0,26,165.0,30.0,2,156.0,15.0,0,2
156.0,J3,107,29.5,3.94,21.0,15.0,2,15.0,0.0,2,156.0,0.0,0,2
156.0,J1,107,29.5,3.94,21.0,45.0,6,30.0,15.0,2,156.0,7.5,0,2
157.0,J2,108,29.09,4.23,22.0,195.0,26,172.5,22.5,2,157.0,7.5,0,2
157.0,J3,108,29.09,4.23,22.0,22.5,3,15.0,7.5,2,157.0,0.0,0,2
157.0,J1,108,29.09,4.23,22.0,45.0,6,37.5,7.5,2,157.0,7.5,0,2
158.0,J2,109,29.12,4.53,23.0,195.0,26,172.5,22.5,2,158.0,22.5,0,2
158.0,J3,109,29.12,4.53,23.0,37.5,5,15.0,22.5,2,158.0,0.0,0,2
158.0,J1,109,29.12,4.53,23.0,45.0,6,37.5,7.5,2,158.0,7.5,0,2
159.0,J2,109,28.74,4.88,24.0,202.5,27,180.0,22.5,2,159.0,30.0,0,2
159.0,J3,109,28.74,4.88,24.0,37.5,5,15.0,22.5,2,159.0,7.5,0,2
159.0,J1,109,28.74,4.88,24.0,45.0,6,37.5,7.5,2,159.0,7.5,0,2
160.0,J2,109,27.99,5.24,25.0,202.5,27,195.0,7.5,2,160.0,30.0,0,2
160.0,J3,109,27.99,5.24,25.0,45.0,6,15.0,30.0,2,160.0,7.5,0,2
160.0,J1,109,27.99,5.24,25.0,45.0,6,45.0,0.0,2,160.0,7.5,0,2
161.0,J2,110,27.39,5.55,26.0,202.5,27,195.0,7.5,2,161.0,30.0,0,2
161.0,J3,110,27.39,5.55,26.0,45.0,6,15.0,30.0,2,161.0,7.5,0,2
161.0,J1,110,27.39,5.55,26.0,45.0,6,45.0,0.0,2,161.0,7.5,0,2
162.0,J2,111,26.98,5.86,27.0,202.5,27,195.0,7.5,2,162.0,22.5,0,2
162.0,J3,111,26.98,5.86,27.0,52.5,7,22.5,30.0,2,162.0,7.5,0,2
162.0,J1,111,26.98,5.86,27.0,45.0,6,45.0,0.0,2,162.0,7.5,0,2
163.0,J2,112,26.75,6.19,28.0,217.5,29,195.0,22.5,2,163.0,22.5,0,2
163.0,J3,112,26.75,6.19,28.0,52.5,7,37.5,15.0,2,163.0,7.5,0,2
163.0,J1,112,26.75,6.19,28.0,52.5,7,45.0,7.5,2,163.0,7.5,0,2
164.0,J2,114,27.47,6.47,29.0,225.0,30,202.5,22.5,2,164.0,30.0,0,2
164.0,J3,114,27.47,6.47,29.0,60.0,8,37.5,22.5,2,164.0,7.5,0,2
164.0,J1,114,27.47,6.47,29.0,52.5,7,45.0,7.5,2,164.0,7.5,0,2
165.0,J2,117,27.68,6.69,30.0,225.0,30,202.5,22.5,2,165.0,37.5,1,2
165.0,J3,117,27.68,6.69,30.0,60.0,8,45.0,15.0,2,165.0,7.5,0,2
165.0,J1,117,27.68,6.69,30.0,52.5,7,45.0,7.5,2,165.0,15.0,0,2
166.0,J2,118,27.25,7.02,31.0,225.0,30,202.5,22.5,2,166.0,45.0,1,2
166.0,J3,118,27.25,7.02,31.0,60.0,8,45.0,15.0,2,166.0,7.5,0,2
166.0,J1,118,27.25,7.02,31.0,52.5,7,45.0,7.5,2,166.0,15.0,0,2
167.0,J2,119,27.21,7.34,32.0,225.0,30,202.5,22.5,2,167.0,52.5,1,2
167.0,J3,119,27.21,7.34,32.0,60.0,8,52.5,7.5,2,167.0,7.5,0,2
167.0,J1,119,27.21,7.34,32.0,52.5,7,45.0,7.5,2,167.0,15.0,0,2
168.0,J2,119,26.79,7.72,33.0,225.0,30,217.5,7.5,2,168.0,60.0,1,2
168.0,J3,119,26.79,7.72,33.0,60.0,8,52.5,7.5,2,168.0,7.5,0,2
168.0,J1,119,26.79,7.72,33.0,60.0,8,52.5,7.5,2,168.0,15.0,0,2
169.0,J2,119,26.15,8.12,34.0,225.0,30,225.0,0.0,2,169.0,45.0,1,2
169.0,J3,119,26.15,8.12,34.0,60.0,8,60.0,0.0,2,169.0,7.5,0,2
169.0,J1,119,26.15,8.12,34.0,67.5,9,52.5,15.0,2,169.0,15.0,0,2
170.0,J2,120,25.73,8.44,35.0,225.0,30,225.0,0.0,2,170.0,37.5,1,2
170.0,J3,120,25.73,8.44,35.0,60.0,8,60.0,0.0,2,170.0,7.5,0,2
170.0,J1,120,25.73,8.44,35.0,67.5,9,52.5,15.0,2,170.0,15.0,0,2
171.0,J2,120,25.2,8.84,36.0,225.0,30,225.0,0.0,2,171.0,37.5,1,2
171.0,J3,120,25.2,8.84,36.0,60.0,8,60.0,0.0,2,171.0,7.5,0,2
171.0,J1,120,25.2,8.84,36.0,75.0,10,52.5,22.5,2,171.0,15.0,0,2
172.0,J2,120,24.94,9.27,37.0,232.5,31,225.0,7.5,2,172.0,37.5,1,2
172.0,J3,120,24.94,9.27,37.0,67.5,9,60.0,7.5,2,172.0,7.5,0,2
172.0,J1,120,24.94,9.27,37.0,82.5,11,52.5,30.0,2,172.0,15.0,0,2
173.0,J2,122,24.9,9.53,38.0,232.5,31,225.0,7.5,2,173.0,37.5,1,2
173.0,J3,122,24.9,9.53,38.0,67.5,9,60.0,7.5,2,173.0,7.5,0,2
173.0,J1,122,24.9,9.53,38.0,82.5,11,60.0,22.5,2,173.0,30.0,0,2
174.0,J2,123,24.52,9.89,39.0,232.5,31,225.0,7.5,2,174.0,37.5,1,2
174.0,J3,123,24.52,9.89,39.0,75.0,10,60.0,15.0,2,174.0,7.5,0,2
174.0,J1,123,24.52,9.89,39.0,90.0,12,67.5,22.5,2,174.0,30.0,0,2
175.0,J2,127,25.08,10.0,40.0,232.5,31,225.0,7.5,2,175.0,37.5,1,2
175.0,J3,127,25.08,10.0,40.0,75.0,10,60.0,15.0,2,175.0,7.5,0,2
175.0,J1,127,25.08,10.0,40.0,97.5,13,67.5,30.0,2,175.0,30.0,0,2
176.0,J2,123,23.88,10.77,41.0,232.5,31,225.0,7.5,2,176.0,37.5,1,2
176.0,J3,123,23.88,10.77,41.0,82.5,11,60.0,22.5,2,176.0,7.5,0,2
176.0,J1,123,23.88,10.77,41.0,97.5,13,75.0,22.5,2,176.0,30.0,0,2
177.0,J2,121,23.21,11.41,42.0,232.5,31,232.5,0.0,2,177.0,37.5,1,2
177.0,J3,121,23.21,11.41,42.0,90.0,12,67.5,22.5,2,177.0,7.5,0,2
177.0,J1,121,23.21,11.41,42.0,97.5,13,82.5,15.0,2,177.0,37.5,1,2
178.0,J2,118,22.88,12.19,43.0,232.5,31,232.5,0.0,3,178.0,37.5,1,2
178.0,J3,118,22.88,12.19,43.0,90.0,12,67.5,22.5,3,178.0,7.5,0,2
178.0,J1,118,22.88,12.19,43.0,105.0,14,82.5,22.5,3,178.0,37.5,1,2
179.0,J2,118,22.39,12.67,44.0,232.5,31,232.5,0.0,3,179.0,37.5,1,2
179.0,J3,118,22.39,12.67,44.0,90.0,12,75.0,15.0,3,179.0,7.5,0,2
179.0,J1,118,22.39,12.67,44.0,105.0,14,90.0,15.0,3,179.0,37.5,1,2
180.0,J2,117,21.81,13.26,45.0,232.5,31,232.5,0.0,3,180.0,37.5,1,2
180.0,J3,117,21.81,13.26,45.0,90.0,12,75.0,15.0,3,180.0,7.5,0,2
180.0,J1,117,21.81,13.26,45.0,105.0,14,97.5,7.5,3,180.0,37.5,1,2
181.0,J2,116,22.08,9.5,44.0,187.5,25,232.5,-45.0,0,181.0,45.0,1,2
181.0,J3,116,22.08,9.5,44.0,67.5,9,82.5,-15.0,0,181.0,7.5,0,2
181.0,J1,116,22.08,9.5,44.0,67.5,9,97.5,-30.0,0,181.0,37.5,1,2
182.0,J2,118,23.25,6.11,42.0,150.0,20,232.5,-82.5,0,182.0,45.0,1,2
182.0,J3,118,23.25,6.11,42.0,45.0,6,90.0,-45.0,0,182.0,7.5,0,2
182.0,J1,118,23.25,6.11,42.0,37.5,5,97.5,-60.0,0,182.0,37.5,1,2
183.0,J2,119,24.89,3.44,42.0,105.0,14,232.5,-127.5,0,183.0,45.0,1,2
183.0,J3,119,24.89,3.44,42.0,22.5,3,90.0,-67.5,0,183.0,7.5,0,2
183.0,J1,119,24.89,3.44,42.0,15.0,2,105.0,-90.0,0,183.0,37.5,1,2
184.0,J2,121,26.54,1.42,33.0,60.0,8,232.5,-172.5,0,184.0,52.5,1,2
184.0,J3,121,26.54,1.42,33.0,15.0,2,90.0,-75.0,0,184.0,15.0,0,2
184.0,J1,121,26.54,1.42,33.0,0.0,0,105.0,-105.0,0,184.0,37.5,1,2
185.0,J2,120,28.39,0.23,22.0,22.5,3,232.5,-210.0,0,185.0,52.5,1,2
185.0,J3,120,28.39,0.23,22.0,0.0,0,90.0,-90.0,0,185.0,15.0,0,2
185.0,J1,120,28.39,0.23,22.0,0.0,0,105.0,-105.0,0,185.0,37.5,1,2
186.0,J2,122,30.85,0.07,5.0,22.5,3,187.5,-165.0,0,186.0,52.5,1,2
186.0,J3,122,30.85,0.07,5.0,0.0,0,67.5,-67.5,0,186.0,15.0,0,2
186.0,J1,122,30.85,0.07,5.0,0.0,0,67.5,-67.5,0,186.0,45.0,1,2
187.0,J2,121,32.83,0.1,6.0,30.0,4,150.0,-120.0,0,187.0,52.5,1,2
187.0,J3,121,32.83,0.1,6.0,0.0,0,45.0,-45.0,0,187.0,15.0,0,2
187.0,J1,121,32.83,0.1,6.0,0.0,0,37.5,-37.5,0,187.0,45.0,1,2
188.0,J2,120,34.67,0.13,7.0,30.0,4,105.0,-75.0,0,188.0,52.5,1,2
188.0,J3,120,34.67,0.13,7.0,0.0,0,22.5,-22.5,0,188.0,15.0,0,2
188.0,J1,120,34.67,0.13,7.0,0.0,0,15.0,-15.0,0,188.0,45.0,1,2
189.0,J2,120,36.66,0.17,8.0,37.5,5,60.0,-22.5,0,189.0,52.5,1,2
189.0,J3,120,36.66,0.17,8.0,0.0,0,15.0,-15.0,0,189.0,15.0,0,2
189.0,J1,120,36.66,0.17,8.0,0.0,0,0.0,0.0,0,189.0,45.0,1,2
190.0,J2,118,37.88,0.22,9.0,37.5,5,22.5,15.0,0,190.0,52.5,1,2
190.0,J3,118,37.88,0.22,9.0,0.0,0,0.0,0.0,0,190.0,15.0,0,2
190.0,J1,118,37.88,0.22,9.0,0.0,0,0.0,0.0,0,190.0,45.0,1,2
191.0,J2,119,39.09,0.27,10.0,45.0,6,22.5,22.5,0,191.0,52.5,1,2
191.0,J3,119,39.09,0.27,10.0,0.0,0,0.0,0.0,0,191.0,15.0,0,2
191.0,J1,119,39.09,0.27,10.0,0.0,0,0.0,0.0,0,191.0,45.0,1,2
192.0,J2,121,40.01,0.31,11.0,45.0,6,30.0,15.0,0,192.0,52.5,1,2
192.0,J3,121,40.01,0.31,11.0,0.0,0,0.0,0.0,0,192.0,15.0,0,2
192.0,J1,121,40.01,0.31,11.0,0.0,0,0.0,0.0,0,192.0,45.0,1,2
193.0,J2,121,40.27,0.36,12.0,45.0,6,30.0,15.0,0,193.0,52.5,1,2
193.0,J3,121,40.27,0.36,12.0,0.0,0,0.0,0.0,0,193.0,15.0,0,2
193.0,J1,121,40.27,0.36,12.0,0.0,0,0.0,0.0,0,193.0,45.0,1,2
194.0,J2,121,40.59,0.43,13.0,45.0,6,37.5,7.5,0,194.0,52.5,1,2
194.0,J3,121,40.59,0.43,13.0,7.5,1,0.0,7.5,0,194.0,15.0,0,2
194.0,J1,121,40.59,0.43,13.0,0.0,0,0.0,0.0,0,194.0,45.0,1,2
195.0,J2,122,40.66,0.49,14.0,45.0,6,37.5,7.5,0,195.0,52.5,1,2
195.0,J3,122,40.66,0.49,14.0,7.5,1,0.0,7.5,0,195.0,15.0,0,2
195.0,J1,122,40.66,0.49,14.0,0.0,0,0.0,0.0,0,195.0,60.0,1,2
196.0,J2,121,40.19,0.54,15.0,45.0,6,45.0,0.0,0,196.0,22.5,0,2
196.0,J3,121,40.19,0.54,15.0,7.5,1,0.0,7.5,0,196.0,0.0,0,2
196.0,J1,121,40.19,0.54,15.0,0.0,0,0.0,0.0,0,196.0,30.0,0,2
197.0,J2,122,40.23,0.61,16.0,45.0,6,45.0,0.0,0,197.0,7.5,0,2
197.0,J3,122,40.23,0.61,16.0,7.5,1,0.0,7.5,0,197.0,7.5,0,2
197.0,J1,122,40.23,0.61,16.0,15.0,2,0.0,15.0,0,197.0,7.5,0,2
198.0,J2,122,40.22,0.68,17.0,45.0,6,45.0,0.0,0,198.0,30.0,0,2
198.0,J3,122,40.22,0.68,17.0,7.5,1,0.0,7.5,0,198.0,15.0,0,2
198.0,J1,122,40.22,0.68,17.0,15.0,2,0.0,15.0,0,198.0,7.5,0,2
199.0,J2,122,39.93,0.76,18.0,52.5,7,45.0,7.5,0,199.0,52.5,1,2
199.0,J3,122,39.93,0.76,18.0,7.5,1,7.5,0.0,0,199.0,22.5,0,2
199.0,J1,122,39.93,0.76,18.0,15.0,2,0.0,15.0,0,199.0,30.0,0,2
200.0,J2,122,39.6,0.84,19.0,52.5,7,45.0,7.5,0,200.0,67.5,1,2
200.0,J3,122,39.6,0.84,19.0,7.5,1,7.5,0.0,0,200.0,37.5,1,2
200.0,J1,122,39.6,0.84,19.0,15.0,2,0.0,15.0,0,200.0,45.0,1,2
201.0,J2,124,39.52,0.91,20.0,52.5,7,45.0,7.5,0,201.0,67.5,1,2
201.0,J3,124,39.52,0.91,20.0,7.5,1,7.5,0.0,0,201.0,45.0,1,2
201.0,J1,124,39.52,0.91,20.0,15.0,2,0.0,15.0,0,201.0,45.0,1,2
202.0,J2,124,39.1,1.0,21.0,52.5,7,45.0,7.5,0,202.0,90.0,1,2
202.0,J3,124,39.1,1.0,21.0,7.5,1,7.5,0.0,0,202.0,45.0,1,2
202.0,J1,124,39.1,1.0,21.0,22.5,3,15.0,7.5,0,202.0,52.5,1,2
203.0,J2,124,39.16,1.1,22.0,67.5,9,45.0,22.5,0,203.0,90.0,1,2
203.0,J3,124,39.16,1.1,22.0,7.5,1,7.5,0.0,0,203.0,52.5,1,2
203.0,J1,124,39.16,1.1,22.0,22.5,3,15.0,7.5,0,203.0,52.5,1,2
204.0,J2,125,39.29,1.21,23.0,67.5,9,52.5,15.0,0,204.0,97.5,1,2
204.0,J3,125,39.29,1.21,23.0,15.0,2,7.5,7.5,0,204.0,60.0,1,2
204.0,J1,125,39.29,1.21,23.0,22.5,3,15.0,7.5,0,204.0,52.5,1,2
205.0,J2,124,39.24,1.33,24.0,67.5,9,52.5,15.0,0,205.0,105.0,1,2
205.0,J3,124,39.24,1.33,24.0,15.0,2,7.5,7.5,0,205.0,60.0,1,2
205.0,J1,124,39.24,1.33,24.0,22.5,3,15.0,7.5,0,205.0,75.0,1,2
206.0,J2,125,39.33,1.43,25.0,67.5,9,52.5,15.0,0,206.0,105.0,1,2
206.0,J3,125,39.33,1.43,25.0,15.0,2,7.5,7.5,0,206.0,67.5,1,2
206.0,J1,125,39.33,1.43,25.0,22.5,3,15.0,7.5,0,206.0,90.0,1,2
207.0,J2,125,39.33,1.54,26.0,67.5,9,52.5,15.0,0,207.0,120.0,1,2
207.0,J3,125,39.33,1.54,26.0,15.0,2,7.5,7.5,0,207.0,67.5,1,2
207.0,J1,125,39.33,1.54,26.0,22.5,3,22.5,0.0,0,207.0,97.5,1,2
208.0,J2,125,39.26,1.66,27.0,67.5,9,67.5,0.0,0,208.0,120.0,1,2
208.0,J3,125,39.26,1.66,27.0,15.0,2,7.5,7.5,0,208.0,67.5,1,2
208.0,J1,125,39.26,1.66,27.0,22.5,3,22.5,0.0,0,208.0,105.0,1,2
209.0,J2,125,38.99,1.77,28.0,67.5,9,67.5,0.0,0,209.0,127.5,1,2
209.0,J3,125,38.99,1.77,28.0,15.0,2,15.0,0.0,0,209.0,75.0,1,2
209.0,J1,125,38.99,1.77,28.0,22.5,3,22.5,0.0,0,209.0,112.5,1,2
210.0,J2,126,38.72,1.87,29.0,67.5,9,67.5,0.0,0,210.0,135.0,1,2
210.0,J3,126,38.72,1.87,29.0,15.0,2,15.0,0.0,0,210.0,82.5,1,2
210.0,J1,126,38.72,1.87,29.0,22.5,3,22.5,0.0,0,210.0,127.5,1,2
211.0,J2,126,38.26,1.98,30.0,67.5,9,67.5,0.0,0,211.0,150.0,1,2
211.0,J3,126,38.26,1.98,30.0,15.0,2,15.0,0.0,0,211.0,97.5,1,2
211.0,J1,126,38.26,1.98,30.0,22.5,3,22.5,0.0,0,211.0,135.0,1,2
212.0,J2,127,38.14,2.07,31.0,67.5,9,67.5,0.0,0,212.0,150.0,1,2
212.0,J3,127,38.14,2.07,31.0,15.0,2,15.0,0.0,0,212.0,105.0,1,2
212.0,J1,127,38.14,2.07,31.0,22.5,3,22.5,0.0,0,212.0,142.5,1,2
213.0,J2,128,38.2,2.18,32.0,75.0,10,67.5,7.5,0,213.0,165.0,1,2
213.0,J3,128,38.2,2.18,32.0,15.0,2,15.0,0.0,0,213.0,112.5,1,2
213.0,J1,128,38.2,2.18,32.0,30.0,4,22.5,7.5,0,213.0,142.5,1,2
214.0,J2,129,38.42,2.29,33.0,75.0,10,67.5,7.5,0,214.0,172.5,1,2
214.0,J3,129,38.42,2.29,33.0,15.0,2,15.0,0.0,0,214.0,112.5,1,2
214.0,J1,129,38.42,2.29,33.0,37.5,5,22.5,15.0,0,214.0,150.0,1,2
215.0,J2,129,38.47,2.43,34.0,75.0,10,67.5,7.5,0,215.0,187.5,1,2
215.0,J3,129,38.47,2.43,34.0,15.0,2,15.0,0.0,0,215.0,120.0,1,2
215.0,J1,129,38.47,2.43,34.0,37.5,5,22.5,15.0,0,215.0,150.0,1,2
216.0,J2,128,38.05,2.58,35.0,75.0,10,67.5,7.5,0,216.0,187.5,1,2
216.0,J3,128,38.05,2.58,35.0,15.0,2,15.0,0.0,0,216.0,142.5,1,2
216.0,J1,128,38.05,2.58,35.0,37.5,5,22.5,15.0,0,216.0,150.0,1,2
217.0,J2,129,37.92,2.69,36.0,75.0,10,67.5,7.5,0,217.0,187.5,1,2
217.0,J3,129,37.92,2.69,36.0,15.0,2,15.0,0.0,0,217.0,150.0,1,2
217.0,J1,129,37.92,2.69,36.0,37.5,5,22.5,15.0,0,217.0,165.0,1,2
218.0,J2,129,37.66,2.82,37.0,75.0,10,75.0,0.0,0,218.0,187.5,1,2
218.0,J3,129,37.66,2.82,37.0,15.0,2,15.0,0.0,0,218.0,157.5,1,2
218.0,J1,129,37.66,2.82,37.0,37.5,5,30.0,7.5,0,218.0,172.5,1,2
219.0,J2,130,37.42,2.94,38.0,75.0,10,75.0,0.0,0,219.0,187.5,1,2
219.0,J3,130,37.42,2.94,38.0,15.0,2,15.0,0.0,0,219.0,165.0,1,2
219.0,J1,130,37.42,2.94,38.0,45.0,6,37.5,7.5,0,219.0,172.5,1,2
220.0,J2,130,37.1,3.08,39.0,75.0,10,75.0,0.0,0,220.0,187.5,1,2
220.0,J3,130,37.1,3.08,39.0,15.0,2,15.0,0.0,0,220.0,172.5,1,2
220.0,J1,130,37.1,3.08,39.0,45.0,6,37.5,7.5,0,220.0,180.0,1,2
221.0,J2,131,36.74,3.21,40.0,75.0,10,75.0,0.0,0,221.0,187.5,1,2
221.0,J3,131,36.74,3.21,40.0,22.5,3,15.0,7.5,0,221.0,172.5,1,2
221.0,J1,131,36.74,3.21,40.0,60.0,8,37.5,22.5,0,221.0,172.5,1,2
222.0,J2,129,36.63,3.43,41.0,75.0,10,75.0,0.0,0,222.0,187.5,1,2
222.0,J3,129,36.63,3.43,41.0,22.5,3,15.0,7.5,0,222.0,172.5,1,2
222.0,J1,129,36.63,3.43,41.0,60.0,8,37.5,22.5,0,222.0,172.5,1,2
223.0,J2,129,35.95,3.59,42.0,75.0,10,75.0,0.0,1,223.0,187.5,1,2
223.0,J3,129,35.95,3.59,42.0,22.5,3,15.0,7.5,1,223.0,172.5,1,2
223.0,J1,129,35.95,3.59,42.0,60.0,8,37.5,22.5,1,223.0,172.5,1,2
224.0,J2,130,35.34,3.73,43.0,75.0,10,75.0,0.0,1,224.0,187.5,1,2
224.0,J3,130,35.34,3.73,43.0,22.5,3,15.0,7.5,1,224.0,172.5,1,2
224.0,J1,130,35.34,3.73,43.0,67.5,9,45.0,22.5,1,224.0,180.0,1,2
225.0,J2,131,33.99,3.87,44.0,75.0,10,75.0,0.0,1,225.0,195.0,1,2
225.0,J3,131,33.99,3.87,44.0,22.5,3,15.0,7.5,1,225.0,172.5,1,2
225.0,J1,131,33.99,3.87,44.0,67.5,9,45.0,22.5,1,225.0,180.0,1,2
226.0,J2,132,32.49,2.05,41.0,60.0,8,75.0,-15.0,2,226.0,195.0,1,2
226.0,J3,132,32.49,2.05,41.0,7.5,1,22.5,-15.0,2,226.0,187.5,1,2
226.0,J1,132,32.49,2.05,41.0,37.5,5,60.0,-22.5,2,226.0,187.5,1,2
227.0,J2,132,31.11,1.01,39.0,45.0,6,75.0,-30.0,2,227.0,202.5,1,2
227.0,J3,132,31.11,1.01,39.0,7.5,1,22.5,-15.0,2,227.0,187.5,1,2
227.0,J1,132,31.11,1.01,39.0,15.0,2,60.0,-45.0,2,227.0,187.5,1,2
228.0,J2,132,29.54,0.44,26.0,37.5,5,75.0,-37.5,2,228.0,195.0,1,2
228.0,J3,132,29.54,0.44,26.0,37.5,5,22.5,15.0,2,228.0,187.5,1,2
228.0,J1,132,29.54,0.44,26.0,22.5,3,60.0,-37.5,2,228.0,202.5,1,2
229.0,J2,134,28.95,0.21,4.0,30.0,4,75.0,-45.0,2,229.0,202.5,1,2
229.0,J3,134,28.95,0.21,4.0,37.5,5,22.5,15.0,2,229.0,202.5,1,2
229.0,J1,134,28.95,0.21,4.0,22.5,3,67.5,-45.0,2,229.0,210.0,1,2
230.0,J2,133,28.15,0.35,5.0,52.5,7,75.0,-22.5,2,230.0,210.0,1,2
230.0,J3,133,28.15,0.35,5.0,45.0,6,22.5,22.5,2,230.0,202.5,1,2
230.0,J1,133,28.15,0.35,5.0,45.0,6,67.5,-22.5,2,230.0,217.5,1,2
231.0,J2,135,28.05,0.53,6.0,60.0,8,60.0,0.0,2,231.0,217.5,1,2
231.0,J3,135,28.05,0.53,6.0,75.0,10,7.5,67.5,2,231.0,210.0,1,2
231.0,J1,135,28.05,0.53,6.0,45.0,6,37.5,7.5,2,231.0,225.0,1,2
232.0,J2,136,27.73,0.71,7.0,67.5,9,45.0,22.5,2,232.0,217.5,1,2
232.0,J3,136,27.73,0.71,7.0,75.0,10,7.5,67.5,2,232.0,217.5,1,2
232.0,J1,136,27.73,0.71,7.0,52.5,7,15.0,37.5,2,232.0,232.5,1,2
233.0,J2,136,27.61,0.97,8.0,97.5,13,37.5,60.0,2,233.0,225.0,1,2
233.0,J3,136,27.61,0.97,8.0,90.0,12,37.5,52.5,2,233.0,225.0,1,2
233.0,J1,136,27.61,0.97,8.0,75.0,10,22.5,52.5,2,233.0,232.5,1,2
234.0,J2,140,27.75,1.21,9.0,97.5,13,30.0,67.5,2,234.0,240.0,1,2
234.0,J3,140,27.75,1.21,9.0,105.0,14,37.5,67.5,2,234.0,232.5,1,2
234.0,J1,140,27.75,1.21,9.0,82.5,11,22.5,60.0,2,234.0,240.0,1,2
235.0,J2,140,27.2,1.53,10.0,120.0,16,52.5,67.5,2,235.0,247.5,1,2
235.0,J3,140,27.2,1.53,10.0,112.5,15,45.0,67.5,2,235.0,232.5,1,2
235.0,J1,140,27.2,1.53,10.0,97.5,13,45.0,52.5,2,235.0,240.0,1,2
236.0,J2,140,26.92,1.87,11.0,135.0,18,60.0,75.0,2,236.0,255.0,1,2
236.0,J3,140,26.92,1.87,11.0,127.5,17,75.0,52.5,2,236.0,232.5,1,2
236.0,J1,140,26.92,1.87,11.0,97.5,13,45.0,52.5,2,236.0,240.0,1,2
237.0,J2,140,26.67,2.23,12.0,150.0,20,67.5,82.5,2,237.0,255.0,1,2
237.0,J3,140,26.67,2.23,12.0,127.5,17,75.0,52.5,2,237.0,232.5,1,2
237.0,J1,140,26.67,2.23,12.0,97.5,13,52.5,45.0,2,237.0,240.0,1,2
238.0,J2,143,26.37,2.55,13.0,165.0,22,97.5,67.5,2,238.0,255.0,1,2
238.0,J3,143,26.37,2.55,13.0,127.5,17,90.0,37.5,2,238.0,240.0,1,2
238.0,J1,143,26.37,2.55,13.0,97.5,13,75.0,22.5,2,238.0,240.0,1,2
239.0,J2,145,25.94,2.89,14.0,180.0,24,97.5,82.5,2,239.0,255.0,1,2
239.0,J3,145,25.94,2.89,14.0,127.5,17,105.0,22.5,2,239.0,240.0,1,2
239.0,J1,145,25.94,2.89,14.0,105.0,14,82.5,22.5,2,239.0,247.5,1,2
240.0,J2,147,25.99,3.24,15.0,202.5,27,120.0,82.5,2,240.0,255.0,1,2
240.0,J3,147,25.99,3.24,15.0,127.5,17,112.5,15.0,2,240.0,240.0,1,2
240.0,J1,147,25.99,3.24,15.0,105.0,14,97.5,7.5,2,240.0,247.5,1,2
241.0,J2,147,25.59,3.65,16.0,202.5,27,135.0,67.5,2,241.0,210.0,1,2
241.0,J3,147,25.59,3.65,16.0,142.5,19,127.5,15.0,2,241.0,195.0,1,2
241.0,J1,147,25.59,3.65,16.0,105.0,14,97.5,7.5,2,241.0,210.0,1,2
242.0,J2,147,25.41,4.07,17.0,202.5,27,150.0,52.5,2,242.0,165.0,1,2
242.0,J3,147,25.41,4.07,17.0,142.5,19,127.5,15.0,2,242.0,150.0,1,2
242.0,J1,147,25.41,4.07,17.0,112.5,15,97.5,15.0,2,242.0,172.5,1,2
243.0,J2,147,25.13,4.48,18.0,202.5,27,165.0,37.5,2,243.0,120.0,1,2
243.0,J3,147,25.13,4.48,18.0,142.5,19,127.5,15.0,2,243.0,112.5,1,2
243.0,J1,147,25.13,4.48,18.0,112.5,15,97.5,15.0,2,243.0,127.5,1,2
244.0,J2,146,24.51,4.95,19.0,202.5,27,180.0,22.5,2,244.0,75.0,1,2
244.0,J3,146,24.51,4.95,19.0,150.0,20,127.5,22.5,2,244.0,75.0,1,2
244.0,J1,146,24.51,4.95,19.0,120.0,16,105.0,15.0,2,244.0,82.5,1,2
245.0,J2,146,24.12,5.38,20.0,202.5,27,202.5,0.0,2,245.0,45.0,1,2
245.0,J3,146,24.12,5.38,20.0,150.0,20,127.5,22.5,2,245.0,37.5,1,2
245.0,J1,146,24.12,5.38,20.0,120.0,16,105.0,15.0,2,245.0,45.0,1,2
246.0,J2,146,23.88,5.82,21.0,202.5,27,202.5,0.0,2,246.0,30.0,0,2
246.0,J3,146,23.88,5.82,21.0,157.5,21,142.5,15.0,2,246.0,15.0,0,2
246.0,J1,146,23.88,5.82,21.0,120.0,16,105.0,15.0,2,246.0,15.0,0,2
247.0,J2,147,23.91,6.22,22.0,202.5,27,202.5,0.0,2,247.0,15.0,0,2
247.0,J3,147,23.91,6.22,22.0,165.0,22,142.5,22.5,2,247.0,0.0,0,2
247.0,J1,147,23.91,6.22,22.0,127.5,17,112.5,15.0,2,247.0,7.5,0,2
248.0,J2,147,23.75,6.67,23.0,202.5,27,202.5,0.0,2,248.0,15.0,0,2
248.0,J3,147,23.75,6.67,23.0,165.0,22,142.5,22.5,2,248.0,0.0,0,2
248.0,J1,147,23.75,6.67,23.0,127.5,17,112.5,15.0,2,248.0,7.5,0,2
249.0,J2,147,23.41,7.14,24.0,217.5,29,202.5,15.0,2,249.0,22.5,0,2
249.0,J3,147,23.41,7.14,24.0,165.0,22,150.0,15.0,2,249.0,0.0,0,2
249.0,J1,147,23.41,7.14,24.0,127.5,17,120.0,7.5,2,249.0,7.5,0,2
250.0,J2,148,23.51,7.55,25.0,225.0,30,202.5,22.5,2,250.0,22.5,0,2
250.0,J3,148,23.51,7.55,25.0,165.0,22,150.0,15.0,2,250.0,0.0,0,2
250.0,J1,148,23.51,7.55,25.0,127.5,17,120.0,7.5,2,250.0,7.5,0,2
251.0,J2,149,23.51,7.97,26.0,225.0,30,202.5,22.5,2,251.0,30.0,0,2
251.0,J3,149,23.51,7.97,26.0,165.0,22,157.5,7.5,2,251.0,0.0,0,2
251.0,J1,149,23.51,7.97,26.0,127.5,17,120.0,7.5,2,251.0,7.5,0,2
252.0,J2,150,23.33,8.38,27.0,225.0,30,202.5,22.5,2,252.0,30.0,0,2
252.0,J3,150,23.33,8.38,27.0,165.0,22,165.0,0.0,2,252.0,0.0,0,2
252.0,J1,150,23.33,8.38,27.0,135.0,18,127.5,7.5,2,252.0,7.5,0,2
253.0,J2,150,22.94,8.85,28.0,225.0,30,202.5,22.5,2,253.0,30.0,0,2
253.0,J3,150,22.94,8.85,28.0,172.5,23,165.0,7.5,2,253.0,7.5,0,2
253.0,J1,150,22.94,8.85,28.0,135.0,18,127.5,7.5,2,253.0,7.5,0,2
254.0,J2,152,22.9,9.21,29.0,232.5,31,217.5,15.0,2,254.0,30.0,0,2
254.0,J3,152,22.9,9.21,29.0,172.5,23,165.0,7.5,2,254.0,7.5,0,2
254.0,J1,152,22.9,9.21,29.0,135.0,18,127.5,7.5,2,254.0,15.0,0,2
255.0,J2,152,22.4,9.69,30.0,240.0,32,225.0,15.0,2,255.0,30.0,0,2
255.0,J3,152,22.4,9.69,30.0,172.5,23,165.0,7.5,2,255.0,7.5,0,2
255.0,J1,152,22.4,9.69,30.0,135.0,18,127.5,7.5,2,255.0,15.0,0,2
256.0,J2,152,21.64,10.18,31.0,247.5,33,225.0,22.5,2,256.0,30.0,0,2
256.0,J3,152,21.64,10.18,31.0,172.5,23,165.0,7.5,2,256.0,7.5,0,2
256.0,J1,152,21.64,10.18,31.0,135.0,18,127.5,7.5,2,256.0,15.0,0,2
257.0,J2,154,20.93,10.53,32.0,247.5,33,225.0,22.5,2,257.0,30.0,0,2
257.0,J3,154,20.93,10.53,32.0,172.5,23,165.0,7.5,2,257.0,15.0,0,2
257.0,J1,154,20.93,10.53,32.0,135.0,18,135.0,0.0,2,257.0,15.0,0,2
258.0,J2,154,20.18,11.02,33.0,255.0,34,225.0,30.0,2,258.0,37.5,1,2
258.0,J3,154,20.18,11.02,33.0,180.0,24,172.5,7.5,2,258.0,15.0,0,2
258.0,J1,154,20.18,11.02,33.0,135.0,18,135.0,0.0,2,258.0,15.0,0,2
259.0,J2,155,19.84,11.45,34.0,255.0,34,232.5,22.5,2,259.0,37.5,1,2
259.0,J3,155,19.84,11.45,34.0,187.5,25,172.5,15.0,2,259.0,15.0,0,2
259.0,J1,155,19.84,11.45,34.0,142.5,19,135.0,7.5,2,259.0,15.0,0,2
260.0,J2,154,19.28,12.06,35.0,277.5,37,240.0,37.5,2,260.0,37.5,1,2
260.0,J3,154,19.28,12.06,35.0,202.5,27,172.5,30.0,2,260.0,15.0,0,2
260.0,J1,154,19.28,12.06,35.0,142.5,19,135.0,7.5,2,260.0,15.0,0,2
261.0,J2,155,19.04,12.54,36.0,285.0,38,247.5,37.5,2,261.0,37.5,1,2
261.0,J3,155,19.04,12.54,36.0,210.0,28,172.5,37.5,2,261.0,15.0,0,2
261.0,J1,155,19.04,12.54,36.0,150.0,20,135.0,15.0,2,261.0,15.0,0,2
262.0,J2,154,18.88,13.19,37.0,285.0,38,247.5,37.5,2,262.0,37.5,1,2
262.0,J3,154,18.88,13.19,37.0,210.0,28,172.5,37.5,2,262.0,15.0,0,2
262.0,J1,154,18.88,13.19,37.0,157.5,21,135.0,22.5,2,262.0,15.0,0,2
263.0,J2,155,18.9,13.68,38.0,300.0,40,255.0,45.0,2,263.0,37.5,1,2
263.0,J3,155,18.9,13.68,38.0,210.0,28,180.0,30.0,2,263.0,22.5,0,2
263.0,J1,155,18.9,13.68,38.0,157.5,21,135.0,22.5,2,263.0,15.0,0,2
264.0,J2,156,18.8,14.16,39.0,300.0,40,255.0,45.0,2,264.0,37.5,1,2
264.0,J3,156,18.8,14.16,39.0,210.0,28,187.5,22.5,2,264.0,22.5,0,2
264.0,J1,156,18.8,14.16,39.0,157.5,21,142.5,15.0,2,264.0,15.0,0,2
265.0,J2,155,18.52,14.83,40.0,300.0,40,277.5,22.5,2,265.0,37.5,1,2
265.0,J3,155,18.52,14.83,40.0,210.0,28,202.5,7.5,2,265.0,22.5,0,2
265.0,J1,155,18.52,14.83,40.0,157.5,21,142.5,15.0,2,265.0,15.0,0,2
266.0,J2,158,18.96,15.11,41.0,300.0,40,285.0,15.0,2,266.0,45.0,1,2
266.0,J3,158,18.96,15.11,41.0,217.5,29,210.0,7.5,2,266.0,22.5,0,2
266.0,J1,158,18.96,15.11,41.0,157.5,21,150.0,7.5,2,266.0,15.0,0,2
267.0,J2,153,17.82,16.2,42.0,300.0,40,285.0,15.0,2,267.0,52.5,1,2
267.0,J3,153,17.82,16.2,42.0,217.5,29,210.0,7.5,2,267.0,22.5,0,2
267.0,J1,153,17.82,16.2,42.0,157.5,21,157.5,0.0,2,267.0,15.0,0,2
268.0,J2,153,17.59,16.78,43.0,300.0,40,300.0,0.0,3,268.0,52.5,1,2
268.0,J3,153,17.59,16.78,43.0,217.5,29,210.0,7.5,3,268.0,22.5,0,2
268.0,J1,153,17.59,16.78,43.0,157.5,21,157.5,0.0,3,268.0,15.0,0,2
269.0,J2,148,16.17,17.97,44.0,300.0,40,300.0,0.0,3,269.0,52.5,1,2
269.0,J3,148,16.17,17.97,44.0,225.0,30,210.0,15.0,3,269.0,22.5,0,2
269.0,J1,148,16.17,17.97,44.0,157.5,21,157.5,0.0,3,269.0,15.0,0,2
270.0,J2,148,15.71,18.59,45.0,300.0,40,300.0,0.0,3,270.0,60.0,1,2
270.0,J3,148,15.71,18.59,45.0,232.5,31,210.0,22.5,3,270.0,22.5,0,2
270.0,J1,148,15.71,18.59,45.0,157.5,21,157.5,0.0,3,270.0,15.0,0,2
271.0,J2,146,15.85,14.43,44.0,255.0,34,300.0,-45.0,0,271.0,60.0,1,2
271.0,J3,146,15.85,14.43,44.0,187.5,25,217.5,-30.0,0,271.0,22.5,0,2
271.0,J1,146,15.85,14.43,44.0,112.5,15,157.5,-45.0,0,271.0,15.0,0,2
272.0,J2,146,16.86,10.48,42.0,210.0,28,300.0,-90.0,0,272.0,60.0,1,2
272.0,J3,146,16.86,10.48,42.0,150.0,20,217.5,-67.5,0,272.0,22.5,0,2
272.0,J1,146,16.86,10.48,42.0,75.0,10,157.5,-82.5,0,272.0,15.0,0,2
273.0,J2,146,18.52,7.0,43.0,172.5,23,300.0,-127.5,0,273.0,67.5,1,2
273.0,J3,146,18.52,7.0,43.0,105.0,14,217.5,-112.5,0,273.0,22.5,0,2
273.0,J1,146,18.52,7.0,43.0,52.5,7,157.5,-105.0,0,273.0,15.0,0,2
274.0,J2,145,20.21,3.88,39.0,127.5,17,300.0,-172.5,0,274.0,67.5,1,2
274.0,J3,145,20.21,3.88,39.0,60.0,8,225.0,-165.0,0,274.0,22.5,0,2
274.0,J1,145,20.21,3.88,39.0,37.5,5,157.5,-120.0,0,274.0,15.0,0,2
275.0,J2,146,22.98,1.97,27.0,90.0,12,300.0,-210.0,0,275.0,67.5,1,2
275.0,J3,146,22.98,1.97,27.0,37.5,5,232.5,-195.0,0,275.0,22.5,0,2
275.0,J1,146,22.98,1.97,27.0,22.5,3,157.5,-135.0,0,275.0,15.0,0,2
276.0,J2,146,25.71,1.01,27.0,60.0,8,255.0,-195.0,0,276.0,67.5,1,2
276.0,J3,146,25.71,1.01,27.0,22.5,3,187.5,-165.0,0,276.0,22.5,0,2
276.0,J1,146,25.71,1.01,27.0,15.0,2,112.5,-97.5,0,276.0,15.0,0,2
277.0,J2,145,28.63,0.62,20.0,37.5,5,210.0,-172.5,0,277.0,67.5,1,2
277.0,J3,145,28.63,0.62,20.0,15.0,2,150.0,-135.0,0,277.0,22.5,0,2
277.0,J1,145,28.63,0.62,20.0,15.0,2,75.0,-60.0,0,277.0,15.0,0,2
278.0,J2,143,31.15,0.42,19.0,22.5,3,172.5,-150.0,0,278.0,67.5,1,2
278.0,J3,143,31.15,0.42,19.0,15.0,2,105.0,-90.0,0,278.0,22.5,0,2
278.0,J1,143,31.15,0.42,19.0,22.5,3,52.5,-30.0,0,278.0,15.0,0,2
279.0,J2,144,33.7,0.2,7.0,7.5,1,127.5,-120.0,0,279.0,67.5,1,2
279.0,J3,144,33.7,0.2,7.0,15.0,2,60.0,-45.0,0,279.0,22.5,0,2
279.0,J1,144,33.7,0.2,7.0,22.5,3,37.5,-15.0,0,279.0,15.0,0,2
280.0,J2,144,35.36,0.24,8.0,7.5,1,90.0,-82.5,0,280.0,67.5,1,2
280.0,J3,144,35.36,0.24,8.0,15.0,2,37.5,-22.5,0,280.0,22.5,0,2
280.0,J1,144,35.36,0.24,8.0,22.5,3,22.5,0.0,0,280.0,15.0,0,2
281.0,J2,145,36.9,0.29,9.0,7.5,1,60.0,-52.5,0,281.0,67.5,1,2
281.0,J3,145,36.9,0.29,9.0,15.0,2,22.5,-7.5,0,281.0,22.5,0,2
281.0,J1,145,36.9,0.29,9.0,22.5,3,15.0,7.5,0,281.0,15.0,0,2
282.0,J2,145,37.79,0.34,10.0,7.5,1,37.5,-30.0,0,282.0,67.5,1,2
282.0,J3,145,37.79,0.34,10.0,15.0,2,15.0,0.0,0,282.0,22.5,0,2
282.0,J1,145,37.79,0.34,10.0,22.5,3,15.0,7.5,0,282.0,15.0,0,2
283.0,J2,145,38.55,0.39,11.0,7.5,1,22.5,-15.0,0,283.0,67.5,1,2
283.0,J3,145,38.55,0.39,11.0,15.0,2,15.0,0.0,0,283.0,22.5,0,2
283.0,J1,145,38.55,0.39,11.0,22.5,3,22.5,0.0,0,283.0,15.0,0,2
284.0,J2,145,39.1,0.44,12.0,15.0,2,7.5,7.5,0,284.0,67.5,1,2
284.0,J3,145,39.1,0.44,12.0,15.0,2,15.0,0.0,0,284.0,22.5,0,2
284.0,J1,145,39.1,0.44,12.0,22.5,3,22.5,0.0,0,284.0,15.0,0,2
285.0,J2,146,39.56,0.5,13.0,22.5,3,7.5,15.0,0,285.0,75.0,1,2
285.0,J3,146,39.56,0.5,13.0,15.0,2,15.0,0.0,0,285.0,30.0,0,2
285.0,J1,146,39.56,0.5,13.0,22.5,3,22.5,0.0,0,285.0,15.0,0,2
286.0,J2,146,39.86,0.54,14.0,15.0,2,7.5,7.5,0,286.0,52.5,1,2
286.0,J3,146,39.86,0.54,14.0,15.0,2,15.0,0.0,0,286.0,15.0,0,2
286.0,J1,146,39.86,0.54,14.0,22.5,3,22.5,0.0,0,286.0,0.0,0,2
287.0,J2,147,40.25,0.6,15.0,15.0,2,7.5,7.5,0,287.0,30.0,0,2
287.0,J3,147,40.25,0.6,15.0,15.0,2,15.0,0.0,0,287.0,7.5,0,2
287.0,J1,147,40.25,0.6,15.0,30.0,4,22.5,7.5,0,287.0,0.0,0,2
288.0,J2,149,40.31,0.65,16.0,15.0,2,7.5,7.5,0,288.0,22.5,0,2
288.0,J3,149,40.31,0.65,16.0,15.0,2,15.0,0.0,0,288.0,30.0,0,2
288.0,J1,149,40.31,0.65,16.0,30.0,4,22.5,7.5,0,288.0,0.0,0,2
289.0,J2,148,40.3,0.72,17.0,15.0,2,15.0,0.0,0,289.0,52.5,1,2
289.0,J3,148,40.3,0.72,17.0,15.0,2,15.0,0.0,0,289.0,37.5,1,2
289.0,J1,148,40.3,0.72,17.0,30.0,4,22.5,7.5,0,289.0,7.5,0,2
290.0,J2,147,40.32,0.78,18.0,15.0,2,22.5,-7.5,0,290.0,67.5,1,2
290.0,J3,147,40.32,0.78,18.0,15.0,2,15.0,0.0,0,290.0,37.5,1,2
290.0,J1,147,40.32,0.78,18.0,30.0,4,22.5,7.5,0,290.0,7.5,0,2
291.0,J2,148,40.54,0.84,19.0,15.0,2,15.0,0.0,0,291.0,67.5,1,2
291.0,J3,148,40.54,0.84,19.0,22.5,3,15.0,7.5,0,291.0,45.0,1,2
291.0,J1,148,40.54,0.84,19.0,30.0,4,22.5,7.5,0,291.0,30.0,0,2
292.0,J2,148,40.32,0.91,20.0,15.0,2,15.0,0.0,0,292.0,82.5,1,2
292.0,J3,148,40.32,0.91,20.0,22.5,3,15.0,7.5,0,292.0,52.5,1,2
292.0,J1,148,40.32,0.91,20.0,30.0,4,30.0,0.0,0,292.0,30.0,0,2
293.0,J2,149,40.49,0.98,21.0,22.5,3,15.0,7.5,0,293.0,82.5,1,2
293.0,J3,149,40.49,0.98,21.0,22.5,3,15.0,7.5,0,293.0,60.0,1,2
293.0,J1,149,40.49,0.98,21.0,30.0,4,30.0,0.0,0,293.0,37.5,1,2
294.0,J2,149,40.62,1.05,22.0,22.5,3,15.0,7.5,0,294.0,97.5,1,2
294.0,J3,149,40.62,1.05,22.0,22.5,3,15.0,7.5,0,294.0,67.5,1,2
294.0,J1,149,40.62,1.05,22.0,30.0,4,30.0,0.0,0,294.0,37.5,1,2
295.0,J2,149,40.49,1.03,23.0,22.5,3,15.0,7.5,0,295.0,112.5,1,2
295.0,J3,149,40.49,1.03,23.0,22.5,3,15.0,7.5,0,295.0,75.0,1,2
295.0,J1,149,40.49,1.03,23.0,30.0,4,30.0,0.0,0,295.0,60.0,1,2
296.0,J2,149,40.44,1.09,24.0,22.5,3,15.0,7.5,0,296.0,120.0,1,2
296.0,J3,149,40.44,1.09,24.0,22.5,3,22.5,0.0,0,296.0,82.5,1,2
296.0,J1,149,40.44,1.09,24.0,30.0,4,30.0,0.0,0,296.0,60.0,1,2
297.0,J2,148,40.41,1.17,25.0,22.5,3,15.0,7.5,0,297.0,142.5,1,2
297.0,J3,148,40.41,1.17,25.0,22.5,3,22.5,0.0,0,297.0,90.0,1,2
297.0,J1,148,40.41,1.17,25.0,30.0,4,30.0,0.0,0,297.0,60.0,1,2
298.0,J2,149,40.15,1.23,26.0,22.5,3,22.5,0.0,0,298.0,165.0,1,2
298.0,J3,149,40.15,1.23,26.0,22.5,3,22.5,0.0,0,298.0,97.5,1,2
298.0,J1,149,40.15,1.23,26.0,30.0,4,30.0,0.0,0,298.0,60.0,1,2
299.0,J2,147,39.77,1.31,27.0,22.5,3,22.5,0.0,0,299.0,195.0,1,2
299.0,J3,147,39.77,1.31,27.0,22.5,3,22.5,0.0,0,299.0,105.0,1,2
299.0,J1,147,39.77,1.31,27.0,30.0,4,30.0,0.0,0,299.0,60.0,1,2
300.0,J2,147,39.42,1.39,28.0,22.5,3,22.5,0.0,0,300.0,217.5,1,2
300.0,J3,147,39.42,1.39,28.0,22.5,3,22.5,0.0,0,300.0,112.5,1,2
300.0,J1,147,39.42,1.39,28.0,37.5,5,30.0,7.5,0,300.0,60.0,1,2
301.0,J2,152,39.45,1.42,29.0,30.0,4,22.5,7.5,0,301.0,225.0,1,2
301.0,J3,152,39.45,1.42,29.0,22.5,3,22.5,0.0,0,301.0,112.5,1,2
301.0,J1,152,39.45,1.42,29.0,37.5,5,30.0,7.5,0,301.0,60.0,1,2
302.0,J2,152,39.33,1.51,30.0,30.0,4,22.5,7.5,0,302.0,247.5,1,2
302.0,J3,152,39.33,1.51,30.0,22.5,3,22.5,0.0,0,302.0,120.0,1,2
302.0,J1,152,39.33,1.51,30.0,45.0,6,30.0,15.0,0,302.0,67.5,1,2
303.0,J2,150,39.31,1.63,31.0,37.5,5,22.5,15.0,0,303.0,255.0,1,2
303.0,J3,150,39.31,1.63,31.0,22.5,3,22.5,0.0,0,303.0,120.0,1,2
303.0,J1,150,39.31,1.63,31.0,52.5,7,30.0,22.5,0,303.0,75.0,1,2
304.0,J2,151,38.94,1.72,32.0,37.5,5,22.5,15.0,0,304.0,262.5,1,2
304.0,J3,151,38.94,1.72,32.0,22.5,3,22.5,0.0,0,304.0,142.5,1,2
304.0,J1,151,38.94,1.72,32.0,52.5,7,30.0,22.5,0,304.0,90.0,1,2
305.0,J2,151,39.02,1.81,33.0,37.5,5,22.5,15.0,0,305.0,270.0,1,2
305.0,J3,151,39.02,1.81,33.0,22.5,3,22.5,0.0,0,305.0,157.5,1,2
305.0,J1,151,39.02,1.81,33.0,52.5,7,37.5,15.0,0,305.0,97.5,1,2
306.0,J2,149,38.74,1.94,34.0,37.5,5,30.0,7.5,0,306.0,270.0,1,2
306.0,J3,149,38.74,1.94,34.0,22.5,3,22.5,0.0,0,306.0,157.5,1,2
306.0,J1,149,38.74,1.94,34.0,52.5,7,37.5,15.0,0,306.0,97.5,1,2
307.0,J2,149,38.7,2.05,35.0,45.0,6,30.0,15.0,0,307.0,277.5,1,2
307.0,J3,149,38.7,2.05,35.0,22.5,3,22.5,0.0,0,307.0,172.5,1,2
307.0,J1,149,38.7,2.05,35.0,52.5,7,45.0,7.5,0,307.0,97.5,1,2
308.0,J2,151,38.67,2.13,36.0,45.0,6,37.5,7.5,0,308.0,285.0,1,2
308.0,J3,151,38.67,2.13,36.0,22.5,3,22.5,0.0,0,308.0,172.5,1,2
308.0,J1,151,38.67,2.13,36.0,52.5,7,52.5,0.0,0,308.0,97.5,1,2
309.0,J2,152,38.61,2.22,37.0,52.5,7,37.5,15.0,0,309.0,292.5,1,2
309.0,J3,152,38.61,2.22,37.0,22.5,3,22.5,0.0,0,309.0,172.5,1,2
309.0,J1,152,38.61,2.22,37.0,52.5,7,52.5,0.0,0,309.0,97.5,1,2
310.0,J2,152,38.48,2.34,38.0,52.5,7,37.5,15.0,0,310.0,292.5,1,2
310.0,J3,152,38.48,2.34,38.0,22.5,3,22.5,0.0,0,310.0,172.5,1,2
310.0,J1,152,38.48,2.34,38.0,52.5,7,52.5,0.0,0,310.0,97.5,1,2
311.0,J2,152,38.12,2.45,39.0,60.0,8,37.5,22.5,0,311.0,300.0,1,2
311.0,J3,152,38.12,2.45,39.0,22.5,3,22.5,0.0,0,311.0,172.5,1,2
311.0,J1,152,38.12,2.45,39.0,52.5,7,52.5,0.0,0,311.0,97.5,1,2
312.0,J2,151,37.83,2.59,40.0,60.0,8,45.0,15.0,0,312.0,300.0,1,2
312.0,J3,151,37.83,2.59,40.0,22.5,3,22.5,0.0,0,312.0,172.5,1,2
312.0,J1,151,37.83,2.59,40.0,52.5,7,52.5,0.0,0,312.0,105.0,1,2
313.0,J2,152,37.71,2.7,41.0,60.0,8,45.0,15.0,1,313.0,300.0,1,2
313.0,J3,152,37.71,2.7,41.0,22.5,3,22.5,0.0,1,313.0,172.5,1,2
313.0,J1,152,37.71,2.7,41.0,60.0,8,52.5,7.5,1,313.0,112.5,1,2
314.0,J2,150,36.66,2.86,42.0,60.0,8,52.5,7.5,1,314.0,307.5,1,2
314.0,J3,150,36.66,2.86,42.0,22.5,3,22.5,0.0,1,314.0,172.5,1,2
314.0,J1,150,36.66,2.86,42.0,60.0,8,52.5,7.5,1,314.0,120.0,1,2
315.0,J2,149,35.15,3.01,43.0,60.0,8,52.5,7.5,1,315.0,307.5,1,2
315.0,J3,149,35.15,3.01,43.0,30.0,4,22.5,7.5,1,315.0,180.0,1,2
315.0,J1,149,35.15,3.01,43.0,60.0,8,52.5,7.5,1,315.0,120.0,1,2
316.0,J2,145,34.48,0.72,30.0,30.0,4,60.0,-30.0,2,316.0,315.0,1,2
316.0,J3,145,34.48,0.72,30.0,15.0,2,22.5,-7.5,2,316.0,180.0,1,2
316.0,J1,145,34.48,0.72,30.0,30.0,4,52.5,-22.5,2,316.0,120.0,1,2
317.0,J2,144,34.48,0.06,5.0,0.0,0,60.0,-60.0,2,317.0,322.5,1,2
317.0,J3,144,34.48,0.06,5.0,7.5,1,22.5,-15.0,2,317.0,180.0,1,2
317.0,J1,144,34.48,0.06,5.0,22.5,3,52.5,-30.0,2,317.0,127.5,1,2
318.0,J2,141,34.3,0.08,3.0,15.0,2,60.0,-45.0,2,318.0,330.0,1,2
318.0,J3,141,34.3,0.08,3.0,7.5,1,22.5,-15.0,2,318.0,195.0,1,2
318.0,J1,141,34.3,0.08,3.0,30.0,4,60.0,-30.0,2,318.0,127.5,1,2
319.0,J2,141,34.48,0.14,4.0,22.5,3,60.0,-37.5,2,319.0,330.0,1,2
319.0,J3,141,34.48,0.14,4.0,7.5,1,22.5,-15.0,2,319.0,202.5,1,2
319.0,J1,141,34.48,0.14,4.0,37.5,5,60.0,-22.5,2,319.0,135.0,1,2
320.0,J2,141,34.56,0.23,5.0,30.0,4,60.0,-30.0,2,320.0,330.0,1,2
320.0,J3,141,34.56,0.23,5.0,15.0,2,30.0,-15.0,2,320.0,202.5,1,2
320.0,J1,141,34.56,0.23,5.0,45.0,6,60.0,-15.0,2,320.0,135.0,1,2
321.0,J2,141,34.97,0.33,6.0,37.5,5,30.0,7.5,2,321.0,330.0,1,2
321.0,J3,141,34.97,0.33,6.0,15.0,2,15.0,0.0,2,321.0,202.5,1,2
321.0,J1,141,34.97,0.33,6.0,60.0,8,30.0,30.0,2,321.0,135.0,1,2
322.0,J2,139,34.72,0.45,7.0,45.0,6,0.0,45.0,2,322.0,330.0,1,2
322.0,J3,139,34.72,0.45,7.0,15.0,2,7.5,7.5,2,322.0,202.5,1,2
322.0,J1,139,34.72,0.45,7.0,60.0,8,22.5,37.5,2,322.0,135.0,1,2
323.0,J2,138,34.46,0.62,8.0,67.5,9,15.0,52.5,2,323.0,330.0,1,2
323.0,J3,138,34.46,0.62,8.0,30.0,4,7.5,22.5,2,323.0,202.5,1,2
323.0,J1,138,34.46,0.62,8.0,75.0,10,30.0,45.0,2,323.0,135.0,1,2
324.0,J2,139,33.92,0.78,9.0,67.5,9,22.5,45.0,2,324.0,330.0,1,2
324.0,J3,139,33.92,0.78,9.0,30.0,4,7.5,22.5,2,324.0,210.0,1,2
324.0,J1,139,33.92,0.78,9.0,82.5,11,37.5,45.0,2,324.0,135.0,1,2
325.0,J2,138,32.56,0.98,10.0,67.5,9,30.0,37.5,2,325.0,330.0,1,2
325.0,J3,138,32.56,0.98,10.0,30.0,4,15.0,15.0,2,325.0,210.0,1,2
325.0,J1,138,32.56,0.98,10.0,97.5,13,45.0,52.5,2,325.0,135.0,1,2
326.0,J2,139,31.83,1.18,11.0,75.0,10,37.5,37.5,2,326.0,330.0,1,2
326.0,J3,139,31.83,1.18,11.0,37.5,5,15.0,22.5,2,326.0,210.0,1,2
326.0,J1,139,31.83,1.18,11.0,105.0,14,60.0,45.0,2,326.0,135.0,1,2
327.0,J2,139,30.76,1.4,12.0,75.0,10,45.0,30.0,2,327.0,330.0,1,2
327.0,J3,139,30.76,1.4,12.0,45.0,6,15.0,30.0,2,327.0,210.0,1,2
327.0,J1,139,30.76,1.4,12.0,112.5,15,60.0,52.5,2,327.0,135.0,1,2
328.0,J2,139,29.36,1.65,13.0,75.0,10,67.5,7.5,2,328.0,330.0,1,2
328.0,J3,139,29.36,1.65,13.0,67.5,9,30.0,37.5,2,328.0,210.0,1,2
328.0,J1,139,29.36,1.65,13.0,112.5,15,75.0,37.5,2,328.0,135.0,1,2
329.0,J2,140,28.5,1.9,14.0,90.0,12,67.5,22.5,2,329.0,330.0,1,2
329.0,J3,140,28.5,1.9,14.0,75.0,10,30.0,45.0,2,329.0,210.0,1,2
329.0,J1,140,28.5,1.9,14.0,112.5,15,82.5,30.0,2,329.0,142.5,1,2
330.0,J2,141,27.68,2.17,15.0,97.5,13,67.5,30.0,2,330.0,330.0,1,2
330.0,J3,141,27.68,2.17,15.0,82.5,11,30.0,52.5,2,330.0,210.0,1,2
330.0,J1,141,27.68,2.17,15.0,120.0,16,97.5,22.5,2,330.0,142.5,1,2
331.0,J2,142,27.0,2.47,16.0,105.0,14,75.0,30.0,2,331.0,285.0,1,2
331.0,J3,142,27.0,2.47,16.0,90.0,12,37.5,52.5,2,331.0,165.0,1,2
331.0,J1,142,27.0,2.47,16.0,142.5,19,105.0,37.5,2,331.0,97.5,1,2
332.0,J2,142,26.61,2.82,17.0,120.0,16,75.0,45.0,2,332.0,247.5,1,2
332.0,J3,142,26.61,2.82,17.0,90.0,12,45.0,45.0,2,332.0,120.0,1,2
332.0,J1,142,26.61,2.82,17.0,157.5,21,112.5,45.0,2,332.0,52.5,1,2
333.0,J2,145,26.75,3.11,18.0,120.0,16,75.0,45.0,2,333.0,202.5,1,2
333.0,J3,145,26.75,3.11,18.0,97.5,13,67.5,30.0,2,333.0,75.0,1,2
333.0,J1,145,26.75,3.11,18.0,165.0,22,112.5,52.5,2,333.0,22.5,0,2
334.0,J2,146,26.46,3.45,19.0,135.0,18,90.0,45.0,2,334.0,157.5,1,2
334.0,J3,146,26.46,3.45,19.0,97.5,13,75.0,22.5,2,334.0,45.0,1,2
334.0,J1,146,26.46,3.45,19.0,165.0,22,112.5,52.5,2,334.0,7.5,0,2
335.0,J2,147,26.35,3.8,20.0,135.0,18,97.5,37.5,2,335.0,112.5,1,2
335.0,J3,147,26.35,3.8,20.0,97.5,13,82.5,15.0,2,335.0,22.5,0,2
335.0,J1,147,26.35,3.8,20.0,180.0,24,120.0,60.0,2,335.0,0.0,0,2
336.0,J2,148,26.1,4.16,21.0,142.5,19,105.0,37.5,2,336.0,75.0,1,2
336.0,J3,148,26.1,4.16,21.0,97.5,13,90.0,7.5,2,336.0,7.5,0,2
336.0,J1,148,26.1,4.16,21.0,180.0,24,142.5,37.5,2,336.0,0.0,0,2
337.0,J2,148,25.99,4.55,22.0,142.5,19,120.0,22.5,2,337.0,45.0,1,2
337.0,J3,148,25.99,4.55,22.0,97.5,13,90.0,7.5,2,337.0,0.0,0,2
337.0,J1,148,25.99,4.55,22.0,195.0,26,157.5,37.5,2,337.0,0.0,0,2
338.0,J2,148,25.52,4.94,23.0,142.5,19,120.0,22.5,2,338.0,22.5,0,2
338.0,J3,148,25.52,4.94,23.0,97.5,13,97.5,0.0,2,338.0,0.0,0,2
338.0,J1,148,25.52,4.94,23.0,195.0,26,165.0,30.0,2,338.0,0.0,0,2
339.0,J2,151,25.79,5.24,24.0,142.5,19,135.0,7.5,2,339.0,22.5,0,2
339.0,J3,151,25.79,5.24,24.0,105.0,14,97.5,7.5,2,339.0,7.5,0,2
339.0,J1,151,25.79,5.24,24.0,202.5,27,165.0,37.5,2,339.0,0.0,0,2
340.0,J2,151,25.64,5.64,25.0,142.5,19,135.0,7.5,2,340.0,22.5,0,2
340.0,J3,151,25.64,5.64,25.0,105.0,14,97.5,7.5,2,340.0,7.5,0,2
340.0,J1,151,25.64,5.64,25.0,202.5,27,180.0,22.5,2,340.0,7.5,0,2
341.0,J2,152,25.55,6.0,26.0,142.5,19,142.5,0.0,2,341.0,22.5,0,2
341.0,J3,152,25.55,6.0,26.0,112.5,15,97.5,15.0,2,341.0,7.5,0,2
341.0,J1,152,25.55,6.0,26.0,202.5,27,180.0,22.5,2,341.0,7.5,0,2
342.0,J2,152,25.34,6.41,27.0,150.0,20,142.5,7.5,2,342.0,22.5,0,2
342.0,J3,152,25.34,6.41,27.0,112.5,15,97.5,15.0,2,342.0,7.5,0,2
342.0,J1,152,25.34,6.41,27.0,202.5,27,195.0,7.5,2,342.0,7.5,0,2
343.0,J2,153,24.76,6.77,28.0,150.0,20,142.5,7.5,2,343.0,37.5,1,2
343.0,J3,153,24.76,6.77,28.0,112.5,15,97.5,15.0,2,343.0,7.5,0,2
343.0,J1,153,24.76,6.77,28.0,202.5,27,195.0,7.5,2,343.0,15.0,0,2
344.0,J2,155,24.36,7.08,29.0,150.0,20,142.5,7.5,2,344.0,45.0,1,2
344.0,J3,155,24.36,7.08,29.0,112.5,15,105.0,7.5,2,344.0,7.5,0,2
344.0,J1,155,24.36,7.08,29.0,202.5,27,202.5,0.0,2,344.0,15.0,0,2
345.0,J2,156,23.84,7.46,30.0,157.5,21,142.5,15.0,2,345.0,45.0,1,2
345.0,J3,156,23.84,7.46,30.0,112.5,15,105.0,7.5,2,345.0,7.5,0,2
345.0,J1,156,23.84,7.46,30.0,217.5,29,202.5,15.0,2,345.0,22.5,0,2
346.0,J2,157,23.47,7.83,31.0,157.5,21,142.5,15.0,2,346.0,45.0,1,2
346.0,J3,157,23.47,7.83,31.0,120.0,16,112.5,7.5,2,346.0,15.0,0,2
346.0,J1,157,23.47,7.83,31.0,217.5,29,202.5,15.0,2,346.0,22.5,0,2
347.0,J2,158,22.96,8.22,32.0,165.0,22,150.0,15.0,2,347.0,45.0,1,2
347.0,J3,158,22.96,8.22,32.0,120.0,16,112.5,7.5,2,347.0,15.0,0,2
347.0,J1,158,22.96,8.22,32.0,232.5,31,202.5,30.0,2,347.0,22.5,0,2
348.0,J2,158,22.72,8.66,33.0,165.0,22,150.0,15.0,2,348.0,45.0,1,2
348.0,J3,158,22.72,8.66,33.0,135.0,18,112.5,22.5,2,348.0,15.0,0,2
348.0,J1,158,22.72,8.66,33.0,232.5,31,202.5,30.0,2,348.0,22.5,0,2
349.0,J2,160,22.66,9.01,34.0,165.0,22,150.0,15.0,2,349.0,45.0,1,2
349.0,J3,160,22.66,9.01,34.0,135.0,18,112.5,22.5,2,349.0,15.0,0,2
349.0,J1,160,22.66,9.01,34.0,247.5,33,202.5,45.0,2,349.0,22.5,0,2
350.0,J2,156,21.66,9.72,35.0,172.5,23,157.5,15.0,2,350.0,45.0,1,2
350.0,J3,156,21.66,9.72,35.0,135.0,18,112.5,22.5,2,350.0,15.0,0,2
350.0,J1,156,21.66,9.72,35.0,255.0,34,217.5,37.5,2,350.0,22.5,0,2
351.0,J2,157,21.78,10.13,36.0,180.0,24,157.5,22.5,2,351.0,45.0,1,2
351.0,J3,157,21.78,10.13,36.0,135.0,18,120.0,15.0,2,351.0,15.0,0,2
351.0,J1,157,21.78,10.13,36.0,247.5,33,217.5,30.0,2,351.0,22.5,0,2
352.0,J2,155,21.25,10.75,37.0,180.0,24,165.0,15.0,2,352.0,45.0,1,2
352.0,J3,155,21.25,10.75,37.0,135.0,18,120.0,15.0,2,352.0,15.0,0,2
352.0,J1,155,21.25,10.75,37.0,247.5,33,232.5,15.0,2,352.0,30.0,0,2
353.0,J2,156,21.33,11.16,38.0,180.0,24,165.0,15.0,2,353.0,45.0,1,2
353.0,J3,156,21.33,11.16,38.0,135.0,18,135.0,0.0,2,353.0,15.0,0,2
353.0,J1,156,21.33,11.16,38.0,247.5,33,232.5,15.0,2,353.0,45.0,1,2
354.0,J2,156,21.06,11.65,39.0,187.5,25,165.0,22.5,2,354.0,45.0,1,2
354.0,J3,156,21.06,11.65,39.0,135.0,18,135.0,0.0,2,354.0,15.0,0,2
354.0,J1,156,21.06,11.65,39.0,247.5,33,247.5,0.0,2,354.0,45.0,1,2
355.0,J2,157,21.13,12.08,40.0,187.5,25,172.5,15.0,2,355.0,45.0,1,2
355.0,J3,157,21.13,12.08,40.0,142.5,19,135.0,7.5,2,355.0,15.0,0,2
355.0,J1,157,21.13,12.08,40.0,262.5,35,255.0,7.5,2,355.0,45.0,1,2
356.0,J2,156,21.0,12.67,41.0,195.0,26,180.0,15.0,2,356.0,45.0,1,2
356.0,J3,156,21.0,12.67,41.0,142.5,19,135.0,7.5,2,356.0,15.0,0,2
356.0,J1,156,21.0,12.67,41.0,262.5,35,247.5,15.0,2,356.0,45.0,1,2
357.0,J2,151,20.08,13.62,42.0,195.0,26,180.0,15.0,2,357.0,45.0,1,2
357.0,J3,151,20.08,13.62,42.0,142.5,19,135.0,7.5,2,357.0,15.0,0,2
357.0,J1,151,20.08,13.62,42.0,262.5,35,247.5,15.0,2,357.0,45.0,1,2
358.0,J2,152,20.09,14.05,43.0,195.0,26,180.0,15.0,3,358.0,45.0,1,2
358.0,J3,152,20.09,14.05,43.0,142.5,19,135.0,7.5,3,358.0,15.0,0,2
358.0,J1,152,20.09,14.05,43.0,262.5,35,247.5,15.0,3,358.0,45.0,1,2
359.0,J2,151,19.43,14.68,44.0,195.0,26,187.5,7.5,3,359.0,45.0,1,2
359.0,J3,151,19.43,14.68,44.0,142.5,19,135.0,7.5,3,359.0,15.0,0,2
359.0,J1,151,19.43,14.68,44.0,262.5,35,247.5,15.0,3,359.0,45.0,1,2
360.0,J2,152,18.99,15.11,45.0,195.0,26,187.5,7.5,3,360.0,45.0,1,2
360.0,J3,152,18.99,15.11,45.0,142.5,19,142.5,0.0,3,360.0,15.0,0,2
360.0,J1,152,18.99,15.11,45.0,262.5,35,262.5,0.0,3,360.0,52.5,1,2
361.0,J2,153,19.53,10.86,44.0,157.5,21,195.0,-37.5,0,361.0,45.0,1,2
361.0,J3,153,19.53,10.86,44.0,97.5,13,142.5,-45.0,0,361.0,22.5,0,2
361.0,J1,153,19.53,10.86,44.0,217.5,29,262.5,-45.0,0,361.0,52.5,1,2
362.0,J2,152,20.38,7.51,42.0,120.0,16,195.0,-75.0,0,362.0,45.0,1,2
362.0,J3,152,20.38,7.51,42.0,67.5,9,142.5,-75.0,0,362.0,22.5,0,2
362.0,J1,152,20.38,7.51,42.0,172.5,23,262.5,-90.0,0,362.0,52.5,1,2
363.0,J2,152,22.22,5.11,41.0,75.0,10,195.0,-120.0,0,363.0,45.0,1,2
363.0,J3,152,22.22,5.11,41.0,37.5,5,142.5,-105.0,0,363.0,22.5,0,2
363.0,J1,152,22.22,5.11,41.0,135.0,18,262.5,-127.5,0,363.0,60.0,1,2
364.0,J2,148,23.81,3.68,39.0,52.5,7,195.0,-142.5,0,364.0,45.0,1,2
364.0,J3,148,23.81,3.68,39.0,22.5,3,142.5,-120.0,0,364.0,22.5,0,2
364.0,J1,148,23.81,3.68,39.0,112.5,15,262.5,-150.0,0,364.0,75.0,1,2
365.0,J2,146,26.14,2.47,36.0,30.0,4,195.0,-165.0,0,365.0,45.0,1,2
365.0,J3,146,26.14,2.47,36.0,15.0,2,142.5,-127.5,0,365.0,22.5,0,2
365.0,J1,146,26.14,2.47,36.0,90.0,12,262.5,-172.5,0,365.0,75.0,1,2
366.0,J2,142,28.42,1.75,35.0,15.0,2,157.5,-142.5,0,366.0,45.0,1,2
366.0,J3,142,28.42,1.75,35.0,15.0,2,97.5,-82.5,0,366.0,22.5,0,2
366.0,J1,142,28.42,1.75,35.0,75.0,10,217.5,-142.5,0,366.0,75.0,1,2
367.0,J2,141,30.8,1.13,31.0,15.0,2,120.0,-105.0,0,367.0,45.0,1,2
367.0,J3,141,30.8,1.13,31.0,15.0,2,67.5,-52.5,0,367.0,22.5,0,2
367.0,J1,141,30.8,1.13,31.0,52.5,7,172.5,-120.0,0,367.0,75.0,1,2
368.0,J2,144,33.18,0.65,22.0,22.5,3,75.0,-52.5,0,368.0,45.0,1,2
368.0,J3,144,33.18,0.65,22.0,15.0,2,37.5,-22.5,0,368.0,22.5,0,2
368.0,J1,144,33.18,0.65,22.0,30.0,4,135.0,-105.0,0,368.0,75.0,1,2
369.0,J2,144,34.72,0.41,21.0,22.5,3,52.5,-30.0,0,369.0,45.0,1,2
369.0,J3,144,34.72,0.41,21.0,15.0,2,22.5,-7.5,0,369.0,22.5,0,2
369.0,J1,144,34.72,0.41,21.0,15.0,2,112.5,-97.5,0,369.0,75.0,1,2
370.0,J2,144,35.85,0.31,10.0,22.5,3,30.0,-7.5,0,370.0,52.5,1,2
370.0,J3,144,35.85,0.31,10.0,15.0,2,15.0,0.0,0,370.0,22.5,0,2
370.0,J1,144,35.85,0.31,10.0,7.5,1,90.0,-82.5,0,370.0,75.0,1,2
371.0,J2,144,36.64,0.35,11.0,22.5,3,15.0,7.5,0,371.0,52.5,1,2
371.0,J3,144,36.64,0.35,11.0,15.0,2,15.0,0.0,0,371.0,22.5,0,2
371.0,J1,144,36.64,0.35,11.0,7.5,1,75.0,-67.5,0,371.0,75.0,1,2
372.0,J2,146,37.2,0.38,12.0,22.5,3,15.0,7.5,0,372.0,60.0,1,2
372.0,J3,146,37.2,0.38,12.0,15.0,2,15.0,0.0,0,372.0,22.5,0,2
372.0,J1,146,37.2,0.38,12.0,7.5,1,52.5,-45.0,0,372.0,75.0,1,2
373.0,J2,147,37.65,0.42,13.0,22.5,3,22.5,0.0,0,373.0,60.0,1,2
373.0,J3,147,37.65,0.42,13.0,15.0,2,15.0,0.0,0,373.0,22.5,0,2
373.0,J1,147,37.65,0.42,13.0,7.5,1,30.0,-22.5,0,373.0,75.0,1,2
374.0,J2,148,37.91,0.47,14.0,30.0,4,22.5,7.5,0,374.0,60.0,1,2
374.0,J3,148,37.91,0.47,14.0,15.0,2,15.0,0.0,0,374.0,22.5,0,2
374.0,J1,148,37.91,0.47,14.0,7.5,1,15.0,-7.5,0,374.0,75.0,1,2
375.0,J2,149,38.38,0.52,15.0,30.0,4,22.5,7.5,0,375.0,75.0,1,2
375.0,J3,149,38.38,0.52,15.0,22.5,3,15.0,7.5,0,375.0,30.0,0,2
375.0,J1,149,38.38,0.52,15.0,15.0,2,7.5,7.5,0,375.0,82.5,1,2
376.0,J2,151,39.04,0.58,16.0,30.0,4,22.5,7.5,0,376.0,45.0,1,2
376.0,J3,151,39.04,0.58,16.0,30.0,4,15.0,15.0,0,376.0,7.5,0,2
376.0,J1,151,39.04,0.58,16.0,15.0,2,7.5,7.5,0,376.0,52.5,1,2
377.0,J2,153,38.97,0.65,17.0,30.0,4,22.5,7.5,0,377.0,22.5,0,2
377.0,J3,153,38.97,0.65,17.0,37.5,5,15.0,22.5,0,377.0,15.0,0,2
377.0,J1,153,38.97,0.65,17.0,15.0,2,7.5,7.5,0,377.0,30.0,0,2
378.0,J2,155,39.43,0.72,18.0,30.0,4,22.5,7.5,0,378.0,30.0,0,2
378.0,J3,155,39.43,0.72,18.0,45.0,6,15.0,30.0,0,378.0,30.0,0,2
378.0,J1,155,39.43,0.72,18.0,15.0,2,7.5,7.5,0,378.0,30.0,0,2
379.0,J2,156,39.25,0.79,19.0,37.5,5,30.0,7.5,0,379.0,37.5,1,2
379.0,J3,156,39.25,0.79,19.0,45.0,6,15.0,30.0,0,379.0,37.5,1,2
379.0,J1,156,39.25,0.79,19.0,15.0,2,7.5,7.5,0,379.0,30.0,0,2
380.0,J2,156,39.03,0.88,20.0,45.0,6,30.0,15.0,0,380.0,67.5,1,2
380.0,J3,156,39.03,0.88,20.0,45.0,6,22.5,22.5,0,380.0,45.0,1,2
380.0,J1,156,39.03,0.88,20.0,15.0,2,15.0,0.0,0,380.0,52.5,1,2
381.0,J2,157,38.99,0.97,21.0,45.0,6,30.0,15.0,0,381.0,82.5,1,2
381.0,J3,157,38.99,0.97,21.0,45.0,6,30.0,15.0,0,381.0,60.0,1,2
381.0,J1,157,38.99,0.97,21.0,15.0,2,15.0,0.0,0,381.0,75.0,1,2
382.0,J2,156,38.86,1.07,22.0,52.5,7,30.0,22.5,0,382.0,105.0,1,2
382.0,J3,156,38.86,1.07,22.0,45.0,6,37.5,7.5,0,382.0,67.5,1,2
382.0,J1,156,38.86,1.07,22.0,15.0,2,15.0,0.0,0,382.0,90.0,1,2
383.0,J2,157,39.01,1.16,23.0,52.5,7,30.0,22.5,0,383.0,120.0,1,2
383.0,J3,157,39.01,1.16,23.0,45.0,6,45.0,0.0,0,383.0,75.0,1,2
383.0,J1,157,39.01,1.16,23.0,15.0,2,15.0,0.0,0,383.0,97.5,1,2
384.0,J2,158,39.02,1.25,24.0,52.5,7,37.5,15.0,0,384.0,120.0,1,2
384.0,J3,158,39.02,1.25,24.0,45.0,6,45.0,0.0,0,384.0,82.5,1,2
384.0,J1,158,39.02,1.25,24.0,15.0,2,15.0,0.0,0,384.0,112.5,1,2
385.0,J2,160,38.92,1.32,25.0,52.5,7,45.0,7.5,0,385.0,135.0,1,2
385.0,J3,160,38.92,1.32,25.0,45.0,6,45.0,0.0,0,385.0,97.5,1,2
385.0,J1,160,38.92,1.32,25.0,15.0,2,15.0,0.0,0,385.0,127.5,1,2
386.0,J2,160,38.82,1.43,26.0,60.0,8,45.0,15.0,0,386.0,135.0,1,2
386.0,J3,160,38.82,1.43,26.0,45.0,6,45.0,0.0,0,386.0,97.5,1,2
386.0,J1,160,38.82,1.43,26.0,15.0,2,15.0,0.0,0,386.0,127.5,1,2
387.0,J2,159,38.54,1.53,27.0,60.0,8,52.5,7.5,0,387.0,135.0,1,2
387.0,J3,159,38.54,1.53,27.0,45.0,6,45.0,0.0,0,387.0,120.0,1,2
387.0,J1,159,38.54,1.53,27.0,15.0,2,15.0,0.0,0,387.0,135.0,1,2
388.0,J2,160,38.31,1.62,28.0,60.0,8,52.5,7.5,0,388.0,135.0,1,2
388.0,J3,160,38.31,1.62,28.0,45.0,6,45.0,0.0,0,388.0,120.0,1,2
388.0,J1,160,38.31,1.62,28.0,15.0,2,15.0,0.0,0,388.0,135.0,1,2
389.0,J2,160,38.09,1.74,29.0,67.5,9,52.5,15.0,0,389.0,142.5,1,2
389.0,J3,160,38.09,1.74,29.0,52.5,7,45.0,7.5,0,389.0,127.5,1,2
389.0,J1,160,38.09,1.74,29.0,15.0,2,15.0,0.0,0,389.0,142.5,1,2
390.0,J2,160,38.12,1.85,30.0,67.5,9,52.5,15.0,0,390.0,150.0,1,2
390.0,J3,160,38.12,1.85,30.0,52.5,7,45.0,7.5,0,390.0,135.0,1,2
390.0,J1,160,38.12,1.85,30.0,15.0,2,15.0,0.0,0,390.0,142.5,1,2
391.0,J2,159,37.8,1.97,31.0,67.5,9,60.0,7.5,0,391.0,150.0,1,2
391.0,J3,159,37.8,1.97,31.0,52.5,7,45.0,7.5,0,391.0,142.5,1,2
391.0,J1,159,37.8,1.97,31.0,15.0,2,15.0,0.0,0,391.0,142.5,1,2
392.0,J2,158,37.92,2.11,32.0,67.5,9,60.0,7.5,0,392.0,150.0,1,2
392.0,J3,158,37.92,2.11,32.0,52.5,7,45.0,7.5,0,392.0,142.5,1,2
392.0,J1,158,37.92,2.11,32.0,22.5,3,15.0,7.5,0,392.0,142.5,1,2
393.0,J2,158,37.65,2.23,33.0,67.5,9,60.0,7.5,0,393.0,157.5,1,2
393.0,J3,158,37.65,2.23,33.0,52.5,7,45.0,7.5,0,393.0,157.5,1,2
393.0,J1,158,37.65,2.23,33.0,22.5,3,15.0,7.5,0,393.0,150.0,1,2
394.0,J2,157,37.52,2.37,34.0,75.0,10,67.5,7.5,0,394.0,157.5,1,2
394.0,J3,157,37.52,2.37,34.0,52.5,7,52.5,0.0,0,394.0,172.5,1,2
394.0,J1,157,37.52,2.37,34.0,22.5,3,15.0,7.5,0,394.0,150.0,1,2
395.0,J2,157,37.5,2.5,35.0,82.5,11,67.5,15.0,0,395.0,157.5,1,2
395.0,J3,157,37.5,2.5,35.0,52.5,7,52.5,0.0,0,395.0,180.0,1,2
395.0,J1,157,37.5,2.5,35.0,22.5,3,15.0,7.5,0,395.0,165.0,1,2
396.0,J2,158,37.39,2.62,36.0,82.5,11,67.5,15.0,0,396.0,157.5,1,2
396.0,J3,158,37.39,2.62,36.0,52.5,7,52.5,0.0,0,396.0,187.5,1,2
396.0,J1,158,37.39,2.62,36.0,22.5,3,15.0,7.5,0,396.0,172.5,1,2
397.0,J2,158,37.28,2.76,37.0,90.0,12,67.5,22.5,0,397.0,165.0,1,2
397.0,J3,158,37.28,2.76,37.0,52.5,7,52.5,0.0,0,397.0,195.0,1,2
397.0,J1,158,37.28,2.76,37.0,22.5,3,22.5,0.0,0,397.0,180.0,1,2
398.0,J2,159,37.51,2.88,38.0,90.0,12,67.5,22.5,0,398.0,165.0,1,2
398.0,J3,159,37.51,2.88,38.0,52.5,7,52.5,0.0,0,398.0,195.0,1,2
398.0,J1,159,37.51,2.88,38.0,22.5,3,22.5,0.0,0,398.0,187.5,1,2
399.0,J2,158,37.55,3.04,39.0,90.0,12,75.0,15.0,0,399.0,180.0,1,2
399.0,J3,158,37.55,3.04,39.0,52.5,7,52.5,0.0,0,399.0,195.0,1,2
399.0,J1,158,37.55,3.04,39.0,22.5,3,22.5,0.0,0,399.0,195.0,1,2
400.0,J2,163,37.51,3.08,40.0,90.0,12,82.5,7.5,0,400.0,195.0,1,2
400.0,J3,163,37.51,3.08,40.0,52.5,7,52.5,0.0,0,400.0,202.5,1,2
400.0,J1,163,37.51,3.08,40.0,22.5,3,22.5,0.0,0,400.0,195.0,1,2
401.0,J2,163,37.37,3.21,41.0,90.0,12,82.5,7.5,0,401.0,195.0,1,2
401.0,J3,163,37.37,3.21,41.0,52.5,7,52.5,0.0,0,401.0,202.5,1,2
401.0,J1,163,37.37,3.21,41.0,22.5,3,22.5,0.0,0,401.0,202.5,1,2
402.0,J2,165,37.39,3.32,42.0,97.5,13,90.0,7.5,0,402.0,195.0,1,2
402.0,J3,165,37.39,3.32,42.0,52.5,7,52.5,0.0,0,402.0,202.5,1,2
402.0,J1,165,37.39,3.32,42.0,22.5,3,22.5,0.0,0,402.0,210.0,1,2
403.0,J2,165,37.16,3.45,43.0,97.5,13,90.0,7.5,1,403.0,195.0,1,2
403.0,J3,165,37.16,3.45,43.0,52.5,7,52.5,0.0,1,403.0,210.0,1,2
403.0,J1,165,37.16,3.45,43.0,22.5,3,22.5,0.0,1,403.0,210.0,1,2
404.0,J2,164,36.16,3.62,44.0,97.5,13,90.0,7.5,1,404.0,195.0,1,2
404.0,J3,164,36.16,3.62,44.0,52.5,7,52.5,0.0,1,404.0,210.0,1,2
404.0,J1,164,36.16,3.62,44.0,22.5,3,22.5,0.0,1,404.0,210.0,1,2
405.0,J2,162,34.86,3.8,45.0,97.5,13,90.0,7.5,1,405.0,202.5,1,2
405.0,J3,162,34.86,3.8,45.0,52.5,7,52.5,0.0,1,405.0,210.0,1,2
405.0,J1,162,34.86,3.8,45.0,22.5,3,22.5,0.0,1,405.0,210.0,1,2
406.0,J2,160,34.07,1.88,32.0,67.5,9,90.0,-22.5,2,406.0,210.0,1,2
406.0,J3,160,34.07,1.88,32.0,45.0,6,52.5,-7.5,2,406.0,210.0,1,2
406.0,J1,160,34.07,1.88,32.0,7.5,1,22.5,-15.0,2,406.0,217.5,1,2
407.0,J2,159,33.6,1.01,31.0,45.0,6,97.5,-52.5,2,407.0,210.0,1,2
407.0,J3,159,33.6,1.01,31.0,37.5,5,52.5,-15.0,2,407.0,217.5,1,2
407.0,J1,159,33.6,1.01,31.0,7.5,1,22.5,-15.0,2,407.0,240.0,1,2
408.0,J2,158,33.3,0.33,20.0,37.5,5,97.5,-60.0,2,408.0,210.0,1,2
408.0,J3,158,33.3,0.33,20.0,22.5,3,52.5,-30.0,2,408.0,217.5,1,2
408.0,J1,158,33.3,0.33,20.0,22.5,3,22.5,0.0,2,408.0,247.5,1,2
409.0,J2,156,32.75,0.15,4.0,37.5,5,97.5,-60.0,2,409.0,217.5,1,2
409.0,J3,156,32.75,0.15,4.0,15.0,2,52.5,-37.5,2,409.0,217.5,1,2
409.0,J1,156,32.75,0.15,4.0,37.5,5,22.5,15.0,2,409.0,262.5,1,2
410.0,J2,155,32.13,0.24,5.0,37.5,5,97.5,-60.0,2,410.0,232.5,1,2
410.0,J3,155,32.13,0.24,5.0,15.0,2,52.5,-37.5,2,410.0,225.0,1,2
410.0,J1,155,32.13,0.24,5.0,45.0,6,22.5,22.5,2,410.0,262.5,1,2
411.0,J2,156,31.84,0.34,6.0,52.5,7,67.5,-15.0,2,411.0,232.5,1,2
411.0,J3,156,31.84,0.34,6.0,15.0,2,45.0,-30.0,2,411.0,225.0,1,2
411.0,J1,156,31.84,0.34,6.0,52.5,7,7.5,45.0,2,411.0,262.5,1,2
412.0,J2,156,31.95,0.47,7.0,67.5,9,45.0,22.5,2,412.0,232.5,1,2
412.0,J3,156,31.95,0.47,7.0,15.0,2,37.5,-22.5,2,412.0,225.0,1,2
412.0,J1,156,31.95,0.47,7.0,67.5,9,7.5,60.0,2,412.0,262.5,1,2
413.0,J2,156,31.52,0.62,8.0,75.0,10,37.5,37.5,2,413.0,232.5,1,2
413.0,J3,156,31.52,0.62,8.0,22.5,3,22.5,0.0,2,413.0,225.0,1,2
413.0,J1,156,31.52,0.62,8.0,82.5,11,22.5,60.0,2,413.0,262.5,1,2
414.0,J2,159,31.69,0.78,9.0,90.0,12,37.5,52.5,2,414.0,232.5,1,2
414.0,J3,159,31.69,0.78,9.0,22.5,3,15.0,7.5,2,414.0,225.0,1,2
414.0,J1,159,31.69,0.78,9.0,90.0,12,37.5,52.5,2,414.0,262.5,1,2
415.0,J2,160,31.33,0.96,10.0,90.0,12,37.5,52.5,2,415.0,232.5,1,2
415.0,J3,160,31.33,0.96,10.0,22.5,3,15.0,7.5,2,415.0,232.5,1,2
415.0,J1,160,31.33,0.96,10.0,105.0,14,45.0,60.0,2,415.0,262.5,1,2
416.0,J2,159,31.39,1.16,11.0,97.5,13,52.5,45.0,2,416.0,232.5,1,2
416.0,J3,159,31.39,1.16,11.0,30.0,4,15.0,15.0,2,416.0,232.5,1,2
416.0,J1,159,31.39,1.16,11.0,105.0,14,52.5,52.5,2,416.0,270.0,1,2
417.0,J2,161,31.58,1.35,12.0,97.5,13,67.5,30.0,2,417.0,232.5,1,2
417.0,J3,161,31.58,1.35,12.0,37.5,5,15.0,22.5,2,417.0,232.5,1,2
417.0,J1,161,31.58,1.35,12.0,112.5,15,67.5,45.0,2,417.0,270.0,1,2
418.0,J2,160,31.06,1.58,13.0,105.0,14,75.0,30.0,2,418.0,232.5,1,2
418.0,J3,160,31.06,1.58,13.0,52.5,7,22.5,30.0,2,418.0,232.5,1,2
418.0,J1,160,31.06,1.58,13.0,112.5,15,82.5,30.0,2,418.0,277.5,1,2
419.0,J2,161,30.47,1.81,14.0,120.0,16,90.0,30.0,2,419.0,232.5,1,2
419.0,J3,161,30.47,1.81,14.0,52.5,7,22.5,30.0,2,419.0,232.5,1,2
419.0,J1,161,30.47,1.81,14.0,112.5,15,90.0,22.5,2,419.0,285.0,1,2
420.0,J2,160,29.84,2.07,15.0,135.0,18,90.0,45.0,2,420.0,232.5,1,2
420.0,J3,160,29.84,2.07,15.0,52.5,7,22.5,30.0,2,420.0,240.0,1,2
420.0,J1,160,29.84,2.07,15.0,112.5,15,105.0,7.5,2,420.0,285.0,1,2
421.0,J2,161,29.27,2.32,16.0,135.0,18,97.5,37.5,2,421.0,202.5,1,2
421.0,J3,161,29.27,2.32,16.0,52.5,7,30.0,22.5,2,421.0,195.0,1,2
421.0,J1,161,29.27,2.32,16.0,127.5,17,105.0,22.5,2,421.0,240.0,1,2
422.0,J2,160,29.25,2.61,17.0,150.0,20,97.5,52.5,2,422.0,165.0,1,2
422.0,J3,160,29.25,2.61,17.0,52.5,7,37.5,15.0,2,422.0,150.0,1,2
422.0,J1,160,29.25,2.61,17.0,135.0,18,112.5,22.5,2,422.0,202.5,1,2
423.0,J2,159,28.88,2.93,18.0,165.0,22,105.0,60.0,2,423.0,127.5,1,2
423.0,J3,159,28.88,2.93,18.0,60.0,8,52.5,7.5,2,423.0,112.5,1,2
423.0,J1,159,28.88,2.93,18.0,135.0,18,112.5,22.5,2,423.0,165.0,1,2
424.0,J2,158,28.59,3.27,19.0,180.0,24,120.0,60.0,2,424.0,82.5,1,2
424.0,J3,158,28.59,3.27,19.0,67.5,9,52.5,15.0,2,424.0,82.5,1,2
424.0,J1,158,28.59,3.27,19.0,135.0,18,112.5,22.5,2,424.0,120.0,1,2
425.0,J2,155,27.95,3.66,20.0,180.0,24,135.0,45.0,2,425.0,52.5,1,2
425.0,J3,155,27.95,3.66,20.0,67.5,9,52.5,15.0,2,425.0,60.0,1,2
425.0,J1,155,27.95,3.66,20.0,135.0,18,112.5,22.5,2,425.0,75.0,1,2
426.0,J2,156,27.64,3.97,21.0,180.0,24,135.0,45.0,2,426.0,37.5,1,2
426.0,J3,156,27.64,3.97,21.0,67.5,9,52.5,15.0,2,426.0,37.5,1,2
426.0,J1,156,27.64,3.97,21.0,135.0,18,127.5,7.5,2,426.0,30.0,0,2
427.0,J2,158,27.62,4.25,22.0,187.5,25,150.0,37.5,2,427.0,37.5,1,2
427.0,J3,158,27.62,4.25,22.0,67.5,9,52.5,15.0,2,427.0,15.0,0,2
427.0,J1,158,27.62,4.25,22.0,142.5,19,135.0,7.5,2,427.0,15.0,0,2
428.0,J2,158,27.53,4.6,23.0,195.0,26,165.0,30.0,2,428.0,37.5,1,2
428.0,J3,158,27.53,4.6,23.0,67.5,9,60.0,7.5,2,428.0,0.0,0,2
428.0,J1,158,27.53,4.6,23.0,150.0,20,135.0,15.0,2,428.0,7.5,0,2
429.0,J2,156,27.19,5.01,24.0,195.0,26,180.0,15.0,2,429.0,52.5,1,2
429.0,J3,156,27.19,5.01,24.0,67.5,9,67.5,0.0,2,429.0,0.0,0,2
429.0,J1,156,27.19,5.01,24.0,150.0,20,135.0,15.0,2,429.0,7.5,0,2
430.0,J2,156,26.98,5.37,25.0,202.5,27,180.0,22.5,2,430.0,60.0,1,2
430.0,J3,156,26.98,5.37,25.0,67.5,9,67.5,0.0,2,430.0,0.0,0,2
430.0,J1,156,26.98,5.37,25.0,150.0,20,135.0,15.0,2,430.0,7.5,0,2
431.0,J2,158,27.17,5.66,26.0,210.0,28,180.0,30.0,2,431.0,60.0,1,2
431.0,J3,158,27.17,5.66,26.0,67.5,9,67.5,0.0,2,431.0,0.0,0,2
431.0,J1,158,27.17,5.66,26.0,150.0,20,135.0,15.0,2,431.0,7.5,0,2
432.0,J2,157,26.8,6.07,27.0,210.0,28,187.5,22.5,2,432.0,60.0,1,2
432.0,J3,157,26.8,6.07,27.0,67.5,9,67.5,0.0,2,432.0,0.0,0,2
432.0,J1,157,26.8,6.07,27.0,157.5,21,142.5,15.0,2,432.0,7.5,0,2
433.0,J2,158,26.63,6.41,28.0,210.0,28,195.0,15.0,2,433.0,67.5,1,2
433.0,J3,158,26.63,6.41,28.0,67.5,9,67.5,0.0,2,433.0,0.0,0,2
433.0,J1,158,26.63,6.41,28.0,165.0,22,150.0,15.0,2,433.0,7.5,0,2
434.0,J2,159,26.12,6.74,29.0,210.0,28,195.0,15.0,2,434.0,67.5,1,2
434.0,J3,159,26.12,6.74,29.0,67.5,9,67.5,0.0,2,434.0,0.0,0,2
434.0,J1,159,26.12,6.74,29.0,172.5,23,150.0,22.5,2,434.0,7.5,0,2
435.0,J2,160,25.7,7.08,30.0,217.5,29,202.5,15.0,2,435.0,60.0,1,2
435.0,J3,160,25.7,7.08,30.0,67.5,9,67.5,0.0,2,435.0,0.0,0,2
435.0,J1,160,25.7,7.08,30.0,172.5,23,150.0,22.5,2,435.0,7.5,0,2
436.0,J2,161,24.75,7.42,31.0,217.5,29,210.0,7.5,2,436.0,60.0,1,2
436.0,J3,161,24.75,7.42,31.0,67.5,9,67.5,0.0,2,436.0,0.0,0,2
436.0,J1,161,24.75,7.42,31.0,180.0,24,150.0,30.0,2,436.0,7.5,0,2
437.0,J2,161,24.23,7.82,32.0,232.5,31,210.0,22.5,2,437.0,60.0,1,2
437.0,J3,161,24.23,7.82,32.0,67.5,9,67.5,0.0,2,437.0,0.0,0,2
437.0,J1,161,24.23,7.82,32.0,180.0,24,157.5,22.5,2,437.0,7.5,0,2
438.0,J2,161,23.6,8.22,33.0,232.5,31,210.0,22.5,2,438.0,60.0,1,2
438.0,J3,161,23.6,8.22,33.0,67.5,9,67.5,0.0,2,438.0,0.0,0,2
438.0,J1,161,23.6,8.22,33.0,187.5,25,165.0,22.5,2,438.0,7.5,0,2
439.0,J2,160,23.01,8.69,34.0,240.0,32,210.0,30.0,2,439.0,60.0,1,2
439.0,J3,160,23.01,8.69,34.0,67.5,9,67.5,0.0,2,439.0,7.5,0,2
439.0,J1,160,23.01,8.69,34.0,195.0,26,172.5,22.5,2,439.0,7.5,0,2
440.0,J2,158,22.48,9.24,35.0,240.0,32,217.5,22.5,2,440.0,67.5,1,2
440.0,J3,158,22.48,9.24,35.0,67.5,9,67.5,0.0,2,440.0,7.5,0,2
440.0,J1,158,22.48,9.24,35.0,210.0,28,172.5,37.5,2,440.0,7.5,0,2
441.0,J2,157,22.12,9.76,36.0,255.0,34,217.5,37.5,2,441.0,67.5,1,2
441.0,J3,157,22.12,9.76,36.0,75.0,10,67.5,7.5,2,441.0,7.5,0,2
441.0,J1,157,22.12,9.76,36.0,217.5,29,180.0,37.5,2,441.0,7.5,0,2
442.0,J2,158,21.97,10.18,37.0,262.5,35,232.5,30.0,2,442.0,67.5,1,2
442.0,J3,158,21.97,10.18,37.0,75.0,10,67.5,7.5,2,442.0,7.5,0,2
442.0,J1,158,21.97,10.18,37.0,225.0,30,180.0,45.0,2,442.0,7.5,0,2
443.0,J2,157,21.46,10.72,38.0,262.5,35,232.5,30.0,2,443.0,67.5,1,2
443.0,J3,157,21.46,10.72,38.0,75.0,10,67.5,7.5,2,443.0,7.5,0,2
443.0,J1,157,21.46,10.72,38.0,225.0,30,187.5,37.5,2,443.0,7.5,0,2
444.0,J2,157,20.92,11.21,39.0,262.5,35,240.0,22.5,2,444.0,67.5,1,2
444.0,J3,157,20.92,11.21,39.0,82.5,11,67.5,15.0,2,444.0,7.5,0,2
444.0,J1,157,20.92,11.21,39.0,232.5,31,195.0,37.5,2,444.0,7.5,0,2
445.0,J2,159,20.97,11.56,40.0,262.5,35,240.0,22.5,2,445.0,90.0,1,2
445.0,J3,159,20.97,11.56,40.0,90.0,12,67.5,22.5,2,445.0,7.5,0,2
445.0,J1,159,20.97,11.56,40.0,232.5,31,210.0,22.5,2,445.0,7.5,0,2
446.0,J2,158,20.48,12.13,41.0,262.5,35,255.0,7.5,2,446.0,90.0,1,2
446.0,J3,158,20.48,12.13,41.0,97.5,13,75.0,22.5,2,446.0,7.5,0,2
446.0,J1,158,20.48,12.13,41.0,232.5,31,217.5,15.0,2,446.0,7.5,0,2
447.0,J2,157,20.07,12.72,42.0,262.5,35,262.5,0.0,2,447.0,90.0,1,2
447.0,J3,157,20.07,12.72,42.0,97.5,13,75.0,22.5,2,447.0,7.5,0,2
447.0,J1,157,20.07,12.72,42.0,240.0,32,225.0,15.0,2,447.0,7.5,0,2
448.0,J2,156,19.46,13.33,43.0,262.5,35,262.5,0.0,3,448.0,105.0,1,2
448.0,J3,156,19.46,13.33,43.0,105.0,14,75.0,30.0,3,448.0,7.5,0,2
448.0,J1,156,19.46,13.33,43.0,247.5,33,225.0,22.5,3,448.0,7.5,0,2
449.0,J2,154,18.94,14.04,44.0,262.5,35,262.5,0.0,3,449.0,105.0,1,2
449.0,J3,154,18.94,14.04,44.0,105.0,14,82.5,22.5,3,449.0,7.5,0,2
449.0,J1,154,18.94,14.04,44.0,255.0,34,232.5,22.5,3,449.0,7.5,0,2
450.0,J2,153,18.82,14.69,45.0,262.5,35,262.5,0.0,3,450.0,112.5,1,2
450.0,J3,153,18.82,14.69,45.0,105.0,14,90.0,15.0,3,450.0,7.5,0,2
450.0,J1,153,18.82,14.69,45.0,270.0,36,232.5,37.5,3,450.0,7.5,0,2
451.0,J2,153,19.53,10.56,44.0,217.5,29,262.5,-45.0,0,451.0,112.5,1,2
451.0,J3,153,19.53,10.56,44.0,60.0,8,97.5,-37.5,0,451.0,7.5,0,2
451.0,J1,153,19.53,10.56,44.0,225.0,30,232.5,-7.5,0,451.0,7.5,0,2
452.0,J2,153,20.3,7.21,42.0,172.5,23,262.5,-90.0,0,452.0,112.5,1,2
452.0,J3,153,20.3,7.21,42.0,22.5,3,97.5,-75.0,0,452.0,7.5,0,2
452.0,J1,153,20.3,7.21,42.0,180.0,24,240.0,-60.0,0,452.0,7.5,0,2
453.0,J2,151,21.4,4.61,39.0,127.5,17,262.5,-135.0,0,453.0,112.5,1,2
453.0,J3,151,21.4,4.61,39.0,0.0,0,105.0,-105.0,0,453.0,7.5,0,2
453.0,J1,151,21.4,4.61,39.0,142.5,19,247.5,-105.0,0,453.0,7.5,0,2
454.0,J2,152,23.29,2.64,33.0,82.5,11,262.5,-180.0,0,454.0,112.5,1,2
454.0,J3,152,23.29,2.64,33.0,0.0,0,105.0,-105.0,0,454.0,15.0,0,2
454.0,J1,152,23.29,2.64,33.0,97.5,13,255.0,-157.5,0,454.0,7.5,0,2
455.0,J2,151,24.97,1.11,26.0,45.0,6,262.5,-217.5,0,455.0,112.5,1,2
455.0,J3,151,24.97,1.11,26.0,0.0,0,105.0,-105.0,0,455.0,30.0,0,2
455.0,J1,151,24.97,1.11,26.0,52.5,7,270.0,-217.5,0,455.0,15.0,0,2
456.0,J2,151,27.55,0.17,16.0,15.0,2,217.5,-202.5,0,456.0,112.5,1,2
456.0,J3,151,27.55,0.17,16.0,0.0,0,60.0,-60.0,0,456.0,30.0,0,2
456.0,J1,151,27.55,0.17,16.0,7.5,1,225.0,-217.5,0,456.0,15.0,0,2
457.0,J2,149,29.6,0.08,5.0,7.5,1,172.5,-165.0,0,457.0,120.0,1,2
457.0,J3,149,29.6,0.08,5.0,0.0,0,22.5,-22.5,0,457.0,30.0,0,2
457.0,J1,149,29.6,0.08,5.0,7.5,1,180.0,-172.5,0,457.0,15.0,0,2
458.0,J2,148,31.52,0.11,6.0,22.5,3,127.5,-105.0,0,458.0,120.0,1,2
458.0,J3,148,31.52,0.11,6.0,0.0,0,0.0,0.0,0,458.0,30.0,0,2
458.0,J1,148,31.52,0.11,6.0,7.5,1,142.5,-135.0,0,458.0,15.0,0,2
459.0,J2,149,33.36,0.16,7.0,30.0,4,82.5,-52.5,0,459.0,120.0,1,2
459.0,J3,149,33.36,0.16,7.0,7.5,1,0.0,7.5,0,459.0,30.0,0,2
459.0,J1,149,33.36,0.16,7.0,7.5,1,97.5,-90.0,0,459.0,15.0,0,2
460.0,J2,150,34.79,0.16,8.0,30.0,4,45.0,-15.0,0,460.0,120.0,1,2
460.0,J3,150,34.79,0.16,8.0,7.5,1,0.0,7.5,0,460.0,30.0,0,2
460.0,J1,150,34.79,0.16,8.0,7.5,1,52.5,-45.0,0,460.0,15.0,0,2
461.0,J2,150,36.01,0.19,9.0,30.0,4,15.0,15.0,0,461.0,120.0,1,2
461.0,J3,150,36.01,0.19,9.0,7.5,1,0.0,7.5,0,461.0,30.0,0,2
461.0,J1,150,36.01,0.19,9.0,7.5,1,7.5,0.0,0,461.0,15.0,0,2
462.0,J2,150,36.57,0.22,10.0,22.5,3,7.5,15.0,0,462.0,120.0,1,2
462.0,J3,150,36.57,0.22,10.0,7.5,1,0.0,7.5,0,462.0,30.0,0,2
462.0,J1,150,36.57,0.22,10.0,7.5,1,7.5,0.0,0,462.0,15.0,0,2
463.0,J2,151,36.8,0.25,11.0,22.5,3,22.5,0.0,0,463.0,120.0,1,2
463.0,J3,151,36.8,0.25,11.0,7.5,1,0.0,7.5,0,463.0,30.0,0,2
463.0,J1,151,36.8,0.25,11.0,7.5,1,7.5,0.0,0,463.0,15.0,0,2
464.0,J2,152,37.02,0.29,12.0,30.0,4,30.0,0.0,0,464.0,120.0,1,2
464.0,J3,152,37.02,0.29,12.0,7.5,1,7.5,0.0,0,464.0,30.0,0,2
464.0,J1,152,37.02,0.29,12.0,7.5,1,7.5,0.0,0,464.0,15.0,0,2
465.0,J2,151,37.5,0.35,13.0,37.5,5,30.0,7.5,0,465.0,120.0,1,2
465.0,J3,151,37.5,0.35,13.0,7.5,1,7.5,0.0,0,465.0,30.0,0,2
465.0,J1,151,37.5,0.35,13.0,15.0,2,7.5,7.5,0,465.0,15.0,0,2
466.0,J2,153,38.06,0.41,14.0,45.0,6,30.0,15.0,0,466.0,90.0,1,2
466.0,J3,153,38.06,0.41,14.0,7.5,1,7.5,0.0,0,466.0,0.0,0,2
466.0,J1,153,38.06,0.41,14.0,15.0,2,7.5,7.5,0,466.0,0.0,0,2
467.0,J2,154,38.13,0.48,15.0,52.5,7,22.5,30.0,0,467.0,75.0,1,2
467.0,J3,154,38.13,0.48,15.0,7.5,1,7.5,0.0,0,467.0,7.5,0,2
467.0,J1,154,38.13,0.48,15.0,15.0,2,7.5,7.5,0,467.0,7.5,0,2
468.0,J2,153,38.63,0.46,16.0,60.0,8,22.5,37.5,0,468.0,52.5,1,2
468.0,J3,153,38.63,0.46,16.0,7.5,1,7.5,0.0,0,468.0,30.0,0,2
468.0,J1,153,38.63,0.46,16.0,15.0,2,7.5,7.5,0,468.0,7.5,0,2
469.0,J2,153,38.79,0.46,17.0,45.0,6,30.0,15.0,0,469.0,30.0,0,2
469.0,J3,153,38.79,0.46,17.0,7.5,1,7.5,0.0,0,469.0,45.0,1,2
469.0,J1,153,38.79,0.46,17.0,15.0,2,7.5,7.5,0,469.0,22.5,0,2
470.0,J2,153,39.09,0.49,18.0,37.5,5,37.5,0.0,0,470.0,45.0,1,2
470.0,J3,153,39.09,0.49,18.0,7.5,1,7.5,0.0,0,470.0,75.0,1,2
470.0,J1,153,39.09,0.49,18.0,15.0,2,15.0,0.0,0,470.0,22.5,0,2
471.0,J2,153,39.09,0.54,19.0,37.5,5,45.0,-7.5,0,471.0,45.0,1,2
471.0,J3,153,39.09,0.54,19.0,7.5,1,7.5,0.0,0,471.0,82.5,1,2
471.0,J1,153,39.09,0.54,19.0,15.0,2,15.0,0.0,0,471.0,45.0,1,2
472.0,J2,151,39.48,0.6,20.0,37.5,5,52.5,-15.0,0,472.0,67.5,1,2
472.0,J3,151,39.48,0.6,20.0,7.5,1,7.5,0.0,0,472.0,82.5,1,2
472.0,J1,151,39.48,0.6,20.0,15.0,2,15.0,0.0,0,472.0,52.5,1,2
473.0,J2,153,39.58,0.66,21.0,37.5,5,60.0,-22.5,0,473.0,82.5,1,2
473.0,J3,153,39.58,0.66,21.0,7.5,1,7.5,0.0,0,473.0,97.5,1,2
473.0,J1,153,39.58,0.66,21.0,30.0,4,15.0,15.0,0,473.0,67.5,1,2
474.0,J2,154,39.78,0.72,22.0,37.5,5,45.0,-7.5,0,474.0,112.5,1,2
474.0,J3,154,39.78,0.72,22.0,7.5,1,7.5,0.0,0,474.0,105.0,1,2
474.0,J1,154,39.78,0.72,22.0,30.0,4,15.0,15.0,0,474.0,67.5,1,2
475.0,J2,154,39.91,0.79,23.0,37.5,5,37.5,0.0,0,475.0,127.5,1,2
475.0,J3,154,39.91,0.79,23.0,7.5,1,7.5,0.0,0,475.0,105.0,1,2
475.0,J1,154,39.91,0.79,23.0,30.0,4,15.0,15.0,0,475.0,67.5,1,2
476.0,J2,155,40.16,0.85,24.0,37.5,5,37.5,0.0,0,476.0,142.5,1,2
476.0,J3,155,40.16,0.85,24.0,7.5,1,7.5,0.0,0,476.0,112.5,1,2
476.0,J1,155,40.16,0.85,24.0,30.0,4,15.0,15.0,0,476.0,67.5,1,2
477.0,J2,155,40.2,0.92,25.0,37.5,5,37.5,0.0,0,477.0,150.0,1,2
477.0,J3,155,40.2,0.92,25.0,7.5,1,7.5,0.0,0,477.0,112.5,1,2
477.0,J1,155,40.2,0.92,25.0,37.5,5,15.0,22.5,0,477.0,75.0,1,2
478.0,J2,154,39.96,0.99,26.0,37.5,5,37.5,0.0,0,478.0,172.5,1,2
478.0,J3,154,39.96,0.99,26.0,7.5,1,7.5,0.0,0,478.0,142.5,1,2
478.0,J1,154,39.96,0.99,26.0,37.5,5,30.0,7.5,0,478.0,75.0,1,2
479.0,J2,153,39.83,1.07,27.0,37.5,5,37.5,0.0,0,479.0,195.0,1,2
479.0,J3,153,39.83,1.07,27.0,7.5,1,7.5,0.0,0,479.0,142.5,1,2
479.0,J1,153,39.83,1.07,27.0,37.5,5,30.0,7.5,0,479.0,97.5,1,2
480.0,J2,153,39.99,1.14,28.0,37.5,5,37.5,0.0,0,480.0,210.0,1,2
480.0,J3,153,39.99,1.14,28.0,7.5,1,7.5,0.0,0,480.0,142.5,1,2
480.0,J1,153,39.99,1.14,28.0,37.5,5,30.0,7.5,0,480.0,112.5,1,2
481.0,J2,153,39.8,1.22,29.0,45.0,6,37.5,7.5,0,481.0,225.0,1,2
481.0,J3,153,39.8,1.22,29.0,7.5,1,7.5,0.0,0,481.0,142.5,1,2
481.0,J1,153,39.8,1.22,29.0,37.5,5,30.0,7.5,0,481.0,112.5,1,2
482.0,J2,154,39.34,1.29,30.0,45.0,6,37.5,7.5,0,482.0,240.0,1,2
482.0,J3,154,39.34,1.29,30.0,7.5,1,7.5,0.0,0,482.0,150.0,1,2
482.0,J1,154,39.34,1.29,30.0,37.5,5,37.5,0.0,0,482.0,120.0,1,2
483.0,J2,154,39.13,1.37,31.0,45.0,6,37.5,7.5,0,483.0,240.0,1,2
483.0,J3,154,39.13,1.37,31.0,7.5,1,7.5,0.0,0,483.0,150.0,1,2
483.0,J1,154,39.13,1.37,31.0,37.5,5,37.5,0.0,0,483.0,127.5,1,2
484.0,J2,154,39.08,1.46,32.0,52.5,7,37.5,15.0,0,484.0,247.5,1,2
484.0,J3,154,39.08,1.46,32.0,15.0,2,7.5,7.5,0,484.0,157.5,1,2
484.0,J1,154,39.08,1.46,32.0,37.5,5,37.5,0.0,0,484.0,127.5,1,2
485.0,J2,154,39.0,1.55,33.0,52.5,7,37.5,15.0,0,485.0,247.5,1,2
485.0,J3,154,39.0,1.55,33.0,15.0,2,7.5,7.5,0,485.0,157.5,1,2
485.0,J1,154,39.0,1.55,33.0,37.5,5,37.5,0.0,0,485.0,135.0,1,2
486.0,J2,155,39.13,1.64,34.0,52.5,7,45.0,7.5,0,486.0,255.0,1,2
486.0,J3,155,39.13,1.64,34.0,15.0,2,7.5,7.5,0,486.0,165.0,1,2
486.0,J1,155,39.13,1.64,34.0,45.0,6,37.5,7.5,0,486.0,135.0,1,2
487.0,J2,155,39.13,1.74,35.0,52.5,7,45.0,7.5,0,487.0,262.5,1,2
487.0,J3,155,39.13,1.74,35.0,15.0,2,7.5,7.5,0,487.0,165.0,1,2
487.0,J1,155,39.13,1.74,35.0,45.0,6,37.5,7.5,0,487.0,135.0,1,2
488.0,J2,157,39.06,1.81,36.0,52.5,7,45.0,7.5,0,488.0,262.5,1,2
488.0,J3,157,39.06,1.81,36.0,15.0,2,7.5,7.5,0,488.0,165.0,1,2
488.0,J1,157,39.06,1.81,36.0,45.0,6,37.5,7.5,0,488.0,135.0,1,2
489.0,J2,158,39.15,1.89,37.0,52.5,7,52.5,0.0,0,489.0,270.0,1,2
489.0,J3,158,39.15,1.89,37.0,15.0,2,15.0,0.0,0,489.0,165.0,1,2
489.0,J1,158,39.15,1.89,37.0,45.0,6,37.5,7.5,0,489.0,142.5,1,2
490.0,J2,159,39.33,1.97,38.0,52.5,7,52.5,0.0,0,490.0,270.0,1,2
490.0,J3,159,39.33,1.97,38.0,15.0,2,15.0,0.0,0,490.0,165.0,1,2
490.0,J1,159,39.33,1.97,38.0,45.0,6,37.5,7.5,0,490.0,142.5,1,2
491.0,J2,158,39.09,2.08,39.0,52.5,7,52.5,0.0,0,491.0,270.0,1,2
491.0,J3,158,39.09,2.08,39.0,15.0,2,15.0,0.0,0,491.0,165.0,1,2
491.0,J1,158,39.09,2.08,39.0,45.0,6,45.0,0.0,0,491.0,150.0,1,2
492.0,J2,155,38.79,2.22,40.0,52.5,7,52.5,0.0,0,492.0,270.0,1,2
492.0,J3,155,38.79,2.22,40.0,15.0,2,15.0,0.0,0,492.0,172.5,1,2
492.0,J1,155,38.79,2.22,40.0,45.0,6,45.0,0.0,0,492.0,150.0,1,2
493.0,J2,155,38.72,2.32,41.0,52.5,7,52.5,0.0,1,493.0,270.0,1,2
493.0,J3,155,38.72,2.32,41.0,15.0,2,15.0,0.0,1,493.0,172.5,1,2
493.0,J1,155,38.72,2.32,41.0,45.0,6,45.0,0.0,1,493.0,150.0,1,2
494.0,J2,154,37.45,2.43,42.0,52.5,7,52.5,0.0,1,494.0,270.0,1,2
494.0,J3,154,37.45,2.43,42.0,15.0,2,15.0,0.0,1,494.0,172.5,1,2
494.0,J1,154,37.45,2.43,42.0,45.0,6,45.0,0.0,1,494.0,157.5,1,2
495.0,J2,155,36.17,2.52,43.0,52.5,7,52.5,0.0,1,495.0,277.5,1,2
495.0,J3,155,36.17,2.52,43.0,15.0,2,15.0,0.0,1,495.0,172.5,1,2
495.0,J1,155,36.17,2.52,43.0,60.0,8,45.0,15.0,1,495.0,157.5,1,2
496.0,J2,155,34.71,0.72,33.0,22.5,3,52.5,-30.0,2,496.0,277.5,1,2
496.0,J3,155,34.71,0.72,33.0,0.0,0,15.0,-15.0,2,496.0,172.5,1,2
496.0,J1,155,34.71,0.72,33.0,30.0,4,45.0,-15.0,2,496.0,157.5,1,2
497.0,J2,156,33.94,0.03,3.0,7.5,1,52.5,-45.0,2,497.0,277.5,1,2
497.0,J3,156,33.94,0.03,3.0,7.5,1,15.0,-7.5,2,497.0,172.5,1,2
497.0,J1,156,33.94,0.03,3.0,7.5,1,45.0,-37.5,2,497.0,157.5,1,2
498.0,J2,156,33.31,0.08,4.0,30.0,4,52.5,-22.5,2,498.0,277.5,1,2
498.0,J3,156,33.31,0.08,4.0,15.0,2,15.0,0.0,2,498.0,172.5,1,2
498.0,J1,156,33.31,0.08,4.0,7.5,1,45.0,-37.5,2,498.0,157.5,1,2
499.0,J2,155,33.12,0.17,5.0,52.5,7,52.5,0.0,2,499.0,277.5,1,2
499.0,J3,155,33.12,0.17,5.0,22.5,3,15.0,7.5,2,499.0,172.5,1,2
499.0,J1,155,33.12,0.17,5.0,30.0,4,45.0,-15.0,2,499.0,165.0,1,2
500.0,J2,156,33.18,0.29,6.0,67.5,9,52.5,15.0,2,500.0,277.5,1,2
500.0,J3,156,33.18,0.29,6.0,37.5,5,15.0,22.5,2,500.0,180.0,1,2
500.0,J1,156,33.18,0.29,6.0,45.0,6,60.0,-15.0,2,500.0,165.0,1,2
501.0,J2,154,32.84,0.44,7.0,67.5,9,22.5,45.0,2,501.0,277.5,1,2
501.0,J3,154,32.84,0.44,7.0,45.0,6,0.0,45.0,2,501.0,180.0,1,2
501.0,J1,154,32.84,0.44,7.0,45.0,6,30.0,15.0,2,501.0,165.0,1,2
502.0,J2,156,32.69,0.59,8.0,90.0,12,7.5,82.5,2,502.0,277.5,1,2
502.0,J3,156,32.69,0.59,8.0,45.0,6,7.5,37.5,2,502.0,180.0,1,2
502.0,J1,156,32.69,0.59,8.0,52.5,7,7.5,45.0,2,502.0,165.0,1,2
503.0,J2,154,32.53,0.77,9.0,90.0,12,30.0,60.0,2,503.0,277.5,1,2
503.0,J3,154,32.53,0.77,9.0,52.5,7,15.0,37.5,2,503.0,180.0,1,2
503.0,J1,154,32.53,0.77,9.0,52.5,7,7.5,45.0,2,503.0,180.0,1,2
504.0,J2,153,31.99,0.95,10.0,97.5,13,52.5,45.0,2,504.0,277.5,1,2
504.0,J3,153,31.99,0.95,10.0,60.0,8,22.5,37.5,2,504.0,187.5,1,2
504.0,J1,153,31.99,0.95,10.0,52.5,7,30.0,22.5,2,504.0,180.0,1,2
505.0,J2,154,31.49,1.16,11.0,105.0,14,67.5,37.5,2,505.0,285.0,1,2
505.0,J3,154,31.49,1.16,11.0,60.0,8,37.5,22.5,2,505.0,187.5,1,2
505.0,J1,154,31.49,1.16,11.0,75.0,10,45.0,30.0,2,505.0,180.0,1,2
506.0,J2,154,30.9,1.38,12.0,105.0,14,67.5,37.5,2,506.0,285.0,1,2
506.0,J3,154,30.9,1.38,12.0,67.5,9,45.0,22.5,2,506.0,187.5,1,2
506.0,J1,154,30.9,1.38,12.0,90.0,12,45.0,45.0,2,506.0,180.0,1,2
507.0,J2,154,29.96,1.63,13.0,120.0,16,90.0,30.0,2,507.0,285.0,1,2
507.0,J3,154,29.96,1.63,13.0,67.5,9,45.0,22.5,2,507.0,195.0,1,2
507.0,J1,154,29.96,1.63,13.0,97.5,13,52.5,45.0,2,507.0,180.0,1,2
508.0,J2,153,29.0,1.9,14.0,120.0,16,90.0,30.0,2,508.0,285.0,1,2
508.0,J3,153,29.0,1.9,14.0,67.5,9,52.5,15.0,2,508.0,195.0,1,2
508.0,J1,153,29.0,1.9,14.0,105.0,14,52.5,52.5,2,508.0,180.0,1,2
509.0,J2,152,28.03,2.18,15.0,127.5,17,97.5,30.0,2,509.0,285.0,1,2
509.0,J3,152,28.03,2.18,15.0,75.0,10,60.0,15.0,2,509.0,202.5,1,2
509.0,J1,152,28.03,2.18,15.0,112.5,15,52.5,60.0,2,509.0,180.0,1,2
510.0,J2,155,27.7,2.44,16.0,135.0,18,105.0,30.0,2,510.0,285.0,1,2
510.0,J3,155,27.7,2.44,16.0,82.5,11,60.0,22.5,2,510.0,202.5,1,2
510.0,J1,155,27.7,2.44,16.0,127.5,17,75.0,52.5,2,510.0,180.0,1,2
511.0,J2,156,26.7,2.75,17.0,150.0,20,105.0,45.0,2,511.0,240.0,1,2
511.0,J3,156,26.7,2.75,17.0,97.5,13,67.5,30.0,2,511.0,157.5,1,2
511.0,J1,156,26.7,2.75,17.0,135.0,18,90.0,45.0,2,511.0,135.0,1,2
512.0,J2,158,26.12,3.05,18.0,150.0,20,120.0,30.0,2,512.0,195.0,1,2
512.0,J3,158,26.12,3.05,18.0,105.0,14,67.5,37.5,2,512.0,112.5,1,2
512.0,J1,158,26.12,3.05,18.0,142.5,19,97.5,45.0,2,512.0,90.0,1,2
513.0,J2,159,25.52,3.38,19.0,165.0,22,120.0,45.0,2,513.0,157.5,1,2
513.0,J3,159,25.52,3.38,19.0,112.5,15,67.5,45.0,2,513.0,67.5,1,2
513.0,J1,159,25.52,3.38,19.0,142.5,19,105.0,37.5,2,513.0,52.5,1,2
514.0,J2,159,24.88,3.75,20.0,172.5,23,127.5,45.0,2,514.0,112.5,1,2
514.0,J3,159,24.88,3.75,20.0,112.5,15,75.0,37.5,2,514.0,30.0,0,2
514.0,J1,159,24.88,3.75,20.0,150.0,20,112.5,37.5,2,514.0,37.5,1,2
515.0,J2,158,24.28,4.16,21.0,187.5,25,135.0,52.5,2,515.0,67.5,1,2
515.0,J3,158,24.28,4.16,21.0,120.0,16,82.5,37.5,2,515.0,15.0,0,2
515.0,J1,158,24.28,4.16,21.0,150.0,20,127.5,22.5,2,515.0,22.5,0,2
516.0,J2,158,24.02,4.56,22.0,187.5,25,150.0,37.5,2,516.0,45.0,1,2
516.0,J3,158,24.02,4.56,22.0,142.5,19,97.5,45.0,2,516.0,0.0,0,2
516.0,J1,158,24.02,4.56,22.0,150.0,20,135.0,15.0,2,516.0,15.0,0,2
517.0,J2,158,23.99,4.99,23.0,187.5,25,150.0,37.5,2,517.0,22.5,0,2
517.0,J3,158,23.99,4.99,23.0,150.0,20,105.0,45.0,2,517.0,0.0,0,2
517.0,J1,158,23.99,4.99,23.0,165.0,22,142.5,22.5,2,517.0,15.0,0,2
518.0,J2,157,23.87,5.46,24.0,187.5,25,165.0,22.5,2,518.0,22.5,0,2
518.0,J3,157,23.87,5.46,24.0,157.5,21,112.5,45.0,2,518.0,0.0,0,2
518.0,J1,157,23.87,5.46,24.0,172.5,23,142.5,30.0,2,518.0,22.5,0,2
519.0,J2,157,23.83,5.9,25.0,187.5,25,172.5,15.0,2,519.0,30.0,0,2
519.0,J3,157,23.83,5.9,25.0,165.0,22,112.5,52.5,2,519.0,0.0,0,2
519.0,J1,157,23.83,5.9,25.0,172.5,23,150.0,22.5,2,519.0,22.5,0,2
520.0,J2,159,23.88,6.28,26.0,187.5,25,187.5,0.0,2,520.0,30.0,0,2
520.0,J3,159,23.88,6.28,26.0,172.5,23,120.0,52.5,2,520.0,0.0,0,2
520.0,J1,159,23.88,6.28,26.0,180.0,24,150.0,30.0,2,520.0,22.5,0,2
521.0,J2,159,23.62,6.69,27.0,187.5,25,187.5,0.0,2,521.0,37.5,1,2
521.0,J3,159,23.62,6.69,27.0,172.5,23,142.5,30.0,2,521.0,0.0,0,2
521.0,J1,159,23.62,6.69,27.0,172.5,23,150.0,22.5,2,521.0,22.5,0,2
522.0,J2,159,23.34,7.13,28.0,187.5,25,187.5,0.0,2,522.0,45.0,1,2
522.0,J3,159,23.34,7.13,28.0,172.5,23,150.0,22.5,2,522.0,0.0,0,2
522.0,J1,159,23.34,7.13,28.0,172.5,23,165.0,7.5,2,522.0,30.0,0,2
523.0,J2,160,23.18,7.53,29.0,187.5,25,187.5,0.0,2,523.0,37.5,1,2
523.0,J3,160,23.18,7.53,29.0,172.5,23,157.5,15.0,2,523.0,0.0,0,2
523.0,J1,160,23.18,7.53,29.0,172.5,23,172.5,0.0,2,523.0,30.0,0,2
524.0,J2,161,22.87,7.93,30.0,187.5,25,187.5,0.0,2,524.0,37.5,1,2
524.0,J3,161,22.87,7.93,30.0,172.5,23,165.0,7.5,2,524.0,0.0,0,2
524.0,J1,161,22.87,7.93,30.0,180.0,24,172.5,7.5,2,524.0,37.5,1,2
525.0,J2,161,21.98,8.39,31.0,195.0,26,187.5,7.5,2,525.0,30.0,0,2
525.0,J3,161,21.98,8.39,31.0,172.5,23,172.5,0.0,2,525.0,7.5,0,2
525.0,J1,161,21.98,8.39,31.0,180.0,24,180.0,0.0,2,525.0,37.5,1,2
526.0,J2,162,21.07,8.8,32.0,195.0,26,187.5,7.5,2,526.0,22.5,0,2
526.0,J3,162,21.07,8.8,32.0,187.5,25,172.5,15.0,2,526.0,7.5,0,2
526.0,J1,162,21.07,8.8,32.0,187.5,25,172.5,15.0,2,526.0,37.5,1,2
527.0,J2,164,20.52,9.16,33.0,202.5,27,187.5,15.0,2,527.0,22.5,0,2
527.0,J3,164,20.52,9.16,33.0,187.5,25,172.5,15.0,2,527.0,7.5,0,2
527.0,J1,164,20.52,9.16,33.0,187.5,25,172.5,15.0,2,527.0,37.5,1,2
528.0,J2,164,19.76,9.62,34.0,195.0,26,187.5,7.5,2,528.0,22.5,0,2
528.0,J3,164,19.76,9.62,34.0,187.5,25,172.5,15.0,2,528.0,7.5,0,2
528.0,J1,164,19.76,9.62,34.0,202.5,27,172.5,30.0,2,528.0,37.5,1,2
529.0,J2,164,19.28,10.12,35.0,202.5,27,187.5,15.0,2,529.0,15.0,0,2
529.0,J3,164,19.28,10.12,35.0,202.5,27,172.5,30.0,2,529.0,7.5,0,2
529.0,J1,164,19.28,10.12,35.0,210.0,28,180.0,30.0,2,529.0,37.5,1,2
530.0,J2,164,18.91,10.63,36.0,210.0,28,195.0,15.0,2,530.0,15.0,0,2
530.0,J3,164,18.91,10.63,36.0,202.5,27,172.5,30.0,2,530.0,15.0,0,2
530.0,J1,164,18.91,10.63,36.0,217.5,29,180.0,37.5,2,530.0,37.5,1,2
531.0,J2,164,18.42,11.16,37.0,217.5,29,195.0,22.5,2,531.0,22.5,0,2
531.0,J3,164,18.42,11.16,37.0,210.0,28,187.5,22.5,2,531.0,15.0,0,2
531.0,J1,164,18.42,11.16,37.0,225.0,30,187.5,37.5,2,531.0,37.5,1,2
532.0,J2,164,18.16,11.7,38.0,217.5,29,202.5,15.0,2,532.0,22.5,0,2
532.0,J3,164,18.16,11.7,38.0,217.5,29,187.5,30.0,2,532.0,15.0,0,2
532.0,J1,164,18.16,11.7,38.0,232.5,31,187.5,45.0,2,532.0,37.5,1,2
533.0,J2,163,17.52,12.33,39.0,225.0,30,195.0,30.0,2,533.0,22.5,0,2
533.0,J3,163,17.52,12.33,39.0,225.0,30,187.5,37.5,2,533.0,15.0,0,2
533.0,J1,163,17.52,12.33,39.0,232.5,31,202.5,30.0,2,533.0,37.5,1,2
534.0,J2,163,17.33,12.91,40.0,240.0,32,202.5,37.5,2,534.0,22.5,0,2
534.0,J3,163,17.33,12.91,40.0,232.5,31,202.5,30.0,2,534.0,15.0,0,2
534.0,J1,163,17.33,12.91,40.0,240.0,32,210.0,30.0,2,534.0,37.5,1,2
535.0,J2,163,16.98,13.5,41.0,247.5,33,210.0,37.5,2,535.0,22.5,0,2
535.0,J3,163,16.98,13.5,41.0,232.5,31,202.5,30.0,2,535.0,15.0,0,2
535.0,J1,163,16.98,13.5,41.0,240.0,32,217.5,22.5,2,535.0,37.5,1,2
536.0,J2,162,16.71,14.19,42.0,255.0,34,217.5,37.5,2,536.0,22.5,0,2
536.0,J3,162,16.71,14.19,42.0,232.5,31,210.0,22.5,2,536.0,15.0,0,2
536.0,J1,162,16.71,14.19,42.0,240.0,32,225.0,15.0,2,536.0,37.5,1,2
537.0,J2,160,16.17,14.97,43.0,255.0,34,217.5,37.5,2,537.0,22.5,0,2
537.0,J3,160,16.17,14.97,43.0,232.5,31,217.5,15.0,2,537.0,15.0,0,2
537.0,J1,160,16.17,14.97,43.0,240.0,32,232.5,7.5,2,537.0,37.5,1,2
538.0,J2,160,15.99,15.58,44.0,255.0,34,225.0,30.0,3,538.0,22.5,0,2
538.0,J3,160,15.99,15.58,44.0,240.0,32,225.0,15.0,3,538.0,15.0,0,2
538.0,J1,160,15.99,15.58,44.0,240.0,32,232.5,7.5,3,538.0,45.0,1,2
539.0,J2,159,15.53,16.3,45.0,255.0,34,240.0,15.0,3,539.0,22.5,0,2
539.0,J3,159,15.53,16.3,45.0,240.0,32,232.5,7.5,3,539.0,15.0,0,2
539.0,J1,159,15.53,16.3,45.0,247.5,33,240.0,7.5,3,539.0,45.0,1,2
540.0,J2,156,14.8,17.25,46.0,255.0,34,247.5,7.5,3,540.0,22.5,0,2
540.0,J3,156,14.8,17.25,46.0,240.0,32,232.5,7.5,3,540.0,22.5,0,2
540.0,J1,156,14.8,17.25,46.0,247.5,33,240.0,7.5,3,540.0,45.0,1,2
541.0,J2,155,15.07,13.12,43.0,210.0,28,255.0,-45.0,0,541.0,30.0,0,2
541.0,J3,155,15.07,13.12,43.0,195.0,26,232.5,-37.5,0,541.0,22.5,0,2
541.0,J1,155,15.07,13.12,43.0,210.0,28,240.0,-30.0,0,541.0,45.0,1,2
542.0,J2,155,16.24,9.28,41.0,165.0,22,255.0,-90.0,0,542.0,30.0,0,2
542.0,J3,155,16.24,9.28,41.0,150.0,20,232.5,-82.5,0,542.0,22.5,0,2
542.0,J1,155,16.24,9.28,41.0,172.5,23,240.0,-67.5,0,542.0,45.0,1,2
543.0,J2,153,17.33,6.08,40.0,120.0,16,255.0,-135.0,0,543.0,30.0,0,2
543.0,J3,153,17.33,6.08,40.0,112.5,15,240.0,-127.5,0,543.0,22.5,0,2
543.0,J1,153,17.33,6.08,40.0,127.5,17,240.0,-112.5,0,543.0,45.0,1,2
544.0,J2,152,19.57,3.41,34.0,75.0,10,255.0,-180.0,0,544.0,37.5,1,2
544.0,J3,152,19.57,3.41,34.0,75.0,10,240.0,-165.0,0,544.0,22.5,0,2
544.0,J1,152,19.57,3.41,34.0,82.5,11,247.5,-165.0,0,544.0,52.5,1,2
545.0,J2,153,21.95,1.71,33.0,45.0,6,255.0,-210.0,0,545.0,45.0,1,2
545.0,J3,153,21.95,1.71,33.0,37.5,5,240.0,-202.5,0,545.0,22.5,0,2
545.0,J1,153,21.95,1.71,33.0,45.0,6,247.5,-202.5,0,545.0,52.5,1,2
546.0,J2,153,24.44,0.55,17.0,30.0,4,210.0,-180.0,0,546.0,45.0,1,2
546.0,J3,153,24.44,0.55,17.0,15.0,2,195.0,-180.0,0,546.0,22.5,0,2
546.0,J1,153,24.44,0.55,17.0,15.0,2,210.0,-195.0,0,546.0,52.5,1,2
547.0,J2,153,27.05,0.11,12.0,15.0,2,165.0,-150.0,0,547.0,52.5,1,2
547.0,J3,153,27.05,0.11,12.0,0.0,0,150.0,-150.0,0,547.0,22.5,0,2
547.0,J1,153,27.05,0.11,12.0,7.5,1,172.5,-165.0,0,547.0,52.5,1,2
548.0,J2,151,29.1,0.05,4.0,15.0,2,120.0,-105.0,0,548.0,52.5,1,2
548.0,J3,151,29.1,0.05,4.0,0.0,0,112.5,-112.5,0,548.0,22.5,0,2
548.0,J1,151,29.1,0.05,4.0,7.5,1,127.5,-120.0,0,548.0,67.5,1,2
549.0,J2,150,31.26,0.08,5.0,22.5,3,75.0,-52.5,0,549.0,60.0,1,2
549.0,J3,150,31.26,0.08,5.0,0.0,0,75.0,-75.0,0,549.0,22.5,0,2
549.0,J1,150,31.26,0.08,5.0,7.5,1,82.5,-75.0,0,549.0,67.5,1,2
550.0,J2,148,32.76,0.11,6.0,22.5,3,45.0,-22.5,0,550.0,60.0,1,2
550.0,J3,148,32.76,0.11,6.0,0.0,0,37.5,-37.5,0,550.0,22.5,0,2
550.0,J1,148,32.76,0.11,6.0,7.5,1,45.0,-37.5,0,550.0,67.5,1,2
551.0,J2,149,34.26,0.14,7.0,30.0,4,30.0,0.0,0,551.0,67.5,1,2
551.0,J3,149,34.26,0.14,7.0,0.0,0,15.0,-15.0,0,551.0,22.5,0,2
551.0,J1,149,34.26,0.14,7.0,7.5,1,15.0,-7.5,0,551.0,67.5,1,2
552.0,J2,149,35.72,0.17,8.0,30.0,4,15.0,15.0,0,552.0,67.5,1,2
552.0,J3,149,35.72,0.17,8.0,0.0,0,0.0,0.0,0,552.0,22.5,0,2
552.0,J1,149,35.72,0.17,8.0,7.5,1,7.5,0.0,0,552.0,67.5,1,2
553.0,J2,149,36.98,0.21,9.0,30.0,4,15.0,15.0,0,553.0,67.5,1,2
553.0,J3,149,36.98,0.21,9.0,7.5,1,0.0,7.5,0,553.0,22.5,0,2
553.0,J1,149,36.98,0.21,9.0,7.5,1,7.5,0.0,0,553.0,67.5,1,2
554.0,J2,147,38.04,0.27,10.0,30.0,4,22.5,7.5,0,554.0,82.5,1,2
554.0,J3,147,38.04,0.27,10.0,7.5,1,0.0,7.5,0,554.0,22.5,0,2
554.0,J1,147,38.04,0.27,10.0,15.0,2,7.5,7.5,0,554.0,67.5,1,2
555.0,J2,147,38.49,0.31,11.0,30.0,4,22.5,7.5,0,555.0,82.5,1,2
555.0,J3,147,38.49,0.31,11.0,7.5,1,0.0,7.5,0,555.0,22.5,0,2
555.0,J1,147,38.49,0.31,11.0,15.0,2,7.5,7.5,0,555.0,75.0,1,2
556.0,J2,148,38.98,0.36,12.0,30.0,4,30.0,0.0,0,556.0,52.5,1,2
556.0,J3,148,38.98,0.36,12.0,7.5,1,0.0,7.5,0,556.0,0.0,0,2
556.0,J1,148,38.98,0.36,12.0,15.0,2,7.5,7.5,0,556.0,45.0,1,2
557.0,J2,150,39.09,0.41,13.0,30.0,4,30.0,0.0,0,557.0,37.5,1,2
557.0,J3,150,39.09,0.41,13.0,15.0,2,0.0,15.0,0,557.0,7.5,0,2
557.0,J1,150,39.09,0.41,13.0,15.0,2,7.5,7.5,0,557.0,15.0,0,2
558.0,J2,150,39.41,0.47,14.0,37.5,5,30.0,7.5,0,558.0,22.5,0,2
558.0,J3,150,39.41,0.47,14.0,15.0,2,7.5,7.5,0,558.0,7.5,0,2
558.0,J1,150,39.41,0.47,14.0,15.0,2,7.5,7.5,0,558.0,7.5,0,2
559.0,J2,150,39.41,0.53,15.0,37.5,5,30.0,7.5,0,559.0,30.0,0,2
559.0,J3,150,39.41,0.53,15.0,15.0,2,7.5,7.5,0,559.0,7.5,0,2
559.0,J1,150,39.41,0.53,15.0,15.0,2,15.0,0.0,0,559.0,15.0,0,2
560.0,J2,149,39.24,0.59,16.0,37.5,5,30.0,7.5,0,560.0,37.5,1,2
560.0,J3,149,39.24,0.59,16.0,15.0,2,7.5,7.5,0,560.0,15.0,0,2
560.0,J1,149,39.24,0.59,16.0,15.0,2,15.0,0.0,0,560.0,30.0,0,2
561.0,J2,150,39.45,0.65,17.0,37.5,5,30.0,7.5,0,561.0,45.0,1,2
561.0,J3,150,39.45,0.65,17.0,15.0,2,7.5,7.5,0,561.0,22.5,0,2
561.0,J1,150,39.45,0.65,17.0,15.0,2,15.0,0.0,0,561.0,37.5,1,2
562.0,J2,150,38.94,0.71,18.0,37.5,5,30.0,7.5,0,562.0,60.0,1,2
562.0,J3,150,38.94,0.71,18.0,15.0,2,15.0,0.0,0,562.0,22.5,0,2
562.0,J1,150,38.94,0.71,18.0,15.0,2,15.0,0.0,0,562.0,45.0,1,2
563.0,J2,148,39.05,0.78,19.0,37.5,5,37.5,0.0,0,563.0,60.0,1,2
563.0,J3,148,39.05,0.78,19.0,22.5,3,15.0,7.5,0,563.0,22.5,0,2
563.0,J1,148,39.05,0.78,19.0,15.0,2,15.0,0.0,0,563.0,52.5,1,2
564.0,J2,150,39.2,0.84,20.0,37.5,5,37.5,0.0,0,564.0,67.5,1,2
564.0,J3,150,39.2,0.84,20.0,22.5,3,15.0,7.5,0,564.0,45.0,1,2
564.0,J1,150,39.2,0.84,20.0,15.0,2,15.0,0.0,0,564.0,67.5,1,2
565.0,J2,150,39.14,0.91,21.0,37.5,5,37.5,0.0,0,565.0,67.5,1,2
565.0,J3,150,39.14,0.91,21.0,22.5,3,15.0,7.5,0,565.0,52.5,1,2
565.0,J1,150,39.14,0.91,21.0,15.0,2,15.0,0.0,0,565.0,67.5,1,2
566.0,J2,149,38.84,0.99,22.0,45.0,6,37.5,7.5,0,566.0,75.0,1,2
566.0,J3,149,38.84,0.99,22.0,22.5,3,15.0,7.5,0,566.0,90.0,1,2
566.0,J1,149,38.84,0.99,22.0,15.0,2,15.0,0.0,0,566.0,82.5,1,2
567.0,J2,150,38.59,1.06,23.0,52.5,7,37.5,15.0,0,567.0,82.5,1,2
567.0,J3,150,38.59,1.06,23.0,22.5,3,15.0,7.5,0,567.0,97.5,1,2
567.0,J1,150,38.59,1.06,23.0,15.0,2,15.0,0.0,0,567.0,90.0,1,2
568.0,J2,150,38.63,1.14,24.0,52.5,7,37.5,15.0,0,568.0,105.0,1,2
568.0,J3,150,38.63,1.14,24.0,22.5,3,22.5,0.0,0,568.0,120.0,1,2
568.0,J1,150,38.63,1.14,24.0,15.0,2,15.0,0.0,0,568.0,105.0,1,2
569.0,J2,150,38.72,1.22,25.0,52.5,7,37.5,15.0,0,569.0,112.5,1,2
569.0,J3,150,38.72,1.22,25.0,22.5,3,22.5,0.0,0,569.0,127.5,1,2
569.0,J1,150,38.72,1.22,25.0,15.0,2,15.0,0.0,0,569.0,120.0,1,2
570.0,J2,150,38.54,1.31,26.0,60.0,8,37.5,22.5,0,570.0,112.5,1,2
570.0,J3,150,38.54,1.31,26.0,22.5,3,22.5,0.0,0,570.0,135.0,1,2
570.0,J1,150,38.54,1.31,26.0,15.0,2,15.0,0.0,0,570.0,120.0,1,2
571.0,J2,155,38.78,1.35,27.0,60.0,8,45.0,15.0,0,571.0,120.0,1,2
571.0,J3,155,38.78,1.35,27.0,22.5,3,22.5,0.0,0,571.0,150.0,1,2
571.0,J1,155,38.78,1.35,27.0,15.0,2,15.0,0.0,0,571.0,120.0,1,2
572.0,J2,157,38.77,1.41,28.0,60.0,8,52.5,7.5,0,572.0,120.0,1,2
572.0,J3,157,38.77,1.41,28.0,22.5,3,22.5,0.0,0,572.0,157.5,1,2
572.0,J1,157,38.77,1.41,28.0,15.0,2,15.0,0.0,0,572.0,127.5,1,2
573.0,J2,158,38.69,1.49,29.0,67.5,9,52.5,15.0,0,573.0,120.0,1,2
573.0,J3,158,38.69,1.49,29.0,22.5,3,22.5,0.0,0,573.0,165.0,1,2
573.0,J1,158,38.69,1.49,29.0,15.0,2,15.0,0.0,0,573.0,127.5,1,2
574.0,J2,159,38.79,1.57,30.0,67.5,9,52.5,15.0,0,574.0,127.5,1,2
574.0,J3,159,38.79,1.57,30.0,22.5,3,22.5,0.0,0,574.0,172.5,1,2
574.0,J1,159,38.79,1.57,30.0,15.0,2,15.0,0.0,0,574.0,127.5,1,2
575.0,J2,159,38.82,1.66,31.0,67.5,9,60.0,7.5,0,575.0,135.0,1,2
575.0,J3,159,38.82,1.66,31.0,22.5,3,22.5,0.0,0,575.0,180.0,1,2
575.0,J1,159,38.82,1.66,31.0,15.0,2,15.0,0.0,0,575.0,135.0,1,2
576.0,J2,159,38.72,1.75,32.0,67.5,9,60.0,7.5,0,576.0,142.5,1,2
576.0,J3,159,38.72,1.75,32.0,22.5,3,22.5,0.0,0,576.0,187.5,1,2
576.0,J1,159,38.72,1.75,32.0,15.0,2,15.0,0.0,0,576.0,142.5,1,2
577.0,J2,160,38.81,1.82,33.0,67.5,9,60.0,7.5,0,577.0,142.5,1,2
577.0,J3,160,38.81,1.82,33.0,22.5,3,22.5,0.0,0,577.0,202.5,1,2
577.0,J1,160,38.81,1.82,33.0,15.0,2,15.0,0.0,0,577.0,142.5,1,2
578.0,J2,160,38.86,1.91,34.0,67.5,9,67.5,0.0,0,578.0,150.0,1,2
578.0,J3,160,38.86,1.91,34.0,22.5,3,22.5,0.0,0,578.0,202.5,1,2
578.0,J1,160,38.86,1.91,34.0,15.0,2,15.0,0.0,0,578.0,142.5,1,2
579.0,J2,161,38.94,1.99,35.0,67.5,9,67.5,0.0,0,579.0,157.5,1,2
579.0,J3,161,38.94,1.99,35.0,22.5,3,22.5,0.0,0,579.0,202.5,1,2
579.0,J1,161,38.94,1.99,35.0,15.0,2,15.0,0.0,0,579.0,142.5,1,2
580.0,J2,162,38.86,2.06,36.0,67.5,9,67.5,0.0,0,580.0,157.5,1,2
580.0,J3,162,38.86,2.06,36.0,22.5,3,22.5,0.0,0,580.0,202.5,1,2
580.0,J1,162,38.86,2.06,36.0,15.0,2,15.0,0.0,0,580.0,142.5,1,2
581.0,J2,163,39.11,2.13,37.0,67.5,9,67.5,0.0,0,581.0,165.0,1,2
581.0,J3,163,39.11,2.13,37.0,22.5,3,22.5,0.0,0,581.0,202.5,1,2
581.0,J1,163,39.11,2.13,37.0,15.0,2,15.0,0.0,0,581.0,142.5,1,2
582.0,J2,160,38.68,2.26,38.0,67.5,9,67.5,0.0,0,582.0,165.0,1,2
582.0,J3,160,38.68,2.26,38.0,22.5,3,22.5,0.0,0,582.0,202.5,1,2
582.0,J1,160,38.68,2.26,38.0,15.0,2,15.0,0.0,0,582.0,142.5,1,2
583.0,J2,159,38.48,2.36,39.0,67.5,9,67.5,0.0,1,583.0,180.0,1,2
583.0,J3,159,38.48,2.36,39.0,22.5,3,22.5,0.0,1,583.0,202.5,1,2
583.0,J1,159,38.48,2.36,39.0,15.0,2,15.0,0.0,1,583.0,142.5,1,2
584.0,J2,157,37.7,2.48,40.0,67.5,9,67.5,0.0,1,584.0,180.0,1,2
584.0,J3,157,37.7,2.48,40.0,22.5,3,22.5,0.0,1,584.0,202.5,1,2
584.0,J1,157,37.7,2.48,40.0,15.0,2,15.0,0.0,1,584.0,142.5,1,2
585.0,J2,155,36.82,2.62,41.0,75.0,10,67.5,7.5,1,585.0,195.0,1,2
585.0,J3,155,36.82,2.62,41.0,30.0,4,22.5,7.5,1,585.0,202.5,1,2
585.0,J1,155,36.82,2.62,41.0,15.0,2,15.0,0.0,1,585.0,150.0,1,2
586.0,J2,152,35.97,0.86,29.0,52.5,7,67.5,-15.0,2,586.0,202.5,1,2
586.0,J3,152,35.97,0.86,29.0,15.0,2,22.5,-7.5,2,586.0,217.5,1,2
586.0,J1,152,35.97,0.86,29.0,0.0,0,15.0,-15.0,2,586.0,150.0,1,2
587.0,J2,152,35.66,0.3,22.0,30.0,4,67.5,-37.5,2,587.0,202.5,1,2
587.0,J3,152,35.66,0.3,22.0,7.5,1,22.5,-15.0,2,587.0,225.0,1,2
587.0,J1,152,35.66,0.3,22.0,0.0,0,15.0,-15.0,2,587.0,150.0,1,2
588.0,J2,149,34.89,0.1,4.0,22.5,3,67.5,-45.0,2,588.0,202.5,1,2
588.0,J3,149,34.89,0.1,4.0,30.0,4,22.5,7.5,2,588.0,240.0,1,2
588.0,J1,149,34.89,0.1,4.0,0.0,0,15.0,-15.0,2,588.0,150.0,1,2
589.0,J2,148,34.73,0.19,5.0,52.5,7,67.5,-15.0,2,589.0,202.5,1,2
589.0,J3,148,34.73,0.19,5.0,37.5,5,22.5,15.0,2,589.0,240.0,1,2
589.0,J1,148,34.73,0.19,5.0,7.5,1,15.0,-7.5,2,589.0,150.0,1,2
590.0,J2,146,34.33,0.29,6.0,67.5,9,75.0,-7.5,2,590.0,202.5,1,2
590.0,J3,146,34.33,0.29,6.0,37.5,5,30.0,7.5,2,590.0,255.0,1,2
590.0,J1,146,34.33,0.29,6.0,7.5,1,15.0,-7.5,2,590.0,180.0,1,2
591.0,J2,146,33.72,0.42,7.0,67.5,9,52.5,15.0,2,591.0,202.5,1,2
591.0,J3,146,33.72,0.42,7.0,45.0,6,15.0,30.0,2,591.0,255.0,1,2
591.0,J1,146,33.72,0.42,7.0,30.0,4,0.0,30.0,2,591.0,180.0,1,2
592.0,J2,144,32.44,0.58,8.0,82.5,11,30.0,52.5,2,592.0,202.5,1,2
592.0,J3,144,32.44,0.58,8.0,52.5,7,7.5,45.0,2,592.0,262.5,1,2
592.0,J1,144,32.44,0.58,8.0,30.0,4,0.0,30.0,2,592.0,187.5,1,2
593.0,J2,144,31.34,0.75,9.0,82.5,11,22.5,60.0,2,593.0,202.5,1,2
593.0,J3,144,31.34,0.75,9.0,60.0,8,30.0,30.0,2,593.0,262.5,1,2
593.0,J1,144,31.34,0.75,9.0,37.5,5,0.0,37.5,2,593.0,187.5,1,2
594.0,J2,144,30.2,0.94,10.0,97.5,13,52.5,45.0,2,594.0,202.5,1,2
594.0,J3,144,30.2,0.94,10.0,67.5,9,37.5,30.0,2,594.0,262.5,1,2
594.0,J1,144,30.2,0.94,10.0,37.5,5,7.5,30.0,2,594.0,195.0,1,2
595.0,J2,144,28.96,1.17,11.0,112.5,15,67.5,45.0,2,595.0,202.5,1,2
595.0,J3,144,28.96,1.17,11.0,75.0,10,37.5,37.5,2,595.0,262.5,1,2
595.0,J1,144,28.96,1.17,11.0,60.0,8,7.5,52.5,2,595.0,202.5,1,2
596.0,J2,143,27.65,1.42,12.0,120.0,16,67.5,52.5,2,596.0,202.5,1,2
596.0,J3,143,27.65,1.42,12.0,82.5,11,45.0,37.5,2,596.0,262.5,1,2
596.0,J1,143,27.65,1.42,12.0,60.0,8,30.0,30.0,2,596.0,202.5,1,2
597.0,J2,143,26.88,1.69,13.0,142.5,19,82.5,60.0,2,597.0,202.5,1,2
597.0,J3,143,26.88,1.69,13.0,90.0,12,52.5,37.5,2,597.0,262.5,1,2
597.0,J1,143,26.88,1.69,13.0,60.0,8,30.0,30.0,2,597.0,202.5,1,2
598.0,J2,142,26.12,2.01,14.0,165.0,22,82.5,82.5,2,598.0,202.5,1,2
598.0,J3,142,26.12,2.01,14.0,97.5,13,60.0,37.5,2,598.0,262.5,1,2
598.0,J1,142,26.12,2.01,14.0,60.0,8,37.5,22.5,2,598.0,202.5,1,2
599.0,J2,141,25.56,2.36,15.0,195.0,26,97.5,97.5,2,599.0,202.5,1,2
599.0,J3,141,25.56,2.36,15.0,105.0,14,67.5,37.5,2,599.0,262.5,1,2
599.0,J1,141,25.56,2.36,15.0,60.0,8,37.5,22.5,2,599.0,202.5,1,2
600.0,J2,140,24.24,2.75,16.0,217.5,29,112.5,105.0,2,600.0,202.5,1,2
600.0,J3,140,24.24,2.75,16.0,112.5,15,75.0,37.5,2,600.0,270.0,1,2
600.0,J1,140,24.24,2.75,16.0,60.0,8,60.0,0.0,2,600.0,202.5,1,2
601.0,J2,138,22.96,3.17,17.0,225.0,30,120.0,105.0,2,601.0,157.5,1,2
601.0,J3,138,22.96,3.17,17.0,112.5,15,82.5,30.0,2,601.0,225.0,1,2
601.0,J1,138,22.96,3.17,17.0,60.0,8,60.0,0.0,2,601.0,157.5,1,2
602.0,J2,139,21.93,3.57,18.0,247.5,33,142.5,105.0,2,602.0,112.5,1,2
602.0,J3,139,21.93,3.57,18.0,120.0,16,90.0,30.0,2,602.0,180.0,1,2
602.0,J1,139,21.93,3.57,18.0,67.5,9,60.0,7.5,2,602.0,112.5,1,2
603.0,J2,139,21.32,4.0,19.0,255.0,34,165.0,90.0,2,603.0,67.5,1,2
603.0,J3,139,21.32,4.0,19.0,120.0,16,97.5,22.5,2,603.0,135.0,1,2
603.0,J1,139,21.32,4.0,19.0,75.0,10,60.0,15.0,2,603.0,67.5,1,2
604.0,J2,141,21.16,4.41,20.0,262.5,35,195.0,67.5,2,604.0,45.0,1,2
604.0,J3,141,21.16,4.41,20.0,142.5,19,105.0,37.5,2,604.0,90.0,1,2
604.0,J1,141,21.16,4.41,20.0,90.0,12,60.0,30.0,2,604.0,45.0,1,2
605.0,J2,139,20.73,4.98,21.0,270.0,36,217.5,52.5,2,605.0,22.5,0,2
605.0,J3,139,20.73,4.98,21.0,157.5,21,112.5,45.0,2,605.0,52.5,1,2
605.0,J1,139,20.73,4.98,21.0,97.5,13,60.0,37.5,2,605.0,22.5,0,2
606.0,J2,141,20.98,5.4,22.0,270.0,36,225.0,45.0,2,606.0,22.5,0,2
606.0,J3,141,20.98,5.4,22.0,157.5,21,112.5,45.0,2,606.0,30.0,0,2
606.0,J1,141,20.98,5.4,22.0,97.5,13,60.0,37.5,2,606.0,0.0,0,2
607.0,J2,140,20.49,5.96,23.0,277.5,37,247.5,30.0,2,607.0,22.5,0,2
607.0,J3,140,20.49,5.96,23.0,172.5,23,120.0,52.5,2,607.0,7.5,0,2
607.0,J1,140,20.49,5.96,23.0,97.5,13,67.5,30.0,2,607.0,0.0,0,2
608.0,J2,140,20.43,6.49,24.0,285.0,38,255.0,30.0,2,608.0,22.5,0,2
608.0,J3,140,20.43,6.49,24.0,172.5,23,120.0,52.5,2,608.0,7.5,0,2
608.0,J1,140,20.43,6.49,24.0,97.5,13,75.0,22.5,2,608.0,7.5,0,2
609.0,J2,141,20.41,6.98,25.0,292.5,39,262.5,30.0,2,609.0,22.5,0,2
609.0,J3,141,20.41,6.98,25.0,172.5,23,142.5,30.0,2,609.0,15.0,0,2
609.0,J1,141,20.41,6.98,25.0,97.5,13,90.0,7.5,2,609.0,7.5,0,2
610.0,J2,141,20.06,7.51,26.0,292.5,39,270.0,22.5,2,610.0,30.0,0,2
610.0,J3,141,20.06,7.51,26.0,172.5,23,157.5,15.0,2,610.0,15.0,0,2
610.0,J1,141,20.06,7.51,26.0,97.5,13,97.5,0.0,2,610.0,7.5,0,2
611.0,J2,141,19.51,8.05,27.0,300.0,40,270.0,30.0,2,611.0,30.0,0,2
611.0,J3,141,19.51,8.05,27.0,172.5,23,157.5,15.0,2,611.0,15.0,0,2
611.0,J1,141,19.51,8.05,27.0,97.5,13,97.5,0.0,2,611.0,7.5,0,2
612.0,J2,142,19.0,8.54,28.0,300.0,40,277.5,22.5,2,612.0,37.5,1,2
612.0,J3,142,19.0,8.54,28.0,172.5,23,172.5,0.0,2,612.0,15.0,0,2
612.0,J1,142,19.0,8.54,28.0,105.0,14,97.5,7.5,2,612.0,7.5,0,2
613.0,J2,143,18.77,9.02,29.0,300.0,40,285.0,15.0,2,613.0,37.5,1,2
613.0,J3,143,18.77,9.02,29.0,172.5,23,172.5,0.0,2,613.0,15.0,0,2
613.0,J1,143,18.77,9.02,29.0,112.5,15,97.5,15.0,2,613.0,7.5,0,2
614.0,J2,145,18.86,9.45,30.0,307.5,41,292.5,15.0,2,614.0,37.5,1,2
614.0,J3,145,18.86,9.45,30.0,172.5,23,172.5,0.0,2,614.0,15.0,0,2
614.0,J1,145,18.86,9.45,30.0,120.0,16,97.5,22.5,2,614.0,7.5,0,2
615.0,J2,146,18.73,9.94,31.0,307.5,41,292.5,15.0,2,615.0,45.0,1,2
615.0,J3,146,18.73,9.94,31.0,180.0,24,172.5,7.5,2,615.0,15.0,0,2
615.0,J1,146,18.73,9.94,31.0,120.0,16,97.5,22.5,2,615.0,7.5,0,2
616.0,J2,146,18.1,10.5,32.0,315.0,42,300.0,15.0,2,616.0,45.0,1,2
616.0,J3,146,18.1,10.5,32.0,180.0,24,172.5,7.5,2,616.0,15.0,0,2
616.0,J1,146,18.1,10.5,32.0,120.0,16,97.5,22.5,2,616.0,15.0,0,2
617.0,J2,147,17.95,11.0,33.0,322.5,43,300.0,22.5,2,617.0,45.0,1,2
617.0,J3,147,17.95,11.0,33.0,180.0,24,172.5,7.5,2,617.0,22.5,0,2
617.0,J1,147,17.95,11.0,33.0,127.5,17,105.0,22.5,2,617.0,15.0,0,2
618.0,J2,147,17.47,11.59,34.0,330.0,44,300.0,30.0,2,618.0,45.0,1,2
618.0,J3,147,17.47,11.59,34.0,195.0,26,172.5,22.5,2,618.0,22.5,0,2
618.0,J1,147,17.47,11.59,34.0,127.5,17,112.5,15.0,2,618.0,15.0,0,2
619.0,J2,147,17.57,12.2,35.0,330.0,44,307.5,22.5,2,619.0,45.0,1,2
619.0,J3,147,17.57,12.2,35.0,202.5,27,172.5,30.0,2,619.0,22.5,0,2
619.0,J1,147,17.57,12.2,35.0,135.0,18,120.0,15.0,2,619.0,15.0,0,2
620.0,J2,142,16.44,13.25,36.0,330.0,44,307.5,22.5,2,620.0,45.0,1,2
620.0,J3,142,16.44,13.25,36.0,202.5,27,180.0,22.5,2,620.0,22.5,0,2
620.0,J1,142,16.44,13.25,36.0,135.0,18,120.0,15.0,2,620.0,15.0,0,2
621.0,J2,141,16.22,13.98,37.0,330.0,44,315.0,15.0,2,621.0,52.5,1,2
621.0,J3,141,16.22,13.98,37.0,202.5,27,180.0,22.5,2,621.0,22.5,0,2
621.0,J1,141,16.22,13.98,37.0,135.0,18,120.0,15.0,2,621.0,15.0,0,2
622.0,J2,140,15.94,14.71,38.0,330.0,44,322.5,7.5,2,622.0,52.5,1,2
622.0,J3,140,15.94,14.71,38.0,202.5,27,180.0,22.5,2,622.0,22.5,0,2
622.0,J1,140,15.94,14.71,38.0,135.0,18,127.5,7.5,2,622.0,15.0,0,2
623.0,J2,139,15.6,15.46,39.0,330.0,44,330.0,0.0,2,623.0,60.0,1,2
623.0,J3,139,15.6,15.46,39.0,202.5,27,195.0,7.5,2,623.0,22.5,0,2
623.0,J1,139,15.6,15.46,39.0,135.0,18,127.5,7.5,2,623.0,15.0,0,2
624.0,J2,142,16.22,15.77,40.0,330.0,44,330.0,0.0,2,624.0,67.5,1,2
624.0,J3,142,16.22,15.77,40.0,210.0,28,202.5,7.5,2,624.0,22.5,0,2
624.0,J1,142,16.22,15.77,40.0,135.0,18,135.0,0.0,2,624.0,15.0,0,2
625.0,J2,142,16.18,16.4,41.0,330.0,44,330.0,0.0,2,625.0,67.5,1,2
625.0,J3,142,16.18,16.4,41.0,210.0,28,202.5,7.5,2,625.0,22.5,0,2
625.0,J1,142,16.18,16.4,41.0,135.0,18,135.0,0.0,2,625.0,15.0,0,2
626.0,J2,140,15.53,17.28,42.0,330.0,44,330.0,0.0,2,626.0,82.5,1,2
626.0,J3,140,15.53,17.28,42.0,210.0,28,202.5,7.5,2,626.0,22.5,0,2
626.0,J1,140,15.53,17.28,42.0,135.0,18,135.0,0.0,2,626.0,15.0,0,2
627.0,J2,139,15.19,18.05,43.0,330.0,44,330.0,0.0,2,627.0,82.5,1,2
627.0,J3,139,15.19,18.05,43.0,210.0,28,202.5,7.5,2,627.0,22.5,0,2
627.0,J1,139,15.19,18.05,43.0,135.0,18,135.0,0.0,2,627.0,15.0,0,2
628.0,J2,137,14.64,18.97,44.0,330.0,44,330.0,0.0,3,628.0,82.5,1,2
628.0,J3,137,14.64,18.97,44.0,210.0,28,202.5,7.5,3,628.0,22.5,0,2
628.0,J1,137,14.64,18.97,44.0,135.0,18,135.0,0.0,3,628.0,15.0,0,2
629.0,J2,137,14.62,19.64,45.0,330.0,44,330.0,0.0,3,629.0,82.5,1,2
629.0,J3,137,14.62,19.64,45.0,210.0,28,210.0,0.0,3,629.0,22.5,0,2
629.0,J1,137,14.62,19.64,45.0,142.5,19,135.0,7.5,3,629.0,15.0,0,2
630.0,J2,137,14.22,20.3,46.0,330.0,44,330.0,0.0,3,630.0,82.5,1,2
630.0,J3,137,14.22,20.3,46.0,210.0,28,210.0,0.0,3,630.0,22.5,0,2
630.0,J1,137,14.22,20.3,46.0,142.5,19,135.0,7.5,3,630.0,15.0,0,2
631.0,J2,140,15.5,15.26,44.0,285.0,38,330.0,-45.0,0,631.0,82.5,1,2
631.0,J3,140,15.5,15.26,44.0,165.0,22,210.0,-45.0,0,631.0,22.5,0,2
631.0,J1,140,15.5,15.26,44.0,97.5,13,135.0,-37.5,0,631.0,15.0,0,2
632.0,J2,139,16.55,11.16,41.0,247.5,33,330.0,-82.5,0,632.0,82.5,1,2
632.0,J3,139,16.55,11.16,41.0,120.0,16,210.0,-90.0,0,632.0,22.5,0,2
632.0,J1,139,16.55,11.16,41.0,52.5,7,135.0,-82.5,0,632.0,15.0,0,2
633.0,J2,140,18.59,7.91,41.0,202.5,27,330.0,-127.5,0,633.0,90.0,1,2
633.0,J3,140,18.59,7.91,41.0,75.0,10,210.0,-135.0,0,633.0,22.5,0,2
633.0,J1,140,18.59,7.91,41.0,22.5,3,135.0,-112.5,0,633.0,15.0,0,2
634.0,J2,140,20.79,5.46,40.0,157.5,21,330.0,-172.5,0,634.0,90.0,1,2
634.0,J3,140,20.79,5.46,40.0,45.0,6,210.0,-165.0,0,634.0,22.5,0,2
634.0,J1,140,20.79,5.46,40.0,7.5,1,142.5,-135.0,0,634.0,15.0,0,2
635.0,J2,142,23.71,3.33,36.0,112.5,15,330.0,-217.5,0,635.0,90.0,1,2
635.0,J3,142,23.71,3.33,36.0,22.5,3,210.0,-187.5,0,635.0,22.5,0,2
635.0,J1,142,23.71,3.33,36.0,0.0,0,142.5,-142.5,0,635.0,15.0,0,2
636.0,J2,141,26.36,1.59,34.0,75.0,10,285.0,-210.0,0,636.0,90.0,1,2
636.0,J3,141,26.36,1.59,34.0,7.5,1,165.0,-157.5,0,636.0,22.5,0,2
636.0,J1,141,26.36,1.59,34.0,0.0,0,97.5,-97.5,0,636.0,15.0,0,2
637.0,J2,144,29.62,0.56,29.0,45.0,6,247.5,-202.5,0,637.0,90.0,1,2
637.0,J3,144,29.62,0.56,29.0,0.0,0,120.0,-120.0,0,637.0,22.5,0,2
637.0,J1,144,29.62,0.56,29.0,0.0,0,52.5,-52.5,0,637.0,15.0,0,2
638.0,J2,144,31.66,0.08,7.0,22.5,3,202.5,-180.0,0,638.0,90.0,1,2
638.0,J3,144,31.66,0.08,7.0,0.0,0,75.0,-75.0,0,638.0,22.5,0,2
638.0,J1,144,31.66,0.08,7.0,0.0,0,22.5,-22.5,0,638.0,15.0,0,2
639.0,J2,144,33.33,0.11,8.0,22.5,3,157.5,-135.0,0,639.0,90.0,1,2
639.0,J3,144,33.33,0.11,8.0,7.5,1,45.0,-37.5,0,639.0,22.5,0,2
639.0,J1,144,33.33,0.11,8.0,0.0,0,7.5,-7.5,0,639.0,15.0,0,2
640.0,J2,147,34.92,0.14,9.0,22.5,3,112.5,-90.0,0,640.0,90.0,1,2
640.0,J3,147,34.92,0.14,9.0,7.5,1,22.5,-15.0,0,640.0,22.5,0,2
640.0,J1,147,34.92,0.14,9.0,7.5,1,0.0,7.5,0,640.0,15.0,0,2
641.0,J2,147,35.38,0.18,10.0,22.5,3,75.0,-52.5,0,641.0,90.0,1,2
641.0,J3,147,35.38,0.18,10.0,7.5,1,7.5,0.0,0,641.0,22.5,0,2
641.0,J1,147,35.38,0.18,10.0,7.5,1,0.0,7.5,0,641.0,15.0,0,2
642.0,J2,148,36.38,0.21,11.0,22.5,3,45.0,-22.5,0,642.0,90.0,1,2
642.0,J3,148,36.38,0.21,11.0,7.5,1,0.0,7.5,0,642.0,22.5,0,2
642.0,J1,148,36.38,0.21,11.0,7.5,1,0.0,7.5,0,642.0,22.5,0,2
643.0,J2,148,37.11,0.26,12.0,37.5,5,22.5,15.0,0,643.0,97.5,1,2
643.0,J3,148,37.11,0.26,12.0,7.5,1,0.0,7.5,0,643.0,22.5,0,2
643.0,J1,148,37.11,0.26,12.0,15.0,2,0.0,15.0,0,643.0,22.5,0,2
644.0,J2,149,37.75,0.32,13.0,45.0,6,22.5,22.5,0,644.0,97.5,1,2
644.0,J3,149,37.75,0.32,13.0,7.5,1,7.5,0.0,0,644.0,30.0,0,2
644.0,J1,149,37.75,0.32,13.0,15.0,2,0.0,15.0,0,644.0,22.5,0,2
645.0,J2,148,38.38,0.39,14.0,45.0,6,22.5,22.5,0,645.0,97.5,1,2
645.0,J3,148,38.38,0.39,14.0,7.5,1,7.5,0.0,0,645.0,30.0,0,2
645.0,J1,148,38.38,0.39,14.0,22.5,3,7.5,15.0,0,645.0,22.5,0,2
646.0,J2,147,38.77,0.47,15.0,45.0,6,22.5,22.5,0,646.0,75.0,1,2
646.0,J3,147,38.77,0.47,15.0,15.0,2,7.5,7.5,0,646.0,7.5,0,2
646.0,J1,147,38.77,0.47,15.0,22.5,3,7.5,15.0,0,646.0,0.0,0,2
647.0,J2,149,39.15,0.54,16.0,45.0,6,22.5,22.5,0,647.0,45.0,1,2
647.0,J3,149,39.15,0.54,16.0,15.0,2,7.5,7.5,0,647.0,0.0,0,2
647.0,J1,149,39.15,0.54,16.0,22.5,3,7.5,15.0,0,647.0,0.0,0,2
648.0,J2,149,39.22,0.61,17.0,45.0,6,37.5,7.5,0,648.0,30.0,0,2
648.0,J3,149,39.22,0.61,17.0,15.0,2,7.5,7.5,0,648.0,0.0,0,2
648.0,J1,149,39.22,0.61,17.0,22.5,3,15.0,7.5,0,648.0,15.0,0,2
649.0,J2,150,39.32,0.68,18.0,45.0,6,45.0,0.0,0,649.0,7.5,0,2
649.0,J3,150,39.32,0.68,18.0,15.0,2,7.5,7.5,0,649.0,7.5,0,2
649.0,J1,150,39.32,0.68,18.0,22.5,3,15.0,7.5,0,649.0,22.5,0,2
650.0,J2,151,39.11,0.75,19.0,45.0,6,45.0,0.0,0,650.0,30.0,0,2
650.0,J3,151,39.11,0.75,19.0,15.0,2,7.5,7.5,0,650.0,15.0,0,2
650.0,J1,151,39.11,0.75,19.0,22.5,3,22.5,0.0,0,650.0,37.5,1,2
651.0,J2,151,39.05,0.82,20.0,45.0,6,45.0,0.0,0,651.0,37.5,1,2
651.0,J3,151,39.05,0.82,20.0,15.0,2,15.0,0.0,0,651.0,15.0,0,2
651.0,J1,151,39.05,0.82,20.0,22.5,3,22.5,0.0,0,651.0,67.5,1,2
652.0,J2,151,39.02,0.9,21.0,45.0,6,45.0,0.0,0,652.0,52.5,1,2
652.0,J3,151,39.02,0.9,21.0,15.0,2,15.0,0.0,0,652.0,30.0,0,2
652.0,J1,151,39.02,0.9,21.0,30.0,4,22.5,7.5,0,652.0,67.5,1,2
653.0,J2,152,38.98,0.99,22.0,45.0,6,45.0,0.0,0,653.0,60.0,1,2
653.0,J3,152,38.98,0.99,22.0,15.0,2,15.0,0.0,0,653.0,37.5,1,2
653.0,J1,152,38.98,0.99,22.0,45.0,6,22.5,22.5,0,653.0,75.0,1,2
654.0,J2,154,39.09,1.06,23.0,45.0,6,45.0,0.0,0,654.0,60.0,1,2
654.0,J3,154,39.09,1.06,23.0,15.0,2,15.0,0.0,0,654.0,45.0,1,2
654.0,J1,154,39.09,1.06,23.0,45.0,6,22.5,22.5,0,654.0,82.5,1,2
655.0,J2,156,39.33,1.14,24.0,45.0,6,45.0,0.0,0,655.0,82.5,1,2
655.0,J3,156,39.33,1.14,24.0,15.0,2,15.0,0.0,0,655.0,60.0,1,2
655.0,J1,156,39.33,1.14,24.0,45.0,6,22.5,22.5,0,655.0,82.5,1,2
656.0,J2,157,39.26,1.22,25.0,45.0,6,45.0,0.0,0,656.0,90.0,1,2
656.0,J3,157,39.26,1.22,25.0,15.0,2,15.0,0.0,0,656.0,75.0,1,2
656.0,J1,157,39.26,1.22,25.0,45.0,6,22.5,22.5,0,656.0,97.5,1,2
657.0,J2,157,38.99,1.31,26.0,45.0,6,45.0,0.0,0,657.0,97.5,1,2
657.0,J3,157,38.99,1.31,26.0,15.0,2,15.0,0.0,0,657.0,82.5,1,2
657.0,J1,157,38.99,1.31,26.0,45.0,6,30.0,15.0,0,657.0,112.5,1,2
658.0,J2,157,38.68,1.4,27.0,45.0,6,45.0,0.0,0,658.0,120.0,1,2
658.0,J3,157,38.68,1.4,27.0,15.0,2,15.0,0.0,0,658.0,90.0,1,2
658.0,J1,157,38.68,1.4,27.0,45.0,6,45.0,0.0,0,658.0,120.0,1,2
659.0,J2,159,38.85,1.47,28.0,45.0,6,45.0,0.0,0,659.0,135.0,1,2
659.0,J3,159,38.85,1.47,28.0,15.0,2,15.0,0.0,0,659.0,90.0,1,2
659.0,J1,159,38.85,1.47,28.0,45.0,6,45.0,0.0,0,659.0,120.0,1,2
660.0,J2,159,38.38,1.57,29.0,45.0,6,45.0,0.0,0,660.0,150.0,1,2
660.0,J3,159,38.38,1.57,29.0,15.0,2,15.0,0.0,0,660.0,90.0,1,2
660.0,J1,159,38.38,1.57,29.0,52.5,7,45.0,7.5,0,660.0,135.0,1,2
661.0,J2,160,38.35,1.66,30.0,45.0,6,45.0,0.0,0,661.0,165.0,1,2
661.0,J3,160,38.35,1.66,30.0,22.5,3,15.0,7.5,0,661.0,90.0,1,2
661.0,J1,160,38.35,1.66,30.0,52.5,7,45.0,7.5,0,661.0,142.5,1,2
662.0,J2,160,38.2,1.76,31.0,45.0,6,45.0,0.0,0,662.0,172.5,1,2
662.0,J3,160,38.2,1.76,31.0,22.5,3,15.0,7.5,0,662.0,97.5,1,2
662.0,J1,160,38.2,1.76,31.0,52.5,7,45.0,7.5,0,662.0,142.5,1,2
663.0,J2,162,38.08,1.84,32.0,45.0,6,45.0,0.0,0,663.0,172.5,1,2
663.0,J3,162,38.08,1.84,32.0,22.5,3,15.0,7.5,0,663.0,97.5,1,2
663.0,J1,162,38.08,1.84,32.0,60.0,8,45.0,15.0,0,663.0,150.0,1,2
664.0,J2,161,38.34,1.97,33.0,45.0,6,45.0,0.0,0,664.0,172.5,1,2
664.0,J3,161,38.34,1.97,33.0,22.5,3,15.0,7.5,0,664.0,97.5,1,2
664.0,J1,161,38.34,1.97,33.0,75.0,10,45.0,30.0,0,664.0,150.0,1,2
665.0,J2,164,38.18,2.05,34.0,45.0,6,45.0,0.0,0,665.0,180.0,1,2
665.0,J3,164,38.18,2.05,34.0,22.5,3,15.0,7.5,0,665.0,105.0,1,2
665.0,J1,164,38.18,2.05,34.0,75.0,10,52.5,22.5,0,665.0,150.0,1,2
666.0,J2,165,38.33,2.15,35.0,45.0,6,45.0,0.0,0,666.0,187.5,1,2
666.0,J3,165,38.33,2.15,35.0,22.5,3,22.5,0.0,0,666.0,105.0,1,2
666.0,J1,165,38.33,2.15,35.0,75.0,10,52.5,22.5,0,666.0,150.0,1,2
667.0,J2,167,38.15,2.24,36.0,45.0,6,45.0,0.0,0,667.0,180.0,1,2
667.0,J3,167,38.15,2.24,36.0,22.5,3,22.5,0.0,0,667.0,105.0,1,2
667.0,J1,167,38.15,2.24,36.0,75.0,10,52.5,22.5,0,667.0,157.5,1,2
668.0,J2,168,38.05,2.34,37.0,45.0,6,45.0,0.0,0,668.0,180.0,1,2
668.0,J3,168,38.05,2.34,37.0,22.5,3,22.5,0.0,0,668.0,105.0,1,2
668.0,J1,168,38.05,2.34,37.0,75.0,10,60.0,15.0,0,668.0,157.5,1,2
669.0,J2,168,38.07,2.45,38.0,45.0,6,45.0,0.0,0,669.0,195.0,1,2
669.0,J3,168,38.07,2.45,38.0,22.5,3,22.5,0.0,0,669.0,105.0,1,2
669.0,J1,168,38.07,2.45,38.0,75.0,10,75.0,0.0,0,669.0,157.5,1,2
670.0,J2,168,37.87,2.57,39.0,52.5,7,45.0,7.5,0,670.0,202.5,1,2
670.0,J3,168,37.87,2.57,39.0,22.5,3,22.5,0.0,0,670.0,105.0,1,2
670.0,J1,168,37.87,2.57,39.0,75.0,10,75.0,0.0,0,670.0,157.5,1,2
671.0,J2,168,37.97,2.69,40.0,52.5,7,45.0,7.5,0,671.0,217.5,1,2
671.0,J3,168,37.97,2.69,40.0,22.5,3,22.5,0.0,0,671.0,105.0,1,2
671.0,J1,168,37.97,2.69,40.0,75.0,10,75.0,0.0,0,671.0,157.5,1,2
672.0,J2,166,37.77,2.85,41.0,60.0,8,45.0,15.0,0,672.0,217.5,1,2
672.0,J3,166,37.77,2.85,41.0,22.5,3,22.5,0.0,0,672.0,105.0,1,2
672.0,J1,166,37.77,2.85,41.0,75.0,10,75.0,0.0,0,672.0,157.5,1,2
673.0,J2,162,36.85,3.05,42.0,60.0,8,45.0,15.0,1,673.0,232.5,1,2
673.0,J3,162,36.85,3.05,42.0,22.5,3,22.5,0.0,1,673.0,105.0,1,2
673.0,J1,162,36.85,3.05,42.0,75.0,10,75.0,0.0,1,673.0,165.0,1,2
674.0,J2,161,35.67,3.2,43.0,60.0,8,45.0,15.0,1,674.0,232.5,1,2
674.0,J3,161,35.67,3.2,43.0,22.5,3,22.5,0.0,1,674.0,112.5,1,2
674.0,J1,161,35.67,3.2,43.0,75.0,10,75.0,0.0,1,674.0,165.0,1,2
675.0,J2,162,34.11,3.33,44.0,75.0,10,52.5,22.5,1,675.0,232.5,1,2
675.0,J3,162,34.11,3.33,44.0,30.0,4,22.5,7.5,1,675.0,112.5,1,2
675.0,J1,162,34.11,3.33,44.0,82.5,11,75.0,7.5,1,675.0,165.0,1,2
676.0,J2,160,32.58,1.26,34.0,45.0,6,52.5,-7.5,2,676.0,232.5,1,2
676.0,J3,160,32.58,1.26,34.0,7.5,1,22.5,-15.0,2,676.0,112.5,1,2
676.0,J1,160,32.58,1.26,34.0,52.5,7,75.0,-22.5,2,676.0,165.0,1,2
677.0,J2,160,31.27,0.31,18.0,22.5,3,60.0,-37.5,2,677.0,240.0,1,2
677.0,J3,160,31.27,0.31,18.0,15.0,2,22.5,-7.5,2,677.0,112.5,1,2
677.0,J1,160,31.27,0.31,18.0,30.0,4,75.0,-45.0,2,677.0,165.0,1,2
678.0,J2,162,30.76,0.13,4.0,30.0,4,60.0,-30.0,2,678.0,240.0,1,2
678.0,J3,162,30.76,0.13,4.0,30.0,4,22.5,7.5,2,678.0,112.5,1,2
678.0,J1,162,30.76,0.13,4.0,30.0,4,75.0,-45.0,2,678.0,172.5,1,2
679.0,J2,162,30.09,0.22,5.0,37.5,5,60.0,-22.5,2,679.0,255.0,1,2
679.0,J3,162,30.09,0.22,5.0,37.5,5,22.5,15.0,2,679.0,112.5,1,2
679.0,J1,162,30.09,0.22,5.0,30.0,4,75.0,-45.0,2,679.0,172.5,1,2
680.0,J2,162,29.94,0.35,6.0,67.5,9,75.0,-7.5,2,680.0,255.0,1,2
680.0,J3,162,29.94,0.35,6.0,45.0,6,30.0,15.0,2,680.0,120.0,1,2
680.0,J1,162,29.94,0.35,6.0,52.5,7,82.5,-30.0,2,680.0,187.5,1,2
681.0,J2,160,29.71,0.54,7.0,82.5,11,45.0,37.5,2,681.0,255.0,1,2
681.0,J3,160,29.71,0.54,7.0,60.0,8,7.5,52.5,2,681.0,127.5,1,2
681.0,J1,160,29.71,0.54,7.0,75.0,10,52.5,22.5,2,681.0,195.0,1,2
682.0,J2,162,29.71,0.75,8.0,105.0,14,22.5,82.5,2,682.0,255.0,1,2
682.0,J3,162,29.71,0.75,8.0,67.5,9,15.0,52.5,2,682.0,135.0,1,2
682.0,J1,162,29.71,0.75,8.0,90.0,12,30.0,60.0,2,682.0,195.0,1,2
683.0,J2,165,29.69,0.97,9.0,120.0,16,30.0,90.0,2,683.0,255.0,1,2
683.0,J3,165,29.69,0.97,9.0,75.0,10,30.0,45.0,2,683.0,142.5,1,2
683.0,J1,165,29.69,0.97,9.0,97.5,13,30.0,67.5,2,683.0,210.0,1,2
684.0,J2,167,29.69,1.21,10.0,120.0,16,37.5,82.5,2,684.0,255.0,1,2
684.0,J3,167,29.69,1.21,10.0,82.5,11,37.5,45.0,2,684.0,142.5,1,2
684.0,J1,167,29.69,1.21,10.0,112.5,15,30.0,82.5,2,684.0,217.5,1,2
685.0,J2,167,29.2,1.5,11.0,135.0,18,67.5,67.5,2,685.0,255.0,1,2
685.0,J3,167,29.2,1.5,11.0,97.5,13,45.0,52.5,2,685.0,142.5,1,2
685.0,J1,167,29.2,1.5,11.0,127.5,17,52.5,75.0,2,685.0,217.5,1,2
686.0,J2,167,28.74,1.78,12.0,135.0,18,82.5,52.5,2,686.0,255.0,1,2
686.0,J3,167,28.74,1.78,12.0,97.5,13,60.0,37.5,2,686.0,142.5,1,2
686.0,J1,167,28.74,1.78,12.0,127.5,17,75.0,52.5,2,686.0,225.0,1,2
687.0,J2,169,28.69,2.07,13.0,135.0,18,105.0,30.0,2,687.0,255.0,1,2
687.0,J3,169,28.69,2.07,13.0,120.0,16,67.5,52.5,2,687.0,142.5,1,2
687.0,J1,169,28.69,2.07,13.0,135.0,18,90.0,45.0,2,687.0,225.0,1,2
688.0,J2,168,28.16,2.39,14.0,135.0,18,120.0,15.0,2,688.0,255.0,1,2
688.0,J3,168,28.16,2.39,14.0,120.0,16,75.0,45.0,2,688.0,150.0,1,2
688.0,J1,168,28.16,2.39,14.0,135.0,18,97.5,37.5,2,688.0,225.0,1,2
689.0,J2,169,28.01,2.7,15.0,142.5,19,120.0,22.5,2,689.0,255.0,1,2
689.0,J3,169,28.01,2.7,15.0,127.5,17,82.5,45.0,2,689.0,157.5,1,2
689.0,J1,169,28.01,2.7,15.0,142.5,19,112.5,30.0,2,689.0,232.5,1,2
690.0,J2,170,27.32,3.02,16.0,150.0,20,135.0,15.0,2,690.0,255.0,1,2
690.0,J3,170,27.32,3.02,16.0,135.0,18,97.5,37.5,2,690.0,157.5,1,2
690.0,J1,170,27.32,3.02,16.0,142.5,19,127.5,15.0,2,690.0,232.5,1,2
691.0,J2,169,26.98,3.38,17.0,150.0,20,135.0,15.0,2,691.0,210.0,1,2
691.0,J3,169,26.98,3.38,17.0,142.5,19,97.5,45.0,2,691.0,112.5,1,2
691.0,J1,169,26.98,3.38,17.0,142.5,19,127.5,15.0,2,691.0,195.0,1,2
692.0,J2,168,26.47,3.75,18.0,150.0,20,135.0,15.0,2,692.0,165.0,1,2
692.0,J3,168,26.47,3.75,18.0,142.5,19,120.0,22.5,2,692.0,82.5,1,2
692.0,J1,168,26.47,3.75,18.0,142.5,19,135.0,7.5,2,692.0,165.0,1,2
693.0,J2,166,26.22,4.17,19.0,157.5,21,135.0,22.5,2,693.0,120.0,1,2
693.0,J3,166,26.22,4.17,19.0,157.5,21,120.0,37.5,2,693.0,60.0,1,2
693.0,J1,166,26.22,4.17,19.0,150.0,20,135.0,15.0,2,693.0,120.0,1,2
694.0,J2,166,25.72,4.55,20.0,157.5,21,142.5,15.0,2,694.0,75.0,1,2
694.0,J3,166,25.72,4.55,20.0,172.5,23,127.5,45.0,2,694.0,52.5,1,2
694.0,J1,166,25.72,4.55,20.0,150.0,20,142.5,7.5,2,694.0,82.5,1,2
695.0,J2,167,25.03,4.93,21.0,157.5,21,150.0,7.5,2,695.0,37.5,1,2
695.0,J3,167,25.03,4.93,21.0,180.0,24,135.0,45.0,2,695.0,30.0,0,2
695.0,J1,167,25.03,4.93,21.0,165.0,22,142.5,22.5,2,695.0,37.5,1,2
696.0,J2,168,24.31,5.31,22.0,157.5,21,150.0,7.5,2,696.0,15.0,0,2
696.0,J3,168,24.31,5.31,22.0,187.5,25,142.5,45.0,2,696.0,15.0,0,2
696.0,J1,168,24.31,5.31,22.0,172.5,23,142.5,30.0,2,696.0,15.0,0,2
697.0,J2,168,23.75,5.74,23.0,165.0,22,150.0,15.0,2,697.0,15.0,0,2
697.0,J3,168,23.75,5.74,23.0,195.0,26,142.5,52.5,2,697.0,15.0,0,2
697.0,J1,168,23.75,5.74,23.0,180.0,24,142.5,37.5,2,697.0,7.5,0,2
698.0,J2,167,23.37,6.21,24.0,165.0,22,157.5,7.5,2,698.0,15.0,0,2
698.0,J3,167,23.37,6.21,24.0,195.0,26,157.5,37.5,2,698.0,22.5,0,2
698.0,J1,167,23.37,6.21,24.0,187.5,25,150.0,37.5,2,698.0,0.0,0,2
699.0,J2,169,23.5,6.59,25.0,180.0,24,157.5,22.5,2,699.0,15.0,0,2
699.0,J3,169,23.5,6.59,25.0,195.0,26,172.5,22.5,2,699.0,30.0,0,2
699.0,J1,169,23.5,6.59,25.0,195.0,26,150.0,45.0,2,699.0,0.0,0,2
700.0,J2,169,23.26,7.05,26.0,195.0,26,157.5,37.5,2,700.0,22.5,0,2
700.0,J3,169,23.26,7.05,26.0,202.5,27,180.0,22.5,2,700.0,30.0,0,2
700.0,J1,169,23.26,7.05,26.0,195.0,26,165.0,30.0,2,700.0,0.0,0,2
701.0,J2,169,23.01,7.53,27.0,195.0,26,157.5,37.5,2,701.0,30.0,0,2
701.0,J3,169,23.01,7.53,27.0,202.5,27,187.5,15.0,2,701.0,30.0,0,2
701.0,J1,169,23.01,7.53,27.0,202.5,27,172.5,30.0,2,701.0,0.0,0,2
702.0,J2,169,22.54,8.01,28.0,195.0,26,165.0,30.0,2,702.0,30.0,0,2
702.0,J3,169,22.54,8.01,28.0,202.5,27,195.0,7.5,2,702.0,30.0,0,2
702.0,J1,169,22.54,8.01,28.0,210.0,28,180.0,30.0,2,702.0,0.0,0,2
703.0,J2,171,22.17,8.39,29.0,195.0,26,165.0,30.0,2,703.0,30.0,0,2
703.0,J3,171,22.17,8.39,29.0,210.0,28,195.0,15.0,2,703.0,30.0,0,2
703.0,J1,171,22.17,8.39,29.0,210.0,28,187.5,22.5,2,703.0,0.0,0,2
704.0,J2,171,21.49,8.87,30.0,195.0,26,180.0,15.0,2,704.0,30.0,0,2
704.0,J3,171,21.49,8.87,30.0,210.0,28,195.0,15.0,2,704.0,30.0,0,2
704.0,J1,171,21.49,8.87,30.0,210.0,28,195.0,15.0,2,704.0,7.5,0,2
705.0,J2,171,21.04,9.36,31.0,202.5,27,195.0,7.5,2,705.0,30.0,0,2
705.0,J3,171,21.04,9.36,31.0,210.0,28,202.5,7.5,2,705.0,30.0,0,2
705.0,J1,171,21.04,9.36,31.0,210.0,28,195.0,15.0,2,705.0,7.5,0,2
706.0,J2,173,20.82,9.74,32.0,210.0,28,195.0,15.0,2,706.0,30.0,0,2
706.0,J3,173,20.82,9.74,32.0,210.0,28,202.5,7.5,2,706.0,30.0,0,2
706.0,J1,173,20.82,9.74,32.0,217.5,29,202.5,15.0,2,706.0,7.5,0,2
707.0,J2,173,20.26,10.25,33.0,210.0,28,195.0,15.0,2,707.0,30.0,0,2
707.0,J3,173,20.26,10.25,33.0,217.5,29,202.5,15.0,2,707.0,37.5,1,2
707.0,J1,173,20.26,10.25,33.0,240.0,32,210.0,30.0,2,707.0,7.5,0,2
708.0,J2,174,20.14,10.71,34.0,210.0,28,195.0,15.0,2,708.0,30.0,0,2
708.0,J3,174,20.14,10.71,34.0,217.5,29,210.0,7.5,2,708.0,37.5,1,2
708.0,J1,174,20.14,10.71,34.0,247.5,33,210.0,37.5,2,708.0,7.5,0,2
709.0,J2,174,19.94,11.25,35.0,217.5,29,195.0,22.5,2,709.0,37.5,1,2
709.0,J3,174,19.94,11.25,35.0,217.5,29,210.0,7.5,2,709.0,45.0,1,2
709.0,J1,174,19.94,11.25,35.0,262.5,35,210.0,52.5,2,709.0,7.5,0,2
710.0,J2,173,19.79,11.87,36.0,232.5,31,202.5,30.0,2,710.0,37.5,1,2
710.0,J3,173,19.79,11.87,36.0,225.0,30,210.0,15.0,2,710.0,45.0,1,2
710.0,J1,173,19.79,11.87,36.0,262.5,35,210.0,52.5,2,710.0,7.5,0,2
711.0,J2,173,19.93,12.42,37.0,232.5,31,210.0,22.5,2,711.0,37.5,1,2
711.0,J3,173,19.93,12.42,37.0,225.0,30,210.0,15.0,2,711.0,45.0,1,2
711.0,J1,173,19.93,12.42,37.0,262.5,35,217.5,45.0,2,711.0,7.5,0,2
712.0,J2,174,19.74,12.9,38.0,232.5,31,210.0,22.5,2,712.0,37.5,1,2
712.0,J3,174,19.74,12.9,38.0,225.0,30,217.5,7.5,2,712.0,52.5,1,2
712.0,J1,174,19.74,12.9,38.0,262.5,35,240.0,22.5,2,712.0,7.5,0,2
713.0,J2,174,19.74,13.45,39.0,232.5,31,210.0,22.5,2,713.0,37.5,1,2
713.0,J3,174,19.74,13.45,39.0,225.0,30,217.5,7.5,2,713.0,52.5,1,2
713.0,J1,174,19.74,13.45,39.0,262.5,35,247.5,15.0,2,713.0,7.5,0,2
714.0,J2,174,19.52,14.01,40.0,232.5,31,217.5,15.0,2,714.0,37.5,1,2
714.0,J3,174,19.52,14.01,40.0,225.0,30,217.5,7.5,2,714.0,60.0,1,2
714.0,J1,174,19.52,14.01,40.0,262.5,35,262.5,0.0,2,714.0,7.5,0,2
715.0,J2,177,19.69,14.32,41.0,232.5,31,232.5,0.0,2,715.0,37.5,1,2
715.0,J3,177,19.69,14.32,41.0,232.5,31,225.0,7.5,2,715.0,60.0,1,2
715.0,J1,177,19.69,14.32,41.0,262.5,35,262.5,0.0,2,715.0,7.5,0,2
716.0,J2,178,19.69,14.79,42.0,232.5,31,232.5,0.0,2,716.0,37.5,1,2
716.0,J3,178,19.69,14.79,42.0,232.5,31,225.0,7.5,2,716.0,60.0,1,2
716.0,J1,178,19.69,14.79,42.0,270.0,36,262.5,7.5,2,716.0,7.5,0,2
717.0,J2,172,18.44,15.87,43.0,232.5,31,232.5,0.0,2,717.0,37.5,1,2
717.0,J3,172,18.44,15.87,43.0,232.5,31,225.0,7.5,2,717.0,60.0,1,2
717.0,J1,172,18.44,15.87,43.0,270.0,36,262.5,7.5,2,717.0,7.5,0,2
718.0,J2,172,18.07,16.45,44.0,232.5,31,232.5,0.0,3,718.0,37.5,1,2
718.0,J3,172,18.07,16.45,44.0,232.5,31,225.0,7.5,3,718.0,60.0,1,2
718.0,J1,172,18.07,16.45,44.0,277.5,37,262.5,15.0,3,718.0,7.5,0,2
719.0,J2,170,17.34,17.23,45.0,232.5,31,232.5,0.0,3,719.0,37.5,1,2
719.0,J3,170,17.34,17.23,45.0,232.5,31,225.0,7.5,3,719.0,60.0,1,2
719.0,J1,170,17.34,17.23,45.0,285.0,38,262.5,22.5,3,719.0,7.5,0,2
720.0,J2,169,16.67,17.93,46.0,232.5,31,232.5,0.0,3,720.0,37.5,1,2
720.0,J3,169,16.67,17.93,46.0,240.0,32,232.5,7.5,3,720.0,60.0,1,2
720.0,J1,169,16.67,17.93,46.0,285.0,38,262.5,22.5,3,720.0,15.0,0,2
721.0,J2,165,16.21,14.31,44.0,202.5,27,232.5,-30.0,0,721.0,37.5,1,2
721.0,J3,165,16.21,14.31,44.0,195.0,26,232.5,-37.5,0,721.0,60.0,1,2
721.0,J1,165,16.21,14.31,44.0,240.0,32,270.0,-30.0,0,721.0,22.5,0,2
722.0,J2,162,16.57,10.72,42.0,165.0,22,232.5,-67.5,0,722.0,37.5,1,2
722.0,J3,162,16.57,10.72,42.0,150.0,20,232.5,-82.5,0,722.0,60.0,1,2
722.0,J1,162,16.57,10.72,42.0,202.5,27,270.0,-67.5,0,722.0,22.5,0,2
723.0,J2,159,17.54,7.58,42.0,127.5,17,232.5,-105.0,0,723.0,37.5,1,2
723.0,J3,159,17.54,7.58,42.0,112.5,15,232.5,-120.0,0,723.0,60.0,1,2
723.0,J1,159,17.54,7.58,42.0,165.0,22,277.5,-112.5,0,723.0,22.5,0,2
724.0,J2,157,19.2,4.93,40.0,82.5,11,232.5,-150.0,0,724.0,37.5,1,2
724.0,J3,157,19.2,4.93,40.0,82.5,11,232.5,-150.0,0,724.0,60.0,1,2
724.0,J1,157,19.2,4.93,40.0,120.0,16,285.0,-165.0,0,724.0,30.0,0,2
725.0,J2,156,21.46,2.88,33.0,52.5,7,232.5,-180.0,0,725.0,52.5,1,2
725.0,J3,156,21.46,2.88,33.0,60.0,8,240.0,-180.0,0,725.0,60.0,1,2
725.0,J1,156,21.46,2.88,33.0,75.0,10,285.0,-210.0,0,725.0,30.0,0,2
726.0,J2,156,23.87,1.45,33.0,37.5,5,202.5,-165.0,0,726.0,52.5,1,2
726.0,J3,156,23.87,1.45,33.0,37.5,5,195.0,-157.5,0,726.0,60.0,1,2
726.0,J1,156,23.87,1.45,33.0,30.0,4,240.0,-210.0,0,726.0,30.0,0,2
727.0,J2,157,27.02,0.51,20.0,37.5,5,165.0,-127.5,0,727.0,60.0,1,2
727.0,J3,157,27.02,0.51,20.0,15.0,2,150.0,-135.0,0,727.0,60.0,1,2
727.0,J1,157,27.02,0.51,20.0,15.0,2,202.5,-187.5,0,727.0,30.0,0,2
728.0,J2,158,29.7,0.22,8.0,37.5,5,127.5,-90.0,0,728.0,60.0,1,2
728.0,J3,158,29.7,0.22,8.0,0.0,0,112.5,-112.5,0,728.0,60.0,1,2
728.0,J1,158,29.7,0.22,8.0,7.5,1,165.0,-157.5,0,728.0,30.0,0,2
729.0,J2,157,31.67,0.27,9.0,52.5,7,82.5,-30.0,0,729.0,60.0,1,2
729.0,J3,157,31.67,0.27,9.0,0.0,0,82.5,-82.5,0,729.0,60.0,1,2
729.0,J1,157,31.67,0.27,9.0,7.5,1,120.0,-112.5,0,729.0,30.0,0,2
730.0,J2,157,33.52,0.33,10.0,60.0,8,52.5,7.5,0,730.0,67.5,1,2
730.0,J3,157,33.52,0.33,10.0,0.0,0,60.0,-60.0,0,730.0,60.0,1,2
730.0,J1,157,33.52,0.33,10.0,7.5,1,75.0,-67.5,0,730.0,30.0,0,2
731.0,J2,157,34.75,0.39,11.0,60.0,8,37.5,22.5,0,731.0,75.0,1,2
731.0,J3,157,34.75,0.39,11.0,0.0,0,37.5,-37.5,0,731.0,60.0,1,2
731.0,J1,157,34.75,0.39,11.0,7.5,1,30.0,-22.5,0,731.0,30.0,0,2
732.0,J2,158,35.97,0.45,12.0,60.0,8,37.5,22.5,0,732.0,82.5,1,2
732.0,J3,158,35.97,0.45,12.0,0.0,0,15.0,-15.0,0,732.0,60.0,1,2
732.0,J1,158,35.97,0.45,12.0,7.5,1,15.0,-7.5,0,732.0,37.5,1,2
733.0,J2,158,36.92,0.52,13.0,67.5,9,37.5,30.0,0,733.0,82.5,1,2
733.0,J3,158,36.92,0.52,13.0,0.0,0,0.0,0.0,0,733.0,60.0,1,2
733.0,J1,158,36.92,0.52,13.0,7.5,1,7.5,0.0,0,733.0,37.5,1,2
734.0,J2,158,37.53,0.59,14.0,67.5,9,52.5,15.0,0,734.0,82.5,1,2
734.0,J3,158,37.53,0.59,14.0,0.0,0,0.0,0.0,0,734.0,60.0,1,2
734.0,J1,158,37.53,0.59,14.0,7.5,1,7.5,0.0,0,734.0,37.5,1,2
735.0,J2,159,38.27,0.64,15.0,60.0,8,60.0,0.0,0,735.0,90.0,1,2
735.0,J3,159,38.27,0.64,15.0,0.0,0,0.0,0.0,0,735.0,60.0,1,2
735.0,J1,159,38.27,0.64,15.0,7.5,1,7.5,0.0,0,735.0,37.5,1,2
736.0,J2,161,38.85,0.69,16.0,60.0,8,60.0,0.0,0,736.0,60.0,1,2
736.0,J3,161,38.85,0.69,16.0,0.0,0,0.0,0.0,0,736.0,45.0,1,2
736.0,J1,161,38.85,0.69,16.0,7.5,1,7.5,0.0,0,736.0,15.0,0,2
737.0,J2,162,38.88,0.71,17.0,60.0,8,60.0,0.0,0,737.0,52.5,1,2
737.0,J3,162,38.88,0.71,17.0,0.0,0,0.0,0.0,0,737.0,37.5,1,2
737.0,J1,162,38.88,0.71,17.0,7.5,1,7.5,0.0,0,737.0,0.0,0,2
738.0,J2,163,39.47,0.76,18.0,60.0,8,67.5,-7.5,0,738.0,30.0,0,2
738.0,J3,163,39.47,0.76,18.0,0.0,0,0.0,0.0,0,738.0,22.5,0,2
738.0,J1,163,39.47,0.76,18.0,7.5,1,7.5,0.0,0,738.0,30.0,0,2
739.0,J2,163,39.51,0.82,19.0,60.0,8,67.5,-7.5,0,739.0,22.5,0,2
739.0,J3,163,39.51,0.82,19.0,7.5,1,0.0,7.5,0,739.0,7.5,0,2
739.0,J1,163,39.51,0.82,19.0,7.5,1,7.5,0.0,0,739.0,45.0,1,2
740.0,J2,164,39.72,0.88,20.0,67.5,9,60.0,7.5,0,740.0,30.0,0,2
740.0,J3,164,39.72,0.88,20.0,7.5,1,0.0,7.5,0,740.0,15.0,0,2
740.0,J1,164,39.72,0.88,20.0,7.5,1,7.5,0.0,0,740.0,45.0,1,2
741.0,J2,164,39.58,0.95,21.0,67.5,9,60.0,7.5,0,741.0,37.5,1,2
741.0,J3,164,39.58,0.95,21.0,7.5,1,0.0,7.5,0,741.0,15.0,0,2
741.0,J1,164,39.58,0.95,21.0,7.5,1,7.5,0.0,0,741.0,52.5,1,2
742.0,J2,163,39.31,1.02,22.0,67.5,9,60.0,7.5,0,742.0,52.5,1,2
742.0,J3,163,39.31,1.02,22.0,7.5,1,0.0,7.5,0,742.0,15.0,0,2
742.0,J1,163,39.31,1.02,22.0,7.5,1,7.5,0.0,0,742.0,67.5,1,2
743.0,J2,165,38.96,1.08,23.0,67.5,9,60.0,7.5,0,743.0,52.5,1,2
743.0,J3,165,38.96,1.08,23.0,7.5,1,0.0,7.5,0,743.0,15.0,0,2
743.0,J1,165,38.96,1.08,23.0,7.5,1,7.5,0.0,0,743.0,82.5,1,2
744.0,J2,166,38.77,1.14,24.0,67.5,9,60.0,7.5,0,744.0,67.5,1,2
744.0,J3,166,38.77,1.14,24.0,7.5,1,7.5,0.0,0,744.0,15.0,0,2
744.0,J1,166,38.77,1.14,24.0,7.5,1,7.5,0.0,0,744.0,90.0,1,2
745.0,J2,167,38.77,1.22,25.0,90.0,12,67.5,22.5,0,745.0,75.0,1,2
745.0,J3,167,38.77,1.22,25.0,7.5,1,7.5,0.0,0,745.0,15.0,0,2
745.0,J1,167,38.77,1.22,25.0,7.5,1,7.5,0.0,0,745.0,97.5,1,2
746.0,J2,167,38.77,1.3,26.0,90.0,12,67.5,22.5,0,746.0,82.5,1,2
746.0,J3,167,38.77,1.3,26.0,7.5,1,7.5,0.0,0,746.0,30.0,0,2
746.0,J1,167,38.77,1.3,26.0,7.5,1,7.5,0.0,0,746.0,112.5,1,2
747.0,J2,167,38.48,1.38,27.0,90.0,12,67.5,22.5,0,747.0,90.0,1,2
747.0,J3,167,38.48,1.38,27.0,7.5,1,7.5,0.0,0,747.0,45.0,1,2
747.0,J1,167,38.48,1.38,27.0,7.5,1,7.5,0.0,0,747.0,127.5,1,2
748.0,J2,166,38.38,1.49,28.0,105.0,14,67.5,37.5,0,748.0,105.0,1,2
748.0,J3,166,38.38,1.49,28.0,7.5,1,7.5,0.0,0,748.0,60.0,1,2
748.0,J1,166,38.38,1.49,28.0,7.5,1,7.5,0.0,0,748.0,135.0,1,2
749.0,J2,165,38.21,1.59,29.0,105.0,14,67.5,37.5,0,749.0,105.0,1,2
749.0,J3,165,38.21,1.59,29.0,7.5,1,7.5,0.0,0,749.0,67.5,1,2
749.0,J1,165,38.21,1.59,29.0,7.5,1,7.5,0.0,0,749.0,165.0,1,2
750.0,J2,166,38.32,1.69,30.0,112.5,15,90.0,22.5,0,750.0,127.5,1,2
750.0,J3,166,38.32,1.69,30.0,7.5,1,7.5,0.0,0,750.0,82.5,1,2
750.0,J1,166,38.32,1.69,30.0,7.5,1,7.5,0.0,0,750.0,165.0,1,2
751.0,J2,164,37.92,1.81,31.0,112.5,15,90.0,22.5,0,751.0,127.5,1,2
751.0,J3,164,37.92,1.81,31.0,7.5,1,7.5,0.0,0,751.0,90.0,1,2
751.0,J1,164,37.92,1.81,31.0,7.5,1,7.5,0.0,0,751.0,180.0,1,2
752.0,J2,165,37.56,1.9,32.0,112.5,15,90.0,22.5,0,752.0,142.5,1,2
752.0,J3,165,37.56,1.9,32.0,7.5,1,7.5,0.0,0,752.0,97.5,1,2
752.0,J1,165,37.56,1.9,32.0,7.5,1,7.5,0.0,0,752.0,180.0,1,2
753.0,J2,167,37.4,1.98,33.0,112.5,15,105.0,7.5,0,753.0,142.5,1,2
753.0,J3,167,37.4,1.98,33.0,7.5,1,7.5,0.0,0,753.0,112.5,1,2
753.0,J1,167,37.4,1.98,33.0,7.5,1,7.5,0.0,0,753.0,187.5,1,2
754.0,J2,167,37.33,2.09,34.0,112.5,15,105.0,7.5,0,754.0,150.0,1,2
754.0,J3,167,37.33,2.09,34.0,15.0,2,7.5,7.5,0,754.0,112.5,1,2
754.0,J1,167,37.33,2.09,34.0,7.5,1,7.5,0.0,0,754.0,187.5,1,2
755.0,J2,167,37.28,2.22,35.0,112.5,15,112.5,0.0,0,755.0,157.5,1,2
755.0,J3,167,37.28,2.22,35.0,30.0,4,7.5,22.5,0,755.0,120.0,1,2
755.0,J1,167,37.28,2.22,35.0,15.0,2,7.5,7.5,0,755.0,202.5,1,2
756.0,J2,168,37.03,2.33,36.0,112.5,15,112.5,0.0,0,756.0,172.5,1,2
756.0,J3,168,37.03,2.33,36.0,30.0,4,7.5,22.5,0,756.0,127.5,1,2
756.0,J1,168,37.03,2.33,36.0,15.0,2,7.5,7.5,0,756.0,202.5,1,2
757.0,J2,168,37.17,2.46,37.0,120.0,16,112.5,7.5,0,757.0,180.0,1,2
757.0,J3,168,37.17,2.46,37.0,30.0,4,7.5,22.5,0,757.0,127.5,1,2
757.0,J1,168,37.17,2.46,37.0,15.0,2,7.5,7.5,0,757.0,210.0,1,2
758.0,J2,169,37.13,2.57,38.0,120.0,16,112.5,7.5,0,758.0,195.0,1,2
758.0,J3,169,37.13,2.57,38.0,30.0,4,7.5,22.5,0,758.0,135.0,1,2
758.0,J1,169,37.13,2.57,38.0,15.0,2,7.5,7.5,0,758.0,210.0,1,2
759.0,J2,171,37.34,2.67,39.0,120.0,16,112.5,7.5,0,759.0,217.5,1,2
759.0,J3,171,37.34,2.67,39.0,30.0,4,15.0,15.0,0,759.0,142.5,1,2
759.0,J1,171,37.34,2.67,39.0,15.0,2,7.5,7.5,0,759.0,210.0,1,2
760.0,J2,172,37.3,2.78,40.0,120.0,16,112.5,7.5,0,760.0,217.5,1,2
760.0,J3,172,37.3,2.78,40.0,30.0,4,30.0,0.0,0,760.0,142.5,1,2
760.0,J1,172,37.3,2.78,40.0,15.0,2,15.0,0.0,0,760.0,210.0,1,2
761.0,J2,173,37.45,2.9,41.0,120.0,16,112.5,7.5,0,761.0,225.0,1,2
761.0,J3,173,37.45,2.9,41.0,30.0,4,30.0,0.0,0,761.0,142.5,1,2
761.0,J1,173,37.45,2.9,41.0,15.0,2,15.0,0.0,0,761.0,210.0,1,2
762.0,J2,171,37.28,3.06,42.0,120.0,16,120.0,0.0,0,762.0,240.0,1,2
762.0,J3,171,37.28,3.06,42.0,30.0,4,30.0,0.0,0,762.0,142.5,1,2
762.0,J1,171,37.28,3.06,42.0,15.0,2,15.0,0.0,0,762.0,210.0,1,2
763.0,J2,173,37.05,3.15,43.0,120.0,16,120.0,0.0,1,763.0,232.5,1,2
763.0,J3,173,37.05,3.15,43.0,30.0,4,30.0,0.0,1,763.0,150.0,1,2
763.0,J1,173,37.05,3.15,43.0,15.0,2,15.0,0.0,1,763.0,210.0,1,2
764.0,J2,171,36.33,3.32,44.0,120.0,16,120.0,0.0,1,764.0,232.5,1,2
764.0,J3,171,36.33,3.32,44.0,30.0,4,30.0,0.0,1,764.0,150.0,1,2
764.0,J1,171,36.33,3.32,44.0,15.0,2,15.0,0.0,1,764.0,210.0,1,2
765.0,J2,171,34.94,3.44,45.0,120.0,16,120.0,0.0,1,765.0,232.5,1,2
765.0,J3,171,34.94,3.44,45.0,30.0,4,30.0,0.0,1,765.0,150.0,1,2
765.0,J1,171,34.94,3.44,45.0,15.0,2,15.0,0.0,1,765.0,210.0,1,2
766.0,J2,168,33.72,1.88,44.0,90.0,12,120.0,-30.0,2,766.0,240.0,1,2
766.0,J3,168,33.72,1.88,44.0,0.0,0,30.0,-30.0,2,766.0,157.5,1,2
766.0,J1,168,33.72,1.88,44.0,0.0,0,15.0,-15.0,2,766.0,210.0,1,2
767.0,J2,166,32.66,1.02,28.0,75.0,10,120.0,-45.0,2,767.0,247.5,1,2
767.0,J3,166,32.66,1.02,28.0,7.5,1,30.0,-22.5,2,767.0,157.5,1,2
767.0,J1,166,32.66,1.02,28.0,7.5,1,15.0,-7.5,2,767.0,210.0,1,2
768.0,J2,166,31.92,0.53,24.0,52.5,7,120.0,-67.5,2,768.0,255.0,1,2
768.0,J3,166,31.92,0.53,24.0,30.0,4,30.0,0.0,2,768.0,165.0,1,2
768.0,J1,166,31.92,0.53,24.0,7.5,1,15.0,-7.5,2,768.0,217.5,1,2
769.0,J2,163,31.14,0.15,3.0,30.0,4,120.0,-90.0,2,769.0,255.0,1,2
769.0,J3,163,31.14,0.15,3.0,45.0,6,30.0,15.0,2,769.0,172.5,1,2
769.0,J1,163,31.14,0.15,3.0,22.5,3,15.0,7.5,2,769.0,217.5,1,2
770.0,J2,161,30.59,0.27,4.0,45.0,6,120.0,-75.0,2,770.0,255.0,1,2
770.0,J3,161,30.59,0.27,4.0,75.0,10,30.0,45.0,2,770.0,172.5,1,2
770.0,J1,161,30.59,0.27,4.0,22.5,3,15.0,7.5,2,770.0,217.5,1,2
771.0,J2,160,30.04,0.42,5.0,45.0,6,90.0,-45.0,2,771.0,262.5,1,2
771.0,J3,160,30.04,0.42,5.0,82.5,11,0.0,82.5,2,771.0,172.5,1,2
771.0,J1,160,30.04,0.42,5.0,45.0,6,0.0,45.0,2,771.0,217.5,1,2
772.0,J2,161,29.85,0.58,6.0,67.5,9,75.0,-7.5,2,772.0,277.5,1,2
772.0,J3,161,29.85,0.58,6.0,82.5,11,7.5,75.0,2,772.0,172.5,1,2
772.0,J1,161,29.85,0.58,6.0,52.5,7,7.5,45.0,2,772.0,217.5,1,2
773.0,J2,161,28.87,0.79,7.0,82.5,11,52.5,30.0,2,773.0,277.5,1,2
773.0,J3,161,28.87,0.79,7.0,97.5,13,30.0,67.5,2,773.0,180.0,1,2
773.0,J1,161,28.87,0.79,7.0,67.5,9,7.5,60.0,2,773.0,217.5,1,2
774.0,J2,162,28.18,1.02,8.0,112.5,15,30.0,82.5,2,774.0,277.5,1,2
774.0,J3,162,28.18,1.02,8.0,105.0,14,45.0,60.0,2,774.0,187.5,1,2
774.0,J1,162,28.18,1.02,8.0,67.5,9,22.5,45.0,2,774.0,225.0,1,2
775.0,J2,162,27.33,1.27,9.0,127.5,17,45.0,82.5,2,775.0,277.5,1,2
775.0,J3,162,27.33,1.27,9.0,105.0,14,75.0,30.0,2,775.0,187.5,1,2
775.0,J1,162,27.33,1.27,9.0,67.5,9,22.5,45.0,2,775.0,225.0,1,2
776.0,J2,160,26.28,1.55,10.0,142.5,19,45.0,97.5,2,776.0,277.5,1,2
776.0,J3,160,26.28,1.55,10.0,112.5,15,82.5,30.0,2,776.0,187.5,1,2
776.0,J1,160,26.28,1.55,10.0,67.5,9,45.0,22.5,2,776.0,225.0,1,2
777.0,J2,157,25.61,1.87,11.0,150.0,20,67.5,82.5,2,777.0,277.5,1,2
777.0,J3,157,25.61,1.87,11.0,112.5,15,82.5,30.0,2,777.0,187.5,1,2
777.0,J1,157,25.61,1.87,11.0,75.0,10,52.5,22.5,2,777.0,225.0,1,2
778.0,J2,157,25.02,2.2,12.0,172.5,23,82.5,90.0,2,778.0,277.5,1,2
778.0,J3,157,25.02,2.2,12.0,142.5,19,97.5,45.0,2,778.0,187.5,1,2
778.0,J1,157,25.02,2.2,12.0,75.0,10,67.5,7.5,2,778.0,225.0,1,2
779.0,J2,155,24.5,2.6,13.0,195.0,26,112.5,82.5,2,779.0,277.5,1,2
779.0,J3,155,24.5,2.6,13.0,142.5,19,105.0,37.5,2,779.0,187.5,1,2
779.0,J1,155,24.5,2.6,13.0,97.5,13,67.5,30.0,2,779.0,225.0,1,2
780.0,J2,153,23.87,3.03,14.0,210.0,28,127.5,82.5,2,780.0,277.5,1,2
780.0,J3,153,23.87,3.03,14.0,142.5,19,105.0,37.5,2,780.0,187.5,1,2
780.0,J1,153,23.87,3.03,14.0,112.5,15,67.5,45.0,2,780.0,225.0,1,2
781.0,J2,151,23.37,3.5,15.0,225.0,30,142.5,82.5,2,781.0,232.5,1,2
781.0,J3,151,23.37,3.5,15.0,142.5,19,112.5,30.0,2,781.0,142.5,1,2
781.0,J1,151,23.37,3.5,15.0,112.5,15,67.5,45.0,2,781.0,180.0,1,2
782.0,J2,150,22.91,3.97,16.0,240.0,32,150.0,90.0,2,782.0,187.5,1,2
782.0,J3,150,22.91,3.97,16.0,150.0,20,112.5,37.5,2,782.0,105.0,1,2
782.0,J1,150,22.91,3.97,16.0,120.0,16,75.0,45.0,2,782.0,135.0,1,2
783.0,J2,150,22.4,4.43,17.0,240.0,32,172.5,67.5,2,783.0,142.5,1,2
783.0,J3,150,22.4,4.43,17.0,150.0,20,142.5,7.5,2,783.0,67.5,1,2
783.0,J1,150,22.4,4.43,17.0,127.5,17,75.0,52.5,2,783.0,90.0,1,2
784.0,J2,152,22.33,4.84,18.0,247.5,33,195.0,52.5,2,784.0,120.0,1,2
784.0,J3,152,22.33,4.84,18.0,157.5,21,142.5,15.0,2,784.0,30.0,0,2
784.0,J1,152,22.33,4.84,18.0,127.5,17,97.5,30.0,2,784.0,52.5,1,2
785.0,J2,151,21.78,5.35,19.0,247.5,33,210.0,37.5,2,785.0,97.5,1,2
785.0,J3,151,21.78,5.35,19.0,157.5,21,142.5,15.0,2,785.0,7.5,0,2
785.0,J1,151,21.78,5.35,19.0,135.0,18,112.5,22.5,2,785.0,30.0,0,2
786.0,J2,154,22.18,5.73,20.0,255.0,34,225.0,30.0,2,786.0,75.0,1,2
786.0,J3,154,22.18,5.73,20.0,165.0,22,142.5,22.5,2,786.0,7.5,0,2
786.0,J1,154,22.18,5.73,20.0,135.0,18,112.5,22.5,2,786.0,7.5,0,2
787.0,J2,154,21.65,6.21,21.0,262.5,35,240.0,22.5,2,787.0,67.5,1,2
787.0,J3,154,21.65,6.21,21.0,165.0,22,150.0,15.0,2,787.0,7.5,0,2
787.0,J1,154,21.65,6.21,21.0,135.0,18,120.0,15.0,2,787.0,7.5,0,2
788.0,J2,152,21.16,6.79,22.0,262.5,35,240.0,22.5,2,788.0,52.5,1,2
788.0,J3,152,21.16,6.79,22.0,165.0,22,150.0,15.0,2,788.0,7.5,0,2
788.0,J1,152,21.16,6.79,22.0,135.0,18,127.5,7.5,2,788.0,15.0,0,2
789.0,J2,152,20.98,7.3,23.0,270.0,36,247.5,22.5,2,789.0,45.0,1,2
789.0,J3,152,20.98,7.3,23.0,165.0,22,157.5,7.5,2,789.0,7.5,0,2
789.0,J1,152,20.98,7.3,23.0,142.5,19,127.5,15.0,2,789.0,15.0,0,2
790.0,J2,151,20.72,7.85,24.0,270.0,36,247.5,22.5,2,790.0,37.5,1,2
790.0,J3,151,20.72,7.85,24.0,165.0,22,157.5,7.5,2,790.0,7.5,0,2
790.0,J1,151,20.72,7.85,24.0,142.5,19,135.0,7.5,2,790.0,15.0,0,2
791.0,J2,151,20.69,8.37,25.0,270.0,36,255.0,15.0,2,791.0,37.5,1,2
791.0,J3,151,20.69,8.37,25.0,165.0,22,165.0,0.0,2,791.0,7.5,0,2
791.0,J1,151,20.69,8.37,25.0,150.0,20,135.0,15.0,2,791.0,15.0,0,2
792.0,J2,150,20.3,8.95,26.0,270.0,36,262.5,7.5,2,792.0,45.0,1,2
792.0,J3,150,20.3,8.95,26.0,172.5,23,165.0,7.5,2,792.0,7.5,0,2
792.0,J1,150,20.3,8.95,26.0,150.0,20,135.0,15.0,2,792.0,15.0,0,2
793.0,J2,148,19.97,9.61,27.0,270.0,36,262.5,7.5,2,793.0,52.5,1,2
793.0,J3,148,19.97,9.61,27.0,172.5,23,165.0,7.5,2,793.0,7.5,0,2
793.0,J1,148,19.97,9.61,27.0,150.0,20,135.0,15.0,2,793.0,15.0,0,2
794.0,J2,148,19.88,10.15,28.0,270.0,36,270.0,0.0,2,794.0,60.0,1,2
794.0,J3,148,19.88,10.15,28.0,172.5,23,165.0,7.5,2,794.0,7.5,0,2
794.0,J1,148,19.88,10.15,28.0,157.5,21,142.5,15.0,2,794.0,15.0,0,2
795.0,J2,148,19.93,10.7,29.0,277.5,37,270.0,7.5,2,795.0,60.0,1,2
795.0,J3,148,19.93,10.7,29.0,172.5,23,165.0,7.5,2,795.0,7.5,0,2
795.0,J1,148,19.93,10.7,29.0,157.5,21,142.5,15.0,2,795.0,22.5,0,2
796.0,J2,149,20.0,11.17,30.0,277.5,37,270.0,7.5,2,796.0,52.5,1,2
796.0,J3,149,20.0,11.17,30.0,172.5,23,165.0,7.5,2,796.0,15.0,0,2
796.0,J1,149,20.0,11.17,30.0,157.5,21,150.0,7.5,2,796.0,30.0,0,2
797.0,J2,150,20.09,11.63,31.0,277.5,37,270.0,7.5,2,797.0,52.5,1,2
797.0,J3,150,20.09,11.63,31.0,172.5,23,172.5,0.0,2,797.0,15.0,0,2
797.0,J1,150,20.09,11.63,31.0,157.5,21,150.0,7.5,2,797.0,30.0,0,2
798.0,J2,153,20.29,11.93,32.0,277.5,37,270.0,7.5,2,798.0,45.0,1,2
798.0,J3,153,20.29,11.93,32.0,172.5,23,172.5,0.0,2,798.0,15.0,0,2
798.0,J1,153,20.29,11.93,32.0,157.5,21,150.0,7.5,2,798.0,30.0,0,2
799.0,J2,154,20.12,12.39,33.0,277.5,37,270.0,7.5,2,799.0,45.0,1,2
799.0,J3,154,20.12,12.39,33.0,172.5,23,172.5,0.0,2,799.0,15.0,0,2
799.0,J1,154,20.12,12.39,33.0,165.0,22,157.5,7.5,2,799.0,37.5,1,2
800.0,J2,153,19.64,13.01,34.0,277.5,37,277.5,0.0,2,800.0,45.0,1,2
800.0,J3,153,19.64,13.01,34.0,180.0,24,172.5,7.5,2,800.0,15.0,0,2
800.0,J1,153,19.64,13.01,34.0,165.0,22,157.5,7.5,2,800.0,37.5,1,2
801.0,J2,153,19.17,13.56,35.0,277.5,37,277.5,0.0,2,801.0,37.5,1,2
801.0,J3,153,19.17,13.56,35.0,180.0,24,172.5,7.5,2,801.0,15.0,0,2
801.0,J1,153,19.17,13.56,35.0,165.0,22,157.5,7.5,2,801.0,37.5,1,2
802.0,J2,152,18.94,14.19,36.0,277.5,37,277.5,0.0,2,802.0,30.0,0,2
802.0,J3,152,18.94,14.19,36.0,180.0,24,172.5,7.5,2,802.0,15.0,0,2
802.0,J1,152,18.94,14.19,36.0,165.0,22,157.5,7.5,2,802.0,37.5,1,2
803.0,J2,153,18.69,14.65,37.0,277.5,37,277.5,0.0,2,803.0,30.0,0,2
803.0,J3,153,18.69,14.65,37.0,180.0,24,172.5,7.5,2,803.0,15.0,0,2
803.0,J1,153,18.69,14.65,37.0,180.0,24,157.5,22.5,2,803.0,37.5,1,2
804.0,J2,152,18.59,15.32,38.0,277.5,37,277.5,0.0,2,804.0,37.5,1,2
804.0,J3,152,18.59,15.32,38.0,187.5,25,172.5,15.0,2,804.0,15.0,0,2
804.0,J1,152,18.59,15.32,38.0,180.0,24,165.0,15.0,2,804.0,37.5,1,2
805.0,J2,152,18.53,15.89,39.0,285.0,38,277.5,7.5,2,805.0,45.0,1,2
805.0,J3,152,18.53,15.89,39.0,187.5,25,180.0,7.5,2,805.0,15.0,0,2
805.0,J1,152,18.53,15.89,39.0,180.0,24,165.0,15.0,2,805.0,37.5,1,2
806.0,J2,155,19.05,16.14,40.0,285.0,38,277.5,7.5,2,806.0,45.0,1,2
806.0,J3,155,19.05,16.14,40.0,187.5,25,180.0,7.5,2,806.0,15.0,0,2
806.0,J1,155,19.05,16.14,40.0,180.0,24,165.0,15.0,2,806.0,37.5,1,2
807.0,J2,148,17.54,17.5,41.0,285.0,38,277.5,7.5,2,807.0,45.0,1,2
807.0,J3,148,17.54,17.5,41.0,195.0,26,180.0,15.0,2,807.0,15.0,0,2
807.0,J1,148,17.54,17.5,41.0,180.0,24,165.0,15.0,2,807.0,37.5,1,2
808.0,J2,148,17.41,18.09,42.0,285.0,38,277.5,7.5,3,808.0,45.0,1,2
808.0,J3,148,17.41,18.09,42.0,195.0,26,180.0,15.0,3,808.0,15.0,0,2
808.0,J1,148,17.41,18.09,42.0,180.0,24,180.0,0.0,3,808.0,37.5,1,2
809.0,J2,147,16.99,18.82,43.0,285.0,38,277.5,7.5,3,809.0,45.0,1,2
809.0,J3,147,16.99,18.82,43.0,202.5,27,187.5,15.0,3,809.0,15.0,0,2
809.0,J1,147,16.99,18.82,43.0,180.0,24,180.0,0.0,3,809.0,37.5,1,2
810.0,J2,148,16.95,19.3,44.0,285.0,38,285.0,0.0,3,810.0,45.0,1,2
810.0,J3,148,16.95,19.3,44.0,202.5,27,187.5,15.0,3,810.0,15.0,0,2
810.0,J1,148,16.95,19.3,44.0,180.0,24,180.0,0.0,3,810.0,37.5,1,2
811.0,J2,152,18.22,14.5,43.0,240.0,32,285.0,-45.0,0,811.0,52.5,1,2
811.0,J3,152,18.22,14.5,43.0,157.5,21,187.5,-30.0,0,811.0,15.0,0,2
811.0,J1,152,18.22,14.5,43.0,135.0,18,180.0,-45.0,0,811.0,37.5,1,2
812.0,J2,152,19.32,10.43,42.0,195.0,26,285.0,-90.0,0,812.0,52.5,1,2
812.0,J3,152,19.32,10.43,42.0,112.5,15,195.0,-82.5,0,812.0,15.0,0,2
812.0,J1,152,19.32,10.43,42.0,90.0,12,180.0,-90.0,0,812.0,37.5,1,2
813.0,J2,150,20.54,6.99,41.0,157.5,21,285.0,-127.5,0,813.0,52.5,1,2
813.0,J3,150,20.54,6.99,41.0,67.5,9,195.0,-127.5,0,813.0,22.5,0,2
813.0,J1,150,20.54,6.99,41.0,52.5,7,180.0,-127.5,0,813.0,37.5,1,2
814.0,J2,149,22.45,4.15,39.0,112.5,15,285.0,-172.5,0,814.0,52.5,1,2
814.0,J3,149,22.45,4.15,39.0,30.0,4,202.5,-172.5,0,814.0,22.5,0,2
814.0,J1,149,22.45,4.15,39.0,37.5,5,180.0,-142.5,0,814.0,37.5,1,2
815.0,J2,150,25.27,2.04,38.0,67.5,9,285.0,-217.5,0,815.0,60.0,1,2
815.0,J3,150,25.27,2.04,38.0,15.0,2,202.5,-187.5,0,815.0,22.5,0,2
815.0,J1,150,25.27,2.04,38.0,22.5,3,180.0,-157.5,0,815.0,37.5,1,2
816.0,J2,148,28.05,0.81,36.0,45.0,6,240.0,-195.0,0,816.0,60.0,1,2
816.0,J3,148,28.05,0.81,36.0,0.0,0,157.5,-157.5,0,816.0,22.5,0,2
816.0,J1,148,28.05,0.81,36.0,15.0,2,135.0,-120.0,0,816.0,37.5,1,2
817.0,J2,148,30.75,0.14,5.0,22.5,3,195.0,-172.5,0,817.0,60.0,1,2
817.0,J3,148,30.75,0.14,5.0,0.0,0,112.5,-112.5,0,817.0,22.5,0,2
817.0,J1,148,30.75,0.14,5.0,15.0,2,90.0,-75.0,0,817.0,37.5,1,2
818.0,J2,146,32.39,0.19,6.0,22.5,3,157.5,-135.0,0,818.0,60.0,1,2
818.0,J3,146,32.39,0.19,6.0,0.0,0,67.5,-67.5,0,818.0,22.5,0,2
818.0,J1,146,32.39,0.19,6.0,22.5,3,52.5,-30.0,0,818.0,37.5,1,2
819.0,J2,147,34.27,0.24,7.0,30.0,4,112.5,-82.5,0,819.0,60.0,1,2
819.0,J3,147,34.27,0.24,7.0,0.0,0,30.0,-30.0,0,819.0,22.5,0,2
819.0,J1,147,34.27,0.24,7.0,22.5,3,37.5,-15.0,0,819.0,37.5,1,2
820.0,J2,147,35.52,0.3,8.0,30.0,4,67.5,-37.5,0,820.0,60.0,1,2
820.0,J3,147,35.52,0.3,8.0,0.0,0,15.0,-15.0,0,820.0,22.5,0,2
820.0,J1,147,35.52,0.3,8.0,22.5,3,22.5,0.0,0,820.0,37.5,1,2
821.0,J2,148,36.37,0.36,9.0,37.5,5,45.0,-7.5,0,821.0,60.0,1,2
821.0,J3,148,36.37,0.36,9.0,0.0,0,0.0,0.0,0,821.0,22.5,0,2
821.0,J1,148,36.37,0.36,9.0,22.5,3,15.0,7.5,0,821.0,45.0,1,2
822.0,J2,148,36.83,0.43,10.0,45.0,6,22.5,22.5,0,822.0,75.0,1,2
822.0,J3,148,36.83,0.43,10.0,0.0,0,0.0,0.0,0,822.0,22.5,0,2
822.0,J1,148,36.83,0.43,10.0,30.0,4,15.0,15.0,0,822.0,45.0,1,2
823.0,J2,147,37.44,0.5,11.0,37.5,5,22.5,15.0,0,823.0,75.0,1,2
823.0,J3,147,37.44,0.5,11.0,0.0,0,0.0,0.0,0,823.0,30.0,0,2
823.0,J1,147,37.44,0.5,11.0,30.0,4,22.5,7.5,0,823.0,52.5,1,2
824.0,J2,149,38.21,0.56,12.0,37.5,5,30.0,7.5,0,824.0,75.0,1,2
824.0,J3,149,38.21,0.56,12.0,0.0,0,0.0,0.0,0,824.0,30.0,0,2
824.0,J1,149,38.21,0.56,12.0,37.5,5,22.5,15.0,0,824.0,52.5,1,2
825.0,J2,149,38.67,0.54,13.0,30.0,4,30.0,0.0,0,825.0,90.0,1,2
825.0,J3,149,38.67,0.54,13.0,7.5,1,0.0,7.5,0,825.0,30.0,0,2
825.0,J1,149,38.67,0.54,13.0,37.5,5,22.5,15.0,0,825.0,52.5,1,2
826.0,J2,150,38.74,0.57,14.0,22.5,3,37.5,-15.0,0,826.0,60.0,1,2
826.0,J3,150,38.74,0.57,14.0,7.5,1,0.0,7.5,0,826.0,7.5,0,2
826.0,J1,150,38.74,0.57,14.0,37.5,5,22.5,15.0,0,826.0,30.0,0,2
827.0,J2,152,38.88,0.63,15.0,22.5,3,45.0,-22.5,0,827.0,37.5,1,2
827.0,J3,152,38.88,0.63,15.0,7.5,1,0.0,7.5,0,827.0,0.0,0,2
827.0,J1,152,38.88,0.63,15.0,37.5,5,30.0,7.5,0,827.0,15.0,0,2
828.0,J2,153,38.96,0.59,16.0,22.5,3,37.5,-15.0,0,828.0,37.5,1,2
828.0,J3,153,38.96,0.59,16.0,7.5,1,0.0,7.5,0,828.0,0.0,0,2
828.0,J1,153,38.96,0.59,16.0,37.5,5,30.0,7.5,0,828.0,15.0,0,2
829.0,J2,154,39.25,0.56,17.0,15.0,2,37.5,-22.5,0,829.0,22.5,0,2
829.0,J3,154,39.25,0.56,17.0,7.5,1,0.0,7.5,0,829.0,0.0,0,2
829.0,J1,154,39.25,0.56,17.0,37.5,5,37.5,0.0,0,829.0,15.0,0,2
830.0,J2,156,39.54,0.61,18.0,15.0,2,30.0,-15.0,0,830.0,30.0,0,2
830.0,J3,156,39.54,0.61,18.0,15.0,2,7.5,7.5,0,830.0,0.0,0,2
830.0,J1,156,39.54,0.61,18.0,37.5,5,37.5,0.0,0,830.0,30.0,0,2
831.0,J2,156,39.7,0.67,19.0,22.5,3,22.5,0.0,0,831.0,30.0,0,2
831.0,J3,156,39.7,0.67,19.0,15.0,2,7.5,7.5,0,831.0,0.0,0,2
831.0,J1,156,39.7,0.67,19.0,37.5,5,37.5,0.0,0,831.0,37.5,1,2
832.0,J2,158,40.08,0.73,20.0,22.5,3,22.5,0.0,0,832.0,52.5,1,2
832.0,J3,158,40.08,0.73,20.0,15.0,2,7.5,7.5,0,832.0,0.0,0,2
832.0,J1,158,40.08,0.73,20.0,37.5,5,37.5,0.0,0,832.0,37.5,1,2
833.0,J2,159,40.41,0.79,21.0,22.5,3,22.5,0.0,0,833.0,60.0,1,2
833.0,J3,159,40.41,0.79,21.0,15.0,2,7.5,7.5,0,833.0,7.5,0,2
833.0,J1,159,40.41,0.79,21.0,37.5,5,37.5,0.0,0,833.0,37.5,1,2
834.0,J2,159,40.32,0.85,22.0,22.5,3,15.0,7.5,0,834.0,75.0,1,2
834.0,J3,159,40.32,0.85,22.0,15.0,2,7.5,7.5,0,834.0,7.5,0,2
834.0,J1,159,40.32,0.85,22.0,37.5,5,37.5,0.0,0,834.0,45.0,1,2
835.0,J2,159,40.53,0.91,23.0,22.5,3,15.0,7.5,0,835.0,82.5,1,2
835.0,J3,159,40.53,0.91,23.0,15.0,2,15.0,0.0,0,835.0,7.5,0,2
835.0,J1,159,40.53,0.91,23.0,37.5,5,37.5,0.0,0,835.0,52.5,1,2
836.0,J2,161,40.45,0.96,24.0,22.5,3,22.5,0.0,0,836.0,90.0,1,2
836.0,J3,161,40.45,0.96,24.0,15.0,2,15.0,0.0,0,836.0,15.0,0,2
836.0,J1,161,40.45,0.96,24.0,37.5,5,37.5,0.0,0,836.0,52.5,1,2
837.0,J2,160,40.53,1.03,25.0,22.5,3,22.5,0.0,0,837.0,97.5,1,2
837.0,J3,160,40.53,1.03,25.0,15.0,2,15.0,0.0,0,837.0,30.0,0,2
837.0,J1,160,40.53,1.03,25.0,37.5,5,37.5,0.0,0,837.0,52.5,1,2
838.0,J2,159,40.35,1.11,26.0,22.5,3,22.5,0.0,0,838.0,97.5,1,2
838.0,J3,159,40.35,1.11,26.0,15.0,2,15.0,0.0,0,838.0,30.0,0,2
838.0,J1,159,40.35,1.11,26.0,45.0,6,37.5,7.5,0,838.0,52.5,1,2
839.0,J2,159,40.23,1.18,27.0,22.5,3,22.5,0.0,0,839.0,105.0,1,2
839.0,J3,159,40.23,1.18,27.0,15.0,2,15.0,0.0,0,839.0,37.5,1,2
839.0,J1,159,40.23,1.18,27.0,45.0,6,37.5,7.5,0,839.0,52.5,1,2
840.0,J2,159,40.18,1.25,28.0,22.5,3,22.5,0.0,0,840.0,112.5,1,2
840.0,J3,159,40.18,1.25,28.0,22.5,3,15.0,7.5,0,840.0,45.0,1,2
840.0,J1,159,40.18,1.25,28.0,45.0,6,37.5,7.5,0,840.0,75.0,1,2
841.0,J2,159,39.88,1.33,29.0,30.0,4,22.5,7.5,0,841.0,135.0,1,2
841.0,J3,159,39.88,1.33,29.0,22.5,3,15.0,7.5,0,841.0,60.0,1,2
841.0,J1,159,39.88,1.33,29.0,45.0,6,37.5,7.5,0,841.0,75.0,1,2
842.0,J2,158,39.89,1.42,30.0,30.0,4,22.5,7.5,0,842.0,142.5,1,2
842.0,J3,158,39.89,1.42,30.0,22.5,3,15.0,7.5,0,842.0,67.5,1,2
842.0,J1,158,39.89,1.42,30.0,45.0,6,37.5,7.5,0,842.0,75.0,1,2
843.0,J2,158,39.48,1.51,31.0,30.0,4,22.5,7.5,0,843.0,165.0,1,2
843.0,J3,158,39.48,1.51,31.0,22.5,3,15.0,7.5,0,843.0,75.0,1,2
843.0,J1,158,39.48,1.51,31.0,45.0,6,45.0,0.0,0,843.0,75.0,1,2
844.0,J2,161,39.22,1.57,32.0,37.5,5,22.5,15.0,0,844.0,172.5,1,2
844.0,J3,161,39.22,1.57,32.0,22.5,3,15.0,7.5,0,844.0,90.0,1,2
844.0,J1,161,39.22,1.57,32.0,52.5,7,45.0,7.5,0,844.0,75.0,1,2
845.0,J2,161,38.84,1.67,33.0,45.0,6,22.5,22.5,0,845.0,187.5,1,2
845.0,J3,161,38.84,1.67,33.0,22.5,3,22.5,0.0,0,845.0,105.0,1,2
845.0,J1,161,38.84,1.67,33.0,52.5,7,45.0,7.5,0,845.0,82.5,1,2
846.0,J2,162,38.42,1.76,34.0,45.0,6,30.0,15.0,0,846.0,187.5,1,2
846.0,J3,162,38.42,1.76,34.0,22.5,3,22.5,0.0,0,846.0,112.5,1,2
846.0,J1,162,38.42,1.76,34.0,52.5,7,45.0,7.5,0,846.0,82.5,1,2
847.0,J2,162,38.36,1.86,35.0,52.5,7,30.0,22.5,0,847.0,195.0,1,2
847.0,J3,162,38.36,1.86,35.0,22.5,3,22.5,0.0,0,847.0,142.5,1,2
847.0,J1,162,38.36,1.86,35.0,52.5,7,45.0,7.5,0,847.0,82.5,1,2
848.0,J2,164,38.38,1.96,36.0,52.5,7,30.0,22.5,0,848.0,202.5,1,2
848.0,J3,164,38.38,1.96,36.0,22.5,3,22.5,0.0,0,848.0,142.5,1,2
848.0,J1,164,38.38,1.96,36.0,67.5,9,45.0,22.5,0,848.0,82.5,1,2
849.0,J2,165,38.44,2.07,37.0,60.0,8,37.5,22.5,0,849.0,202.5,1,2
849.0,J3,165,38.44,2.07,37.0,22.5,3,22.5,0.0,0,849.0,157.5,1,2
849.0,J1,165,38.44,2.07,37.0,67.5,9,52.5,15.0,0,849.0,82.5,1,2
850.0,J2,165,38.48,2.19,38.0,60.0,8,45.0,15.0,0,850.0,217.5,1,2
850.0,J3,165,38.48,2.19,38.0,22.5,3,22.5,0.0,0,850.0,165.0,1,2
850.0,J1,165,38.48,2.19,38.0,67.5,9,52.5,15.0,0,850.0,82.5,1,2
851.0,J2,168,38.32,2.27,39.0,67.5,9,45.0,22.5,0,851.0,217.5,1,2
851.0,J3,168,38.32,2.27,39.0,22.5,3,22.5,0.0,0,851.0,180.0,1,2
851.0,J1,168,38.32,2.27,39.0,67.5,9,52.5,15.0,0,851.0,82.5,1,2
852.0,J2,167,38.06,2.41,40.0,67.5,9,52.5,15.0,0,852.0,225.0,1,2
852.0,J3,167,38.06,2.41,40.0,22.5,3,22.5,0.0,0,852.0,180.0,1,2
852.0,J1,167,38.06,2.41,40.0,67.5,9,52.5,15.0,0,852.0,82.5,1,2
853.0,J2,167,37.79,2.54,41.0,67.5,9,52.5,15.0,1,853.0,225.0,1,2
853.0,J3,167,37.79,2.54,41.0,22.5,3,22.5,0.0,1,853.0,187.5,1,2
853.0,J1,167,37.79,2.54,41.0,67.5,9,67.5,0.0,1,853.0,82.5,1,2
854.0,J2,165,37.4,2.71,42.0,82.5,11,60.0,22.5,1,854.0,232.5,1,2
854.0,J3,165,37.4,2.71,42.0,22.5,3,22.5,0.0,1,854.0,195.0,1,2
854.0,J1,165,37.4,2.71,42.0,67.5,9,67.5,0.0,1,854.0,82.5,1,2
855.0,J2,162,36.54,2.91,43.0,82.5,11,60.0,22.5,1,855.0,232.5,1,2
855.0,J3,162,36.54,2.91,43.0,22.5,3,22.5,0.0,1,855.0,195.0,1,2
855.0,J1,162,36.54,2.91,43.0,75.0,10,67.5,7.5,1,855.0,82.5,1,2
856.0,J2,160,36.26,0.9,33.0,52.5,7,67.5,-15.0,2,856.0,240.0,1,2
856.0,J3,160,36.26,0.9,33.0,0.0,0,22.5,-22.5,2,856.0,217.5,1,2
856.0,J1,160,36.26,0.9,33.0,45.0,6,67.5,-22.5,2,856.0,82.5,1,2
857.0,J2,156,35.73,0.37,14.0,37.5,5,67.5,-30.0,2,857.0,255.0,1,2
857.0,J3,156,35.73,0.37,14.0,7.5,1,22.5,-15.0,2,857.0,232.5,1,2
857.0,J1,156,35.73,0.37,14.0,15.0,2,67.5,-52.5,2,857.0,82.5,1,2
858.0,J2,155,35.3,0.1,5.0,22.5,3,67.5,-45.0,2,858.0,255.0,1,2
858.0,J3,155,35.3,0.1,5.0,7.5,1,22.5,-15.0,2,858.0,240.0,1,2
858.0,J1,155,35.3,0.1,5.0,7.5,1,67.5,-60.0,2,858.0,82.5,1,2
859.0,J2,151,34.73,0.08,3.0,30.0,4,82.5,-52.5,2,859.0,255.0,1,2
859.0,J3,151,34.73,0.08,3.0,7.5,1,22.5,-15.0,2,859.0,262.5,1,2
859.0,J1,151,34.73,0.08,3.0,15.0,2,67.5,-52.5,2,859.0,82.5,1,2
860.0,J2,152,34.82,0.14,4.0,37.5,5,82.5,-45.0,2,860.0,270.0,1,2
860.0,J3,152,34.82,0.14,4.0,15.0,2,22.5,-7.5,2,860.0,270.0,1,2
860.0,J1,152,34.82,0.14,4.0,30.0,4,75.0,-45.0,2,860.0,82.5,1,2
861.0,J2,150,34.39,0.24,5.0,45.0,6,52.5,-7.5,2,861.0,270.0,1,2
861.0,J3,150,34.39,0.24,5.0,22.5,3,0.0,22.5,2,861.0,270.0,1,2
861.0,J1,150,34.39,0.24,5.0,37.5,5,45.0,-7.5,2,861.0,90.0,1,2
862.0,J2,151,34.05,0.35,6.0,60.0,8,37.5,22.5,2,862.0,270.0,1,2
862.0,J3,151,34.05,0.35,6.0,22.5,3,7.5,15.0,2,862.0,277.5,1,2
862.0,J1,151,34.05,0.35,6.0,45.0,6,15.0,30.0,2,862.0,97.5,1,2
863.0,J2,153,33.42,0.46,7.0,60.0,8,22.5,37.5,2,863.0,270.0,1,2
863.0,J3,153,33.42,0.46,7.0,22.5,3,7.5,15.0,2,863.0,277.5,1,2
863.0,J1,153,33.42,0.46,7.0,52.5,7,7.5,45.0,2,863.0,97.5,1,2
864.0,J2,152,32.39,0.62,8.0,67.5,9,30.0,37.5,2,864.0,270.0,1,2
864.0,J3,152,32.39,0.62,8.0,45.0,6,7.5,37.5,2,864.0,277.5,1,2
864.0,J1,152,32.39,0.62,8.0,67.5,9,15.0,52.5,2,864.0,105.0,1,2
865.0,J2,151,30.96,0.79,9.0,67.5,9,37.5,30.0,2,865.0,270.0,1,2
865.0,J3,151,30.96,0.79,9.0,52.5,7,15.0,37.5,2,865.0,285.0,1,2
865.0,J1,151,30.96,0.79,9.0,67.5,9,30.0,37.5,2,865.0,105.0,1,2
866.0,J2,150,29.97,1.02,10.0,75.0,10,45.0,30.0,2,866.0,270.0,1,2
866.0,J3,150,29.97,1.02,10.0,90.0,12,22.5,67.5,2,866.0,285.0,1,2
866.0,J1,150,29.97,1.02,10.0,82.5,11,37.5,45.0,2,866.0,112.5,1,2
867.0,J2,150,29.68,1.26,11.0,82.5,11,60.0,22.5,2,867.0,270.0,1,2
867.0,J3,150,29.68,1.26,11.0,97.5,13,22.5,75.0,2,867.0,285.0,1,2
867.0,J1,150,29.68,1.26,11.0,90.0,12,45.0,45.0,2,867.0,120.0,1,2
868.0,J2,151,29.26,1.54,12.0,105.0,14,60.0,45.0,2,868.0,270.0,1,2
868.0,J3,151,29.26,1.54,12.0,120.0,16,22.5,97.5,2,868.0,285.0,1,2
868.0,J1,151,29.26,1.54,12.0,105.0,14,52.5,52.5,2,868.0,120.0,1,2
869.0,J2,151,29.03,1.86,13.0,112.5,15,67.5,45.0,2,869.0,270.0,1,2
869.0,J3,151,29.03,1.86,13.0,127.5,17,45.0,82.5,2,869.0,285.0,1,2
869.0,J1,151,29.03,1.86,13.0,120.0,16,67.5,52.5,2,869.0,120.0,1,2
870.0,J2,151,28.71,2.19,14.0,112.5,15,67.5,45.0,2,870.0,270.0,1,2
870.0,J3,151,28.71,2.19,14.0,135.0,18,52.5,82.5,2,870.0,285.0,1,2
870.0,J1,151,28.71,2.19,14.0,120.0,16,67.5,52.5,2,870.0,127.5,1,2
871.0,J2,153,28.26,2.5,15.0,120.0,16,75.0,45.0,2,871.0,225.0,1,2
871.0,J3,153,28.26,2.5,15.0,150.0,20,90.0,60.0,2,871.0,240.0,1,2
871.0,J1,153,28.26,2.5,15.0,120.0,16,82.5,37.5,2,871.0,97.5,1,2
872.0,J2,152,27.58,2.87,16.0,120.0,16,82.5,37.5,2,872.0,180.0,1,2
872.0,J3,152,27.58,2.87,16.0,157.5,21,97.5,60.0,2,872.0,195.0,1,2
872.0,J1,152,27.58,2.87,16.0,127.5,17,90.0,37.5,2,872.0,52.5,1,2
873.0,J2,152,26.96,3.23,17.0,120.0,16,105.0,15.0,2,873.0,135.0,1,2
873.0,J3,152,26.96,3.23,17.0,165.0,22,120.0,45.0,2,873.0,150.0,1,2
873.0,J1,152,26.96,3.23,17.0,127.5,17,105.0,22.5,2,873.0,15.0,0,2
874.0,J2,153,26.21,3.58,18.0,127.5,17,112.5,15.0,2,874.0,97.5,1,2
874.0,J3,153,26.21,3.58,18.0,172.5,23,127.5,45.0,2,874.0,120.0,1,2
874.0,J1,153,26.21,3.58,18.0,127.5,17,120.0,7.5,2,874.0,7.5,0,2
875.0,J2,152,25.48,4.0,19.0,135.0,18,112.5,22.5,2,875.0,67.5,1,2
875.0,J3,152,25.48,4.0,19.0,180.0,24,135.0,45.0,2,875.0,97.5,1,2
875.0,J1,152,25.48,4.0,19.0,135.0,18,120.0,15.0,2,875.0,7.5,0,2
876.0,J2,154,25.75,4.36,20.0,142.5,19,120.0,22.5,2,876.0,45.0,1,2
876.0,J3,154,25.75,4.36,20.0,187.5,25,150.0,37.5,2,876.0,82.5,1,2
876.0,J1,154,25.75,4.36,20.0,142.5,19,120.0,22.5,2,876.0,7.5,0,2
877.0,J2,155,25.61,4.75,21.0,142.5,19,120.0,22.5,2,877.0,22.5,0,2
877.0,J3,155,25.61,4.75,21.0,202.5,27,157.5,45.0,2,877.0,60.0,1,2
877.0,J1,155,25.61,4.75,21.0,142.5,19,127.5,15.0,2,877.0,7.5,0,2
878.0,J2,157,25.43,5.11,22.0,150.0,20,120.0,30.0,2,878.0,7.5,0,2
878.0,J3,157,25.43,5.11,22.0,202.5,27,165.0,37.5,2,878.0,45.0,1,2
878.0,J1,157,25.43,5.11,22.0,142.5,19,127.5,15.0,2,878.0,7.5,0,2
879.0,J2,159,25.57,5.47,23.0,157.5,21,127.5,30.0,2,879.0,15.0,0,2
879.0,J3,159,25.57,5.47,23.0,202.5,27,172.5,30.0,2,879.0,30.0,0,2
879.0,J1,159,25.57,5.47,23.0,142.5,19,127.5,15.0,2,879.0,7.5,0,2
880.0,J2,160,25.38,5.85,24.0,157.5,21,135.0,22.5,2,880.0,15.0,0,2
880.0,J3,160,25.38,5.85,24.0,202.5,27,180.0,22.5,2,880.0,30.0,0,2
880.0,J1,160,25.38,5.85,24.0,142.5,19,135.0,7.5,2,880.0,7.5,0,2
881.0,J2,160,25.39,6.28,25.0,165.0,22,142.5,22.5,2,881.0,15.0,0,2
881.0,J3,160,25.39,6.28,25.0,202.5,27,187.5,15.0,2,881.0,22.5,0,2
881.0,J1,160,25.39,6.28,25.0,142.5,19,142.5,0.0,2,881.0,7.5,0,2
882.0,J2,162,25.33,6.62,26.0,165.0,22,142.5,22.5,2,882.0,15.0,0,2
882.0,J3,162,25.33,6.62,26.0,202.5,27,202.5,0.0,2,882.0,15.0,0,2
882.0,J1,162,25.33,6.62,26.0,142.5,19,142.5,0.0,2,882.0,7.5,0,2
883.0,J2,162,24.65,7.05,27.0,180.0,24,150.0,30.0,2,883.0,15.0,0,2
883.0,J3,162,24.65,7.05,27.0,202.5,27,202.5,0.0,2,883.0,7.5,0,2
883.0,J1,162,24.65,7.05,27.0,142.5,19,142.5,0.0,2,883.0,7.5,0,2
884.0,J2,163,24.07,7.44,28.0,180.0,24,157.5,22.5,2,884.0,15.0,0,2
884.0,J3,163,24.07,7.44,28.0,202.5,27,202.5,0.0,2,884.0,7.5,0,2
884.0,J1,163,24.07,7.44,28.0,142.5,19,142.5,0.0,2,884.0,7.5,0,2
885.0,J2,164,23.74,7.84,29.0,195.0,26,157.5,37.5,2,885.0,15.0,0,2
885.0,J3,164,23.74,7.84,29.0,202.5,27,202.5,0.0,2,885.0,7.5,0,2
885.0,J1,164,23.74,7.84,29.0,150.0,20,142.5,7.5,2,885.0,7.5,0,2
886.0,J2,165,23.49,8.25,30.0,202.5,27,165.0,37.5,2,886.0,15.0,0,2
886.0,J3,165,23.49,8.25,30.0,217.5,29,202.5,15.0,2,886.0,7.5,0,2
886.0,J1,165,23.49,8.25,30.0,150.0,20,142.5,7.5,2,886.0,7.5,0,2
887.0,J2,166,22.81,8.66,31.0,202.5,27,165.0,37.5,2,887.0,15.0,0,2
887.0,J3,166,22.81,8.66,31.0,225.0,30,202.5,22.5,2,887.0,7.5,0,2
887.0,J1,166,22.81,8.66,31.0,150.0,20,142.5,7.5,2,887.0,7.5,0,2
888.0,J2,166,22.02,9.14,32.0,202.5,27,180.0,22.5,2,888.0,15.0,0,2
888.0,J3,166,22.02,9.14,32.0,240.0,32,202.5,37.5,2,888.0,7.5,0,2
888.0,J1,166,22.02,9.14,32.0,150.0,20,142.5,7.5,2,888.0,7.5,0,2
889.0,J2,166,21.63,9.61,33.0,202.5,27,180.0,22.5,2,889.0,15.0,0,2
889.0,J3,166,21.63,9.61,33.0,240.0,32,202.5,37.5,2,889.0,7.5,0,2
889.0,J1,166,21.63,9.61,33.0,150.0,20,142.5,7.5,2,889.0,7.5,0,2
890.0,J2,165,21.13,10.19,34.0,202.5,27,195.0,7.5,2,890.0,15.0,0,2
890.0,J3,165,21.13,10.19,34.0,255.0,34,202.5,52.5,2,890.0,7.5,0,2
890.0,J1,165,21.13,10.19,34.0,180.0,24,150.0,30.0,2,890.0,15.0,0,2
891.0,J2,163,20.61,10.83,35.0,202.5,27,202.5,0.0,2,891.0,15.0,0,2
891.0,J3,163,20.61,10.83,35.0,255.0,34,217.5,37.5,2,891.0,7.5,0,2
891.0,J1,163,20.61,10.83,35.0,180.0,24,150.0,30.0,2,891.0,15.0,0,2
892.0,J2,161,20.24,11.51,36.0,202.5,27,202.5,0.0,2,892.0,22.5,0,2
892.0,J3,161,20.24,11.51,36.0,262.5,35,225.0,37.5,2,892.0,7.5,0,2
892.0,J1,161,20.24,11.51,36.0,187.5,25,150.0,37.5,2,892.0,22.5,0,2
893.0,J2,162,20.37,11.98,37.0,202.5,27,202.5,0.0,2,893.0,22.5,0,2
893.0,J3,162,20.37,11.98,37.0,262.5,35,240.0,22.5,2,893.0,7.5,0,2
893.0,J1,162,20.37,11.98,37.0,187.5,25,150.0,37.5,2,893.0,22.5,0,2
894.0,J2,165,20.87,12.29,38.0,202.5,27,202.5,0.0,2,894.0,22.5,0,2
894.0,J3,165,20.87,12.29,38.0,262.5,35,240.0,22.5,2,894.0,7.5,0,2
894.0,J1,165,20.87,12.29,38.0,195.0,26,150.0,45.0,2,894.0,22.5,0,2
895.0,J2,166,20.86,12.75,39.0,202.5,27,202.5,0.0,2,895.0,22.5,0,2
895.0,J3,166,20.86,12.75,39.0,262.5,35,255.0,7.5,2,895.0,7.5,0,2
895.0,J1,166,20.86,12.75,39.0,202.5,27,180.0,22.5,2,895.0,22.5,0,2
896.0,J2,165,20.67,13.37,40.0,202.5,27,202.5,0.0,2,896.0,22.5,0,2
896.0,J3,165,20.67,13.37,40.0,262.5,35,255.0,7.5,2,896.0,7.5,0,2
896.0,J1,165,20.67,13.37,40.0,202.5,27,180.0,22.5,2,896.0,22.5,0,2
897.0,J2,161,19.83,14.25,41.0,202.5,27,202.5,0.0,2,897.0,22.5,0,2
897.0,J3,161,19.83,14.25,41.0,262.5,35,262.5,0.0,2,897.0,15.0,0,2
897.0,J1,161,19.83,14.25,41.0,202.5,27,187.5,15.0,2,897.0,30.0,0,2
898.0,J2,160,19.71,14.9,42.0,202.5,27,202.5,0.0,3,898.0,22.5,0,2
898.0,J3,160,19.71,14.9,42.0,262.5,35,262.5,0.0,3,898.0,15.0,0,2
898.0,J1,160,19.71,14.9,42.0,202.5,27,187.5,15.0,3,898.0,30.0,0,2
899.0,J2,157,19.13,15.75,43.0,202.5,27,202.5,0.0,3,899.0,22.5,0,2
899.0,J3,157,19.13,15.75,43.0,262.5,35,262.5,0.0,3,899.0,15.0,0,2
899.0,J1,157,19.13,15.75,43.0,202.5,27,195.0,7.5,3,899.0,30.0,0,2
900.0,J2,155,18.46,16.54,44.0,202.5,27,202.5,0.0,3,900.0,22.5,0,2
900.0,J3,155,18.46,16.54,44.0,270.0,36,262.5,7.5,3,900.0,15.0,0,2
900.0,J1,155,18.46,16.54,44.0,202.5,27,202.5,0.0,3,900.0,30.0,0,2
901.0,J2,153,18.59,12.56,42.0,157.5,21,202.5,-45.0,0,901.0,22.5,0,2
901.0,J3,153,18.59,12.56,42.0,225.0,30,262.5,-37.5,0,901.0,15.0,0,2
901.0,J1,153,18.59,12.56,42.0,157.5,21,202.5,-45.0,0,901.0,30.0,0,2
902.0,J2,151,19.37,8.89,40.0,112.5,15,202.5,-90.0,0,902.0,22.5,0,2
902.0,J3,151,19.37,8.89,40.0,180.0,24,262.5,-82.5,0,902.0,15.0,0,2
902.0,J1,151,19.37,8.89,40.0,112.5,15,202.5,-90.0,0,902.0,30.0,0,2
903.0,J2,150,20.78,5.6,36.0,67.5,9,202.5,-135.0,0,903.0,22.5,0,2
903.0,J3,150,20.78,5.6,36.0,135.0,18,262.5,-127.5,0,903.0,15.0,0,2
903.0,J1,150,20.78,5.6,36.0,67.5,9,202.5,-135.0,0,903.0,37.5,1,2
904.0,J2,148,22.78,2.94,33.0,45.0,6,202.5,-157.5,0,904.0,22.5,0,2
904.0,J3,148,22.78,2.94,33.0,90.0,12,262.5,-172.5,0,904.0,15.0,0,2
904.0,J1,148,22.78,2.94,33.0,45.0,6,202.5,-157.5,0,904.0,37.5,1,2
905.0,J2,146,24.98,1.21,29.0,22.5,3,202.5,-180.0,0,905.0,22.5,0,2
905.0,J3,146,24.98,1.21,29.0,52.5,7,270.0,-217.5,0,905.0,15.0,0,2
905.0,J1,146,24.98,1.21,29.0,22.5,3,202.5,-180.0,0,905.0,37.5,1,2
906.0,J2,145,27.7,0.45,20.0,22.5,3,157.5,-135.0,0,906.0,22.5,0,2
906.0,J3,145,27.7,0.45,20.0,30.0,4,225.0,-195.0,0,906.0,15.0,0,2
906.0,J1,145,27.7,0.45,20.0,0.0,0,157.5,-157.5,0,906.0,45.0,1,2
907.0,J2,146,30.3,0.1,4.0,22.5,3,112.5,-90.0,0,907.0,22.5,0,2
907.0,J3,146,30.3,0.1,4.0,7.5,1,180.0,-172.5,0,907.0,22.5,0,2
907.0,J1,146,30.3,0.1,4.0,0.0,0,112.5,-112.5,0,907.0,45.0,1,2
908.0,J2,146,32.24,0.14,5.0,22.5,3,67.5,-45.0,0,908.0,22.5,0,2
908.0,J3,146,32.24,0.14,5.0,7.5,1,135.0,-127.5,0,908.0,22.5,0,2
908.0,J1,146,32.24,0.14,5.0,7.5,1,67.5,-60.0,0,908.0,45.0,1,2
909.0,J2,147,34.05,0.18,6.0,22.5,3,45.0,-22.5,0,909.0,22.5,0,2
909.0,J3,147,34.05,0.18,6.0,15.0,2,90.0,-75.0,0,909.0,22.5,0,2
909.0,J1,147,34.05,0.18,6.0,7.5,1,45.0,-37.5,0,909.0,45.0,1,2
910.0,J2,148,35.32,0.22,7.0,30.0,4,22.5,7.5,0,910.0,22.5,0,2
910.0,J3,148,35.32,0.22,7.0,15.0,2,52.5,-37.5,0,910.0,22.5,0,2
910.0,J1,148,35.32,0.22,7.0,7.5,1,22.5,-15.0,0,910.0,45.0,1,2
911.0,J2,150,36.79,0.27,8.0,30.0,4,22.5,7.5,0,911.0,22.5,0,2
911.0,J3,150,36.79,0.27,8.0,15.0,2,30.0,-15.0,0,911.0,22.5,0,2
911.0,J1,150,36.79,0.27,8.0,7.5,1,0.0,7.5,0,911.0,45.0,1,2
912.0,J2,150,37.73,0.32,9.0,37.5,5,22.5,15.0,0,912.0,22.5,0,2
912.0,J3,150,37.73,0.32,9.0,15.0,2,7.5,7.5,0,912.0,22.5,0,2
912.0,J1,150,37.73,0.32,9.0,7.5,1,0.0,7.5,0,912.0,45.0,1,2
913.0,J2,151,38.54,0.37,10.0,37.5,5,22.5,15.0,0,913.0,22.5,0,2
913.0,J3,151,38.54,0.37,10.0,15.0,2,7.5,7.5,0,913.0,22.5,0,2
913.0,J1,151,38.54,0.37,10.0,7.5,1,7.5,0.0,0,913.0,45.0,1,2
914.0,J2,150,39.25,0.43,11.0,37.5,5,22.5,15.0,0,914.0,22.5,0,2
914.0,J3,150,39.25,0.43,11.0,15.0,2,15.0,0.0,0,914.0,22.5,0,2
914.0,J1,150,39.25,0.43,11.0,7.5,1,7.5,0.0,0,914.0,45.0,1,2
915.0,J2,152,39.9,0.48,12.0,45.0,6,30.0,15.0,0,915.0,22.5,0,2
915.0,J3,152,39.9,0.48,12.0,15.0,2,15.0,0.0,0,915.0,30.0,0,2
915.0,J1,152,39.9,0.48,12.0,7.5,1,7.5,0.0,0,915.0,52.5,1,2
916.0,J2,154,40.12,0.54,13.0,45.0,6,30.0,15.0,0,916.0,0.0,0,2
916.0,J3,154,40.12,0.54,13.0,15.0,2,15.0,0.0,0,916.0,7.5,0,2
916.0,J1,154,40.12,0.54,13.0,15.0,2,7.5,7.5,0,916.0,22.5,0,2
917.0,J2,153,40.25,0.61,14.0,45.0,6,37.5,7.5,0,917.0,15.0,0,2
917.0,J3,153,40.25,0.61,14.0,22.5,3,15.0,7.5,0,917.0,7.5,0,2
917.0,J1,153,40.25,0.61,14.0,15.0,2,7.5,7.5,0,917.0,22.5,0,2
918.0,J2,150,39.86,0.7,15.0,45.0,6,37.5,7.5,0,918.0,37.5,1,2
918.0,J3,150,39.86,0.7,15.0,22.5,3,15.0,7.5,0,918.0,7.5,0,2
918.0,J1,150,39.86,0.7,15.0,15.0,2,7.5,7.5,0,918.0,30.0,0,2
919.0,J2,151,40.07,0.77,16.0,45.0,6,37.5,7.5,0,919.0,37.5,1,2
919.0,J3,151,40.07,0.77,16.0,22.5,3,15.0,7.5,0,919.0,30.0,0,2
919.0,J1,151,40.07,0.77,16.0,15.0,2,7.5,7.5,0,919.0,30.0,0,2
920.0,J2,151,40.02,0.84,17.0,45.0,6,45.0,0.0,0,920.0,45.0,1,2
920.0,J3,151,40.02,0.84,17.0,22.5,3,15.0,7.5,0,920.0,30.0,0,2
920.0,J1,151,40.02,0.84,17.0,15.0,2,7.5,7.5,0,920.0,45.0,1,2
921.0,J2,152,39.6,0.91,18.0,52.5,7,45.0,7.5,0,921.0,52.5,1,2
921.0,J3,152,39.6,0.91,18.0,22.5,3,15.0,7.5,0,921.0,37.5,1,2
921.0,J1,152,39.6,0.91,18.0,15.0,2,15.0,0.0,0,921.0,52.5,1,2
922.0,J2,153,39.66,0.99,19.0,52.5,7,45.0,7.5,0,922.0,75.0,1,2
922.0,J3,153,39.66,0.99,19.0,22.5,3,22.5,0.0,0,922.0,37.5,1,2
922.0,J1,153,39.66,0.99,19.0,15.0,2,15.0,0.0,0,922.0,52.5,1,2
923.0,J2,153,39.18,1.07,20.0,60.0,8,45.0,15.0,0,923.0,90.0,1,2
923.0,J3,153,39.18,1.07,20.0,22.5,3,22.5,0.0,0,923.0,37.5,1,2
923.0,J1,153,39.18,1.07,20.0,15.0,2,15.0,0.0,0,923.0,67.5,1,2
924.0,J2,154,39.0,1.16,21.0,67.5,9,45.0,22.5,0,924.0,97.5,1,2
924.0,J3,154,39.0,1.16,21.0,22.5,3,22.5,0.0,0,924.0,52.5,1,2
924.0,J1,154,39.0,1.16,21.0,15.0,2,15.0,0.0,0,924.0,75.0,1,2
925.0,J2,155,39.12,1.24,22.0,67.5,9,45.0,22.5,0,925.0,127.5,1,2
925.0,J3,155,39.12,1.24,22.0,22.5,3,22.5,0.0,0,925.0,60.0,1,2
925.0,J1,155,39.12,1.24,22.0,15.0,2,15.0,0.0,0,925.0,75.0,1,2
926.0,J2,155,39.03,1.34,23.0,82.5,11,52.5,30.0,0,926.0,135.0,1,2
926.0,J3,155,39.03,1.34,23.0,22.5,3,22.5,0.0,0,926.0,75.0,1,2
926.0,J1,155,39.03,1.34,23.0,15.0,2,15.0,0.0,0,926.0,90.0,1,2
927.0,J2,154,39.08,1.45,24.0,82.5,11,52.5,30.0,0,927.0,150.0,1,2
927.0,J3,154,39.08,1.45,24.0,22.5,3,22.5,0.0,0,927.0,82.5,1,2
927.0,J1,154,39.08,1.45,24.0,15.0,2,15.0,0.0,0,927.0,105.0,1,2
928.0,J2,154,39.04,1.56,25.0,82.5,11,60.0,22.5,0,928.0,157.5,1,2
928.0,J3,154,39.04,1.56,25.0,22.5,3,22.5,0.0,0,928.0,90.0,1,2
928.0,J1,154,39.04,1.56,25.0,15.0,2,15.0,0.0,0,928.0,112.5,1,2
929.0,J2,156,39.09,1.64,26.0,82.5,11,67.5,15.0,0,929.0,165.0,1,2
929.0,J3,156,39.09,1.64,26.0,22.5,3,22.5,0.0,0,929.0,90.0,1,2
929.0,J1,156,39.09,1.64,26.0,15.0,2,15.0,0.0,0,929.0,120.0,1,2
930.0,J2,157,38.96,1.73,27.0,82.5,11,67.5,15.0,0,930.0,165.0,1,2
930.0,J3,157,38.96,1.73,27.0,22.5,3,22.5,0.0,0,930.0,90.0,1,2
930.0,J1,157,38.96,1.73,27.0,15.0,2,15.0,0.0,0,930.0,120.0,1,2
931.0,J2,159,39.13,1.81,28.0,82.5,11,82.5,0.0,0,931.0,165.0,1,2
931.0,J3,159,39.13,1.81,28.0,22.5,3,22.5,0.0,0,931.0,90.0,1,2
931.0,J1,159,39.13,1.81,28.0,15.0,2,15.0,0.0,0,931.0,135.0,1,2
932.0,J2,159,38.85,1.91,29.0,82.5,11,82.5,0.0,0,932.0,172.5,1,2
932.0,J3,159,38.85,1.91,29.0,22.5,3,22.5,0.0,0,932.0,90.0,1,2
932.0,J1,159,38.85,1.91,29.0,15.0,2,15.0,0.0,0,932.0,142.5,1,2
933.0,J2,160,38.91,2.01,30.0,90.0,12,82.5,7.5,0,933.0,187.5,1,2
933.0,J3,160,38.91,2.01,30.0,22.5,3,22.5,0.0,0,933.0,97.5,1,2
933.0,J1,160,38.91,2.01,30.0,15.0,2,15.0,0.0,0,933.0,150.0,1,2
934.0,J2,160,38.89,2.11,31.0,90.0,12,82.5,7.5,0,934.0,195.0,1,2
934.0,J3,160,38.89,2.11,31.0,22.5,3,22.5,0.0,0,934.0,97.5,1,2
934.0,J1,160,38.89,2.11,31.0,15.0,2,15.0,0.0,0,934.0,172.5,1,2
935.0,J2,160,38.91,2.22,32.0,90.0,12,82.5,7.5,0,935.0,217.5,1,2
935.0,J3,160,38.91,2.22,32.0,22.5,3,22.5,0.0,0,935.0,97.5,1,2
935.0,J1,160,38.91,2.22,32.0,15.0,2,15.0,0.0,0,935.0,172.5,1,2
936.0,J2,158,38.69,2.35,33.0,90.0,12,82.5,7.5,0,936.0,217.5,1,2
936.0,J3,158,38.69,2.35,33.0,22.5,3,22.5,0.0,0,936.0,97.5,1,2
936.0,J1,158,38.69,2.35,33.0,15.0,2,15.0,0.0,0,936.0,180.0,1,2
937.0,J2,158,38.78,2.46,34.0,90.0,12,82.5,7.5,0,937.0,232.5,1,2
937.0,J3,158,38.78,2.46,34.0,22.5,3,22.5,0.0,0,937.0,97.5,1,2
937.0,J1,158,38.78,2.46,34.0,15.0,2,15.0,0.0,0,937.0,180.0,1,2
938.0,J2,158,38.52,2.57,35.0,90.0,12,90.0,0.0,0,938.0,240.0,1,2
938.0,J3,158,38.52,2.57,35.0,22.5,3,22.5,0.0,0,938.0,105.0,1,2
938.0,J1,158,38.52,2.57,35.0,15.0,2,15.0,0.0,0,938.0,180.0,1,2
939.0,J2,160,38.68,2.64,36.0,90.0,12,90.0,0.0,0,939.0,240.0,1,2
939.0,J3,160,38.68,2.64,36.0,22.5,3,22.5,0.0,0,939.0,105.0,1,2
939.0,J1,160,38.68,2.64,36.0,15.0,2,15.0,0.0,0,939.0,180.0,1,2
940.0,J2,161,38.77,2.73,37.0,90.0,12,90.0,0.0,0,940.0,232.5,1,2
940.0,J3,161,38.77,2.73,37.0,22.5,3,22.5,0.0,0,940.0,105.0,1,2
940.0,J1,161,38.77,2.73,37.0,15.0,2,15.0,0.0,0,940.0,180.0,1,2
941.0,J2,161,38.35,2.84,38.0,90.0,12,90.0,0.0,0,941.0,232.5,1,2
941.0,J3,161,38.35,2.84,38.0,22.5,3,22.5,0.0,0,941.0,112.5,1,2
941.0,J1,161,38.35,2.84,38.0,15.0,2,15.0,0.0,0,941.0,180.0,1,2
942.0,J2,162,38.49,2.93,39.0,90.0,12,90.0,0.0,0,942.0,232.5,1,2
942.0,J3,162,38.49,2.93,39.0,22.5,3,22.5,0.0,0,942.0,120.0,1,2
942.0,J1,162,38.49,2.93,39.0,22.5,3,15.0,7.5,0,942.0,180.0,1,2
943.0,J2,162,38.18,3.05,40.0,97.5,13,90.0,7.5,1,943.0,247.5,1,2
943.0,J3,162,38.18,3.05,40.0,22.5,3,22.5,0.0,1,943.0,127.5,1,2
943.0,J1,162,38.18,3.05,40.0,22.5,3,15.0,7.5,1,943.0,180.0,1,2
944.0,J2,161,37.64,3.19,41.0,97.5,13,90.0,7.5,1,944.0,262.5,1,2
944.0,J3,161,37.64,3.19,41.0,30.0,4,22.5,7.5,1,944.0,127.5,1,2
944.0,J1,161,37.64,3.19,41.0,22.5,3,15.0,7.5,1,944.0,180.0,1,2
945.0,J2,160,36.93,3.34,42.0,97.5,13,90.0,7.5,1,945.0,262.5,1,2
945.0,J3,160,36.93,3.34,42.0,30.0,4,22.5,7.5,1,945.0,127.5,1,2
945.0,J1,160,36.93,3.34,42.0,22.5,3,15.0,7.5,1,945.0,180.0,1,2
946.0,J2,159,36.51,1.45,35.0,75.0,10,90.0,-15.0,2,946.0,262.5,1,2
946.0,J3,159,36.51,1.45,35.0,7.5,1,22.5,-15.0,2,946.0,127.5,1,2
946.0,J1,159,36.51,1.45,35.0,0.0,0,15.0,-15.0,2,946.0,180.0,1,2
947.0,J2,157,35.95,0.59,27.0,45.0,6,90.0,-45.0,2,947.0,262.5,1,2
947.0,J3,157,35.95,0.59,27.0,0.0,0,22.5,-22.5,2,947.0,127.5,1,2
947.0,J1,157,35.95,0.59,27.0,0.0,0,22.5,-22.5,2,947.0,180.0,1,2
948.0,J2,155,35.27,0.28,23.0,30.0,4,97.5,-67.5,2,948.0,270.0,1,2
948.0,J3,155,35.27,0.28,23.0,0.0,0,22.5,-22.5,2,948.0,127.5,1,2
948.0,J1,155,35.27,0.28,23.0,15.0,2,22.5,-7.5,2,948.0,180.0,1,2
949.0,J2,154,34.59,0.05,2.0,7.5,1,97.5,-90.0,2,949.0,270.0,1,2
949.0,J3,154,34.59,0.05,2.0,7.5,1,30.0,-22.5,2,949.0,127.5,1,2
949.0,J1,154,34.59,0.05,2.0,22.5,3,22.5,0.0,2,949.0,187.5,1,2
950.0,J2,150,34.02,0.13,3.0,30.0,4,97.5,-67.5,2,950.0,277.5,1,2
950.0,J3,150,34.02,0.13,3.0,15.0,2,30.0,-15.0,2,950.0,135.0,1,2
950.0,J1,150,34.02,0.13,3.0,37.5,5,22.5,15.0,2,950.0,187.5,1,2
951.0,J2,151,34.0,0.23,4.0,37.5,5,75.0,-37.5,2,951.0,277.5,1,2
951.0,J3,151,34.0,0.23,4.0,15.0,2,7.5,7.5,2,951.0,135.0,1,2
951.0,J1,151,34.0,0.23,4.0,67.5,9,0.0,67.5,2,951.0,202.5,1,2
952.0,J2,150,33.28,0.37,5.0,52.5,7,45.0,7.5,2,952.0,285.0,1,2
952.0,J3,150,33.28,0.37,5.0,30.0,4,0.0,30.0,2,952.0,135.0,1,2
952.0,J1,150,33.28,0.37,5.0,67.5,9,0.0,67.5,2,952.0,210.0,1,2
953.0,J2,150,32.24,0.52,6.0,60.0,8,30.0,30.0,2,953.0,285.0,1,2
953.0,J3,150,32.24,0.52,6.0,37.5,5,0.0,37.5,2,953.0,135.0,1,2
953.0,J1,150,32.24,0.52,6.0,75.0,10,15.0,60.0,2,953.0,210.0,1,2
954.0,J2,149,31.11,0.69,7.0,60.0,8,7.5,52.5,2,954.0,285.0,1,2
954.0,J3,149,31.11,0.69,7.0,45.0,6,7.5,37.5,2,954.0,142.5,1,2
954.0,J1,149,31.11,0.69,7.0,82.5,11,22.5,60.0,2,954.0,217.5,1,2
955.0,J2,150,30.72,0.89,8.0,82.5,11,30.0,52.5,2,955.0,285.0,1,2
955.0,J3,150,30.72,0.89,8.0,60.0,8,15.0,45.0,2,955.0,150.0,1,2
955.0,J1,150,30.72,0.89,8.0,82.5,11,37.5,45.0,2,955.0,217.5,1,2
956.0,J2,147,29.81,1.14,9.0,90.0,12,37.5,52.5,2,956.0,285.0,1,2
956.0,J3,147,29.81,1.14,9.0,75.0,10,15.0,60.0,2,956.0,157.5,1,2
956.0,J1,147,29.81,1.14,9.0,97.5,13,67.5,30.0,2,956.0,217.5,1,2
957.0,J2,148,29.65,1.4,10.0,97.5,13,52.5,45.0,2,957.0,285.0,1,2
957.0,J3,148,29.65,1.4,10.0,82.5,11,30.0,52.5,2,957.0,157.5,1,2
957.0,J1,148,29.65,1.4,10.0,112.5,15,67.5,45.0,2,957.0,225.0,1,2
958.0,J2,149,29.42,1.68,11.0,120.0,16,60.0,60.0,2,958.0,285.0,1,2
958.0,J3,149,29.42,1.68,11.0,90.0,12,37.5,52.5,2,958.0,157.5,1,2
958.0,J1,149,29.42,1.68,11.0,120.0,16,75.0,45.0,2,958.0,225.0,1,2
959.0,J2,147,28.68,2.02,12.0,135.0,18,60.0,75.0,2,959.0,285.0,1,2
959.0,J3,147,28.68,2.02,12.0,90.0,12,45.0,45.0,2,959.0,157.5,1,2
959.0,J1,147,28.68,2.02,12.0,120.0,16,82.5,37.5,2,959.0,225.0,1,2
960.0,J2,148,28.19,2.34,13.0,150.0,20,82.5,67.5,2,960.0,285.0,1,2
960.0,J3,148,28.19,2.34,13.0,90.0,12,60.0,30.0,2,960.0,165.0,1,2
960.0,J1,148,28.19,2.34,13.0,135.0,18,82.5,52.5,2,960.0,225.0,1,2
961.0,J2,148,27.97,2.7,14.0,165.0,22,90.0,75.0,2,961.0,240.0,1,2
961.0,J3,148,27.97,2.7,14.0,90.0,12,75.0,15.0,2,961.0,120.0,1,2
961.0,J1,148,27.97,2.7,14.0,142.5,19,97.5,45.0,2,961.0,180.0,1,2
962.0,J2,149,27.69,3.05,15.0,172.5,23,97.5,75.0,2,962.0,195.0,1,2
962.0,J3,149,27.69,3.05,15.0,97.5,13,82.5,15.0,2,962.0,75.0,1,2
962.0,J1,149,27.69,3.05,15.0,142.5,19,112.5,30.0,2,962.0,142.5,1,2
963.0,J2,150,27.44,3.41,16.0,172.5,23,120.0,52.5,2,963.0,157.5,1,2
963.0,J3,150,27.44,3.41,16.0,97.5,13,90.0,7.5,2,963.0,30.0,0,2
963.0,J1,150,27.44,3.41,16.0,150.0,20,120.0,30.0,2,963.0,112.5,1,2
964.0,J2,151,27.11,3.75,17.0,172.5,23,135.0,37.5,2,964.0,112.5,1,2
964.0,J3,151,27.11,3.75,17.0,97.5,13,90.0,7.5,2,964.0,7.5,0,2
964.0,J1,151,27.11,3.75,17.0,150.0,20,120.0,30.0,2,964.0,90.0,1,2
965.0,J2,150,26.66,4.17,18.0,180.0,24,150.0,30.0,2,965.0,67.5,1,2
965.0,J3,150,26.66,4.17,18.0,105.0,14,90.0,15.0,2,965.0,0.0,0,2
965.0,J1,150,26.66,4.17,18.0,150.0,20,135.0,15.0,2,965.0,67.5,1,2
966.0,J2,152,26.63,4.5,19.0,187.5,25,165.0,22.5,2,966.0,37.5,1,2
966.0,J3,152,26.63,4.5,19.0,105.0,14,90.0,15.0,2,966.0,0.0,0,2
966.0,J1,152,26.63,4.5,19.0,150.0,20,142.5,7.5,2,966.0,45.0,1,2
967.0,J2,152,26.52,4.88,20.0,180.0,24,172.5,7.5,2,967.0,15.0,0,2
967.0,J3,152,26.52,4.88,20.0,105.0,14,97.5,7.5,2,967.0,0.0,0,2
967.0,J1,152,26.52,4.88,20.0,157.5,21,142.5,15.0,2,967.0,22.5,0,2
968.0,J2,151,26.05,5.3,21.0,180.0,24,172.5,7.5,2,968.0,7.5,0,2
968.0,J3,151,26.05,5.3,21.0,105.0,14,97.5,7.5,2,968.0,0.0,0,2
968.0,J1,151,26.05,5.3,21.0,157.5,21,150.0,7.5,2,968.0,7.5,0,2
969.0,J2,151,25.82,5.71,22.0,195.0,26,172.5,22.5,2,969.0,7.5,0,2
969.0,J3,151,25.82,5.71,22.0,105.0,14,97.5,7.5,2,969.0,0.0,0,2
969.0,J1,151,25.82,5.71,22.0,157.5,21,150.0,7.5,2,969.0,7.5,0,2
970.0,J2,151,25.67,6.12,23.0,202.5,27,180.0,22.5,2,970.0,7.5,0,2
970.0,J3,151,25.67,6.12,23.0,105.0,14,105.0,0.0,2,970.0,0.0,0,2
970.0,J1,151,25.67,6.12,23.0,157.5,21,150.0,7.5,2,970.0,0.0,0,2
971.0,J2,153,25.55,6.46,24.0,217.5,29,187.5,30.0,2,971.0,15.0,0,2
971.0,J3,153,25.55,6.46,24.0,105.0,14,105.0,0.0,2,971.0,0.0,0,2
971.0,J1,153,25.55,6.46,24.0,157.5,21,150.0,7.5,2,971.0,0.0,0,2
972.0,J2,153,25.03,6.88,25.0,217.5,29,180.0,37.5,2,972.0,15.0,0,2
972.0,J3,153,25.03,6.88,25.0,105.0,14,105.0,0.0,2,972.0,0.0,0,2
972.0,J1,153,25.03,6.88,25.0,157.5,21,157.5,0.0,2,972.0,0.0,0,2
973.0,J2,155,24.84,7.22,26.0,232.5,31,180.0,52.5,2,973.0,15.0,0,2
973.0,J3,155,24.84,7.22,26.0,105.0,14,105.0,0.0,2,973.0,0.0,0,2
973.0,J1,155,24.84,7.22,26.0,165.0,22,157.5,7.5,2,973.0,0.0,0,2
974.0,J2,156,24.69,7.61,27.0,232.5,31,195.0,37.5,2,974.0,15.0,0,2
974.0,J3,156,24.69,7.61,27.0,112.5,15,105.0,7.5,2,974.0,0.0,0,2
974.0,J1,156,24.69,7.61,27.0,165.0,22,157.5,7.5,2,974.0,0.0,0,2
975.0,J2,156,24.25,8.04,28.0,232.5,31,202.5,30.0,2,975.0,15.0,0,2
975.0,J3,156,24.25,8.04,28.0,112.5,15,105.0,7.5,2,975.0,0.0,0,2
975.0,J1,156,24.25,8.04,28.0,165.0,22,157.5,7.5,2,975.0,0.0,0,2
976.0,J2,156,23.74,8.48,29.0,232.5,31,217.5,15.0,2,976.0,15.0,0,2
976.0,J3,156,23.74,8.48,29.0,112.5,15,105.0,7.5,2,976.0,0.0,0,2
976.0,J1,156,23.74,8.48,29.0,165.0,22,157.5,7.5,2,976.0,0.0,0,2
977.0,J2,159,23.41,8.75,30.0,240.0,32,217.5,22.5,2,977.0,15.0,0,2
977.0,J3,159,23.41,8.75,30.0,112.5,15,105.0,7.5,2,977.0,0.0,0,2
977.0,J1,159,23.41,8.75,30.0,165.0,22,157.5,7.5,2,977.0,0.0,0,2
978.0,J2,161,22.65,9.08,31.0,240.0,32,232.5,7.5,2,978.0,15.0,0,2
978.0,J3,161,22.65,9.08,31.0,112.5,15,105.0,7.5,2,978.0,7.5,0,2
978.0,J1,161,22.65,9.08,31.0,172.5,23,165.0,7.5,2,978.0,0.0,0,2
979.0,J2,163,22.79,9.41,32.0,255.0,34,232.5,22.5,2,979.0,15.0,0,2
979.0,J3,163,22.79,9.41,32.0,112.5,15,112.5,0.0,2,979.0,7.5,0,2
979.0,J1,163,22.79,9.41,32.0,172.5,23,165.0,7.5,2,979.0,0.0,0,2
980.0,J2,162,22.39,9.93,33.0,255.0,34,232.5,22.5,2,980.0,15.0,0,2
980.0,J3,162,22.39,9.93,33.0,120.0,16,112.5,7.5,2,980.0,7.5,0,2
980.0,J1,162,22.39,9.93,33.0,187.5,25,165.0,22.5,2,980.0,0.0,0,2
981.0,J2,161,21.71,10.47,34.0,255.0,34,232.5,22.5,2,981.0,15.0,0,2
981.0,J3,161,21.71,10.47,34.0,127.5,17,112.5,15.0,2,981.0,7.5,0,2
981.0,J1,161,21.71,10.47,34.0,195.0,26,165.0,30.0,2,981.0,7.5,0,2
982.0,J2,161,21.57,10.96,35.0,255.0,34,240.0,15.0,2,982.0,15.0,0,2
982.0,J3,161,21.57,10.96,35.0,135.0,18,112.5,22.5,2,982.0,7.5,0,2
982.0,J1,161,21.57,10.96,35.0,195.0,26,165.0,30.0,2,982.0,7.5,0,2
983.0,J2,161,21.49,11.46,36.0,255.0,34,240.0,15.0,2,983.0,15.0,0,2
983.0,J3,161,21.49,11.46,36.0,142.5,19,112.5,30.0,2,983.0,7.5,0,2
983.0,J1,161,21.49,11.46,36.0,210.0,28,172.5,37.5,2,983.0,7.5,0,2
984.0,J2,163,21.51,11.82,37.0,255.0,34,255.0,0.0,2,984.0,22.5,0,2
984.0,J3,163,21.51,11.82,37.0,142.5,19,112.5,30.0,2,984.0,7.5,0,2
984.0,J1,163,21.51,11.82,37.0,217.5,29,172.5,45.0,2,984.0,7.5,0,2
985.0,J2,165,21.49,12.18,38.0,255.0,34,255.0,0.0,2,985.0,22.5,0,2
985.0,J3,165,21.49,12.18,38.0,142.5,19,120.0,22.5,2,985.0,15.0,0,2
985.0,J1,165,21.49,12.18,38.0,217.5,29,187.5,30.0,2,985.0,7.5,0,2
986.0,J2,163,20.91,12.83,39.0,255.0,34,255.0,0.0,2,986.0,30.0,0,2
986.0,J3,163,20.91,12.83,39.0,142.5,19,127.5,15.0,2,986.0,15.0,0,2
986.0,J1,163,20.91,12.83,39.0,225.0,30,195.0,30.0,2,986.0,7.5,0,2
987.0,J2,161,20.39,13.51,40.0,255.0,34,255.0,0.0,2,987.0,30.0,0,2
987.0,J3,161,20.39,13.51,40.0,142.5,19,135.0,7.5,2,987.0,15.0,0,2
987.0,J1,161,20.39,13.51,40.0,225.0,30,195.0,30.0,2,987.0,7.5,0,2
988.0,J2,159,19.8,14.21,41.0,255.0,34,255.0,0.0,3,988.0,37.5,1,2
988.0,J3,159,19.8,14.21,41.0,150.0,20,142.5,7.5,3,988.0,15.0,0,2
988.0,J1,159,19.8,14.21,41.0,225.0,30,210.0,15.0,3,988.0,7.5,0,2
989.0,J2,156,18.93,15.03,42.0,255.0,34,255.0,0.0,3,989.0,45.0,1,2
989.0,J3,156,18.93,15.03,42.0,157.5,21,142.5,15.0,3,989.0,15.0,0,2
989.0,J1,156,18.93,15.03,42.0,232.5,31,217.5,15.0,3,989.0,7.5,0,2
990.0,J2,156,18.68,15.58,43.0,255.0,34,255.0,0.0,3,990.0,52.5,1,2
990.0,J3,156,18.68,15.58,43.0,157.5,21,142.5,15.0,3,990.0,22.5,0,2
990.0,J1,156,18.68,15.58,43.0,232.5,31,217.5,15.0,3,990.0,7.5,0,2
991.0,J2,156,18.75,11.53,42.0,210.0,28,255.0,-45.0,0,991.0,67.5,1,2
991.0,J3,156,18.75,11.53,42.0,112.5,15,142.5,-30.0,0,991.0,30.0,0,2
991.0,J1,156,18.75,11.53,42.0,195.0,26,225.0,-30.0,0,991.0,7.5,0,2
992.0,J2,155,19.5,8.17,41.0,165.0,22,255.0,-90.0,0,992.0,75.0,1,2
992.0,J3,155,19.5,8.17,41.0,82.5,11,142.5,-60.0,0,992.0,30.0,0,2
992.0,J1,155,19.5,8.17,41.0,165.0,22,225.0,-60.0,0,992.0,7.5,0,2
993.0,J2,154,20.69,5.2,39.0,120.0,16,255.0,-135.0,0,993.0,75.0,1,2
993.0,J3,154,20.69,5.2,39.0,60.0,8,150.0,-90.0,0,993.0,30.0,0,2
993.0,J1,154,20.69,5.2,39.0,120.0,16,225.0,-105.0,0,993.0,7.5,0,2
994.0,J2,154,22.33,2.65,37.0,75.0,10,255.0,-180.0,0,994.0,75.0,1,2
994.0,J3,154,22.33,2.65,37.0,52.5,7,157.5,-105.0,0,994.0,30.0,0,2
994.0,J1,154,22.33,2.65,37.0,82.5,11,232.5,-150.0,0,994.0,7.5,0,2
995.0,J2,153,24.4,1.17,31.0,37.5,5,255.0,-217.5,0,995.0,75.0,1,2
995.0,J3,153,24.4,1.17,31.0,30.0,4,157.5,-127.5,0,995.0,30.0,0,2
995.0,J1,153,24.4,1.17,31.0,37.5,5,232.5,-195.0,0,995.0,7.5,0,2
996.0,J2,152,26.72,0.37,24.0,15.0,2,210.0,-195.0,0,996.0,75.0,1,2
996.0,J3,152,26.72,0.37,24.0,15.0,2,112.5,-97.5,0,996.0,30.0,0,2
996.0,J1,152,26.72,0.37,24.0,15.0,2,195.0,-180.0,0,996.0,7.5,0,2
997.0,J2,154,29.03,0.07,4.0,15.0,2,165.0,-150.0,0,997.0,75.0,1,2
997.0,J3,154,29.03,0.07,4.0,15.0,2,82.5,-67.5,0,997.0,30.0,0,2
997.0,J1,154,29.03,0.07,4.0,7.5,1,165.0,-157.5,0,997.0,15.0,0,2
998.0,J2,155,31.33,0.1,5.0,15.0,2,120.0,-105.0,0,998.0,75.0,1,2
998.0,J3,155,31.33,0.1,5.0,22.5,3,60.0,-37.5,0,998.0,30.0,0,2
998.0,J1,155,31.33,0.1,5.0,0.0,0,120.0,-120.0,0,998.0,15.0,0,2
999.0,J2,156,33.17,0.13,6.0,15.0,2,75.0,-60.0,0,999.0,75.0,1,2
999.0,J3,156,33.17,0.13,6.0,30.0,4,52.5,-22.5,0,999.0,30.0,0,2
999.0,J1,156,33.17,0.13,6.0,0.0,0,82.5,-82.5,0,999.0,15.0,0,2
1000.0,J2,156,34.34,0.18,7.0,22.5,3,37.5,-15.0,0,1000.0,75.0,1,2
1000.0,J3,156,34.34,0.18,7.0,30.0,4,30.0,0.0,0,1000.0,30.0,0,2
1000.0,J1,156,34.34,0.18,7.0,0.0,0,37.5,-37.5,0,1000.0,15.0,0,2
1001.0,J2,156,35.67,0.23,8.0,30.0,4,15.0,15.0,0,1001.0,75.0,1,2
1001.0,J3,156,35.67,0.23,8.0,30.0,4,15.0,15.0,0,1001.0,30.0,0,2
1001.0,J1,156,35.67,0.23,8.0,0.0,0,15.0,-15.0,0,1001.0,15.0,0,2
1002.0,J2,157,36.88,0.28,9.0,30.0,4,15.0,15.0,0,1002.0,75.0,1,2
1002.0,J3,157,36.88,0.28,9.0,30.0,4,15.0,15.0,0,1002.0,30.0,0,2
1002.0,J1,157,36.88,0.28,9.0,0.0,0,7.5,-7.5,0,1002.0,15.0,0,2
1003.0,J2,158,38.04,0.33,10.0,30.0,4,15.0,15.0,0,1003.0,82.5,1,2
1003.0,J3,158,38.04,0.33,10.0,30.0,4,22.5,7.5,0,1003.0,30.0,0,2
1003.0,J1,158,38.04,0.33,10.0,0.0,0,0.0,0.0,0,1003.0,15.0,0,2
1004.0,J2,158,38.74,0.39,11.0,30.0,4,15.0,15.0,0,1004.0,82.5,1,2
1004.0,J3,158,38.74,0.39,11.0,30.0,4,30.0,0.0,0,1004.0,30.0,0,2
1004.0,J1,158,38.74,0.39,11.0,7.5,1,0.0,7.5,0,1004.0,15.0,0,2
1005.0,J2,159,39.61,0.44,12.0,30.0,4,22.5,7.5,0,1005.0,82.5,1,2
1005.0,J3,159,39.61,0.44,12.0,30.0,4,30.0,0.0,0,1005.0,30.0,0,2
1005.0,J1,159,39.61,0.44,12.0,7.5,1,0.0,7.5,0,1005.0,22.5,0,2
1006.0,J2,160,39.8,0.49,13.0,30.0,4,30.0,0.0,0,1006.0,67.5,1,2
1006.0,J3,160,39.8,0.49,13.0,30.0,4,30.0,0.0,0,1006.0,7.5,0,2
1006.0,J1,160,39.8,0.49,13.0,7.5,1,0.0,7.5,0,1006.0,0.0,0,2
1007.0,J2,160,39.79,0.56,14.0,30.0,4,30.0,0.0,0,1007.0,52.5,1,2
1007.0,J3,160,39.79,0.56,14.0,37.5,5,30.0,7.5,0,1007.0,0.0,0,2
1007.0,J1,160,39.79,0.56,14.0,7.5,1,0.0,7.5,0,1007.0,0.0,0,2
1008.0,J2,160,39.77,0.62,15.0,30.0,4,30.0,0.0,0,1008.0,45.0,1,2
1008.0,J3,160,39.77,0.62,15.0,37.5,5,30.0,7.5,0,1008.0,0.0,0,2
1008.0,J1,160,39.77,0.62,15.0,7.5,1,0.0,7.5,0,1008.0,22.5,0,2
1009.0,J2,161,39.69,0.69,16.0,37.5,5,30.0,7.5,0,1009.0,37.5,1,2
1009.0,J3,161,39.69,0.69,16.0,45.0,6,30.0,15.0,0,1009.0,22.5,0,2
1009.0,J1,161,39.69,0.69,16.0,7.5,1,7.5,0.0,0,1009.0,30.0,0,2
1010.0,J2,163,39.62,0.75,17.0,37.5,5,30.0,7.5,0,1010.0,45.0,1,2
1010.0,J3,163,39.62,0.75,17.0,45.0,6,30.0,15.0,0,1010.0,22.5,0,2
1010.0,J1,163,39.62,0.75,17.0,7.5,1,7.5,0.0,0,1010.0,37.5,1,2
1011.0,J2,165,39.41,0.82,18.0,37.5,5,30.0,7.5,0,1011.0,60.0,1,2
1011.0,J3,165,39.41,0.82,18.0,45.0,6,30.0,15.0,0,1011.0,30.0,0,2
1011.0,J1,165,39.41,0.82,18.0,7.5,1,7.5,0.0,0,1011.0,45.0,1,2
1012.0,J2,165,39.59,0.9,19.0,37.5,5,30.0,7.5,0,1012.0,75.0,1,2
1012.0,J3,165,39.59,0.9,19.0,52.5,7,37.5,15.0,0,1012.0,30.0,0,2
1012.0,J1,165,39.59,0.9,19.0,7.5,1,7.5,0.0,0,1012.0,60.0,1,2
1013.0,J2,165,39.58,0.98,20.0,37.5,5,30.0,7.5,0,1013.0,75.0,1,2
1013.0,J3,165,39.58,0.98,20.0,52.5,7,37.5,15.0,0,1013.0,45.0,1,2
1013.0,J1,165,39.58,0.98,20.0,7.5,1,7.5,0.0,0,1013.0,67.5,1,2
1014.0,J2,165,39.46,1.06,21.0,37.5,5,37.5,0.0,0,1014.0,82.5,1,2
1014.0,J3,165,39.46,1.06,21.0,60.0,8,45.0,15.0,0,1014.0,45.0,1,2
1014.0,J1,165,39.46,1.06,21.0,7.5,1,7.5,0.0,0,1014.0,75.0,1,2
1015.0,J2,165,39.33,1.15,22.0,37.5,5,37.5,0.0,0,1015.0,90.0,1,2
1015.0,J3,165,39.33,1.15,22.0,60.0,8,45.0,15.0,0,1015.0,67.5,1,2
1015.0,J1,165,39.33,1.15,22.0,7.5,1,7.5,0.0,0,1015.0,82.5,1,2
1016.0,J2,165,39.29,1.23,23.0,37.5,5,37.5,0.0,0,1016.0,105.0,1,2
1016.0,J3,165,39.29,1.23,23.0,60.0,8,45.0,15.0,0,1016.0,82.5,1,2
1016.0,J1,165,39.29,1.23,23.0,7.5,1,7.5,0.0,0,1016.0,97.5,1,2
1017.0,J2,165,39.22,1.32,24.0,37.5,5,37.5,0.0,0,1017.0,120.0,1,2
1017.0,J3,165,39.22,1.32,24.0,60.0,8,52.5,7.5,0,1017.0,82.5,1,2
1017.0,J1,165,39.22,1.32,24.0,7.5,1,7.5,0.0,0,1017.0,105.0,1,2
1018.0,J2,168,39.13,1.38,25.0,37.5,5,37.5,0.0,0,1018.0,127.5,1,2
1018.0,J3,168,39.13,1.38,25.0,60.0,8,52.5,7.5,0,1018.0,105.0,1,2
1018.0,J1,168,39.13,1.38,25.0,7.5,1,7.5,0.0,0,1018.0,135.0,1,2
1019.0,J2,169,39.15,1.45,26.0,37.5,5,37.5,0.0,0,1019.0,135.0,1,2
1019.0,J3,169,39.15,1.45,26.0,60.0,8,60.0,0.0,0,1019.0,105.0,1,2
1019.0,J1,169,39.15,1.45,26.0,7.5,1,7.5,0.0,0,1019.0,135.0,1,2
1020.0,J2,170,39.1,1.53,27.0,37.5,5,37.5,0.0,0,1020.0,135.0,1,2
1020.0,J3,170,39.1,1.53,27.0,60.0,8,60.0,0.0,0,1020.0,127.5,1,2
1020.0,J1,170,39.1,1.53,27.0,15.0,2,7.5,7.5,0,1020.0,142.5,1,2
1021.0,J2,170,38.96,1.62,28.0,37.5,5,37.5,0.0,0,1021.0,150.0,1,2
1021.0,J3,170,38.96,1.62,28.0,60.0,8,60.0,0.0,0,1021.0,135.0,1,2
1021.0,J1,170,38.96,1.62,28.0,22.5,3,7.5,15.0,0,1021.0,142.5,1,2
1022.0,J2,170,38.82,1.72,29.0,37.5,5,37.5,0.0,0,1022.0,172.5,1,2
1022.0,J3,170,38.82,1.72,29.0,60.0,8,60.0,0.0,0,1022.0,150.0,1,2
1022.0,J1,170,38.82,1.72,29.0,22.5,3,7.5,15.0,0,1022.0,150.0,1,2
1023.0,J2,169,38.47,1.82,30.0,37.5,5,37.5,0.0,0,1023.0,172.5,1,2
1023.0,J3,169,38.47,1.82,30.0,60.0,8,60.0,0.0,0,1023.0,165.0,1,2
1023.0,J1,169,38.47,1.82,30.0,22.5,3,7.5,15.0,0,1023.0,165.0,1,2
1024.0,J2,169,38.46,1.92,31.0,37.5,5,37.5,0.0,0,1024.0,180.0,1,2
1024.0,J3,169,38.46,1.92,31.0,60.0,8,60.0,0.0,0,1024.0,165.0,1,2
1024.0,J1,169,38.46,1.92,31.0,30.0,4,7.5,22.5,0,1024.0,165.0,1,2
1025.0,J2,169,38.43,2.04,32.0,52.5,7,37.5,15.0,0,1025.0,180.0,1,2
1025.0,J3,169,38.43,2.04,32.0,60.0,8,60.0,0.0,0,1025.0,165.0,1,2
1025.0,J1,169,38.43,2.04,32.0,30.0,4,15.0,15.0,0,1025.0,180.0,1,2
1026.0,J2,169,38.33,2.15,33.0,52.5,7,37.5,15.0,0,1026.0,180.0,1,2
1026.0,J3,169,38.33,2.15,33.0,60.0,8,60.0,0.0,0,1026.0,165.0,1,2
1026.0,J1,169,38.33,2.15,33.0,30.0,4,22.5,7.5,0,1026.0,180.0,1,2
1027.0,J2,169,38.16,2.27,34.0,60.0,8,37.5,22.5,0,1027.0,187.5,1,2
1027.0,J3,169,38.16,2.27,34.0,60.0,8,60.0,0.0,0,1027.0,180.0,1,2
1027.0,J1,169,38.16,2.27,34.0,30.0,4,22.5,7.5,0,1027.0,180.0,1,2
1028.0,J2,169,37.87,2.38,35.0,60.0,8,37.5,22.5,0,1028.0,195.0,1,2
1028.0,J3,169,37.87,2.38,35.0,60.0,8,60.0,0.0,0,1028.0,180.0,1,2
1028.0,J1,169,37.87,2.38,35.0,30.0,4,22.5,7.5,0,1028.0,180.0,1,2
1029.0,J2,170,37.76,2.49,36.0,60.0,8,37.5,22.5,0,1029.0,202.5,1,2
1029.0,J3,170,37.76,2.49,36.0,60.0,8,60.0,0.0,0,1029.0,180.0,1,2
1029.0,J1,170,37.76,2.49,36.0,30.0,4,30.0,0.0,0,1029.0,180.0,1,2
1030.0,J2,172,37.55,2.58,37.0,67.5,9,52.5,15.0,0,1030.0,202.5,1,2
1030.0,J3,172,37.55,2.58,37.0,60.0,8,60.0,0.0,0,1030.0,172.5,1,2
1030.0,J1,172,37.55,2.58,37.0,30.0,4,30.0,0.0,0,1030.0,180.0,1,2
1031.0,J2,172,37.37,2.71,38.0,75.0,10,52.5,22.5,0,1031.0,210.0,1,2
1031.0,J3,172,37.37,2.71,38.0,60.0,8,60.0,0.0,0,1031.0,172.5,1,2
1031.0,J1,172,37.37,2.71,38.0,30.0,4,30.0,0.0,0,1031.0,180.0,1,2
1032.0,J2,171,37.24,2.87,39.0,82.5,11,60.0,22.5,0,1032.0,210.0,1,2
1032.0,J3,171,37.24,2.87,39.0,60.0,8,60.0,0.0,0,1032.0,172.5,1,2
1032.0,J1,171,37.24,2.87,39.0,37.5,5,30.0,7.5,0,1032.0,180.0,1,2
1033.0,J2,170,36.81,3.02,40.0,82.5,11,60.0,22.5,1,1033.0,225.0,1,2
1033.0,J3,170,36.81,3.02,40.0,60.0,8,60.0,0.0,1,1033.0,187.5,1,2
1033.0,J1,170,36.81,3.02,40.0,37.5,5,30.0,7.5,1,1033.0,180.0,1,2
1034.0,J2,169,35.99,3.18,41.0,82.5,11,60.0,22.5,1,1034.0,225.0,1,2
1034.0,J3,169,35.99,3.18,41.0,60.0,8,60.0,0.0,1,1034.0,187.5,1,2
1034.0,J1,169,35.99,3.18,41.0,37.5,5,30.0,7.5,1,1034.0,180.0,1,2
1035.0,J2,167,34.92,3.37,42.0,90.0,12,67.5,22.5,1,1035.0,225.0,1,2
1035.0,J3,167,34.92,3.37,42.0,60.0,8,60.0,0.0,1,1035.0,195.0,1,2
1035.0,J1,167,34.92,3.37,42.0,37.5,5,30.0,7.5,1,1035.0,180.0,1,2
1036.0,J2,166,34.44,1.54,39.0,60.0,8,75.0,-15.0,2,1036.0,225.0,1,2
1036.0,J3,166,34.44,1.54,39.0,45.0,6,60.0,-15.0,2,1036.0,195.0,1,2
1036.0,J1,166,34.44,1.54,39.0,15.0,2,30.0,-15.0,2,1036.0,187.5,1,2
1037.0,J2,161,33.68,0.7,29.0,52.5,7,82.5,-30.0,2,1037.0,225.0,1,2
1037.0,J3,161,33.68,0.7,29.0,37.5,5,60.0,-22.5,2,1037.0,195.0,1,2
1037.0,J1,161,33.68,0.7,29.0,0.0,0,37.5,-37.5,2,1037.0,195.0,1,2
1038.0,J2,162,33.77,0.28,27.0,30.0,4,82.5,-52.5,2,1038.0,225.0,1,2
1038.0,J3,162,33.77,0.28,27.0,22.5,3,60.0,-37.5,2,1038.0,195.0,1,2
1038.0,J1,162,33.77,0.28,27.0,30.0,4,37.5,-7.5,2,1038.0,210.0,1,2
1039.0,J2,160,33.2,0.13,3.0,22.5,3,82.5,-60.0,2,1039.0,225.0,1,2
1039.0,J3,160,33.2,0.13,3.0,7.5,1,60.0,-52.5,2,1039.0,195.0,1,2
1039.0,J1,160,33.2,0.13,3.0,45.0,6,37.5,7.5,2,1039.0,210.0,1,2
1040.0,J2,159,33.24,0.21,4.0,30.0,4,90.0,-60.0,2,1040.0,225.0,1,2
1040.0,J3,159,33.24,0.21,4.0,15.0,2,60.0,-45.0,2,1040.0,210.0,1,2
1040.0,J1,159,33.24,0.21,4.0,45.0,6,37.5,7.5,2,1040.0,210.0,1,2
1041.0,J2,159,33.56,0.3,5.0,37.5,5,60.0,-22.5,2,1041.0,225.0,1,2
1041.0,J3,159,33.56,0.3,5.0,15.0,2,45.0,-30.0,2,1041.0,210.0,1,2
1041.0,J1,159,33.56,0.3,5.0,52.5,7,15.0,37.5,2,1041.0,210.0,1,2
1042.0,J2,157,33.37,0.41,6.0,52.5,7,52.5,0.0,2,1042.0,225.0,1,2
1042.0,J3,157,33.37,0.41,6.0,15.0,2,37.5,-22.5,2,1042.0,217.5,1,2
1042.0,J1,157,33.37,0.41,6.0,67.5,9,0.0,67.5,2,1042.0,225.0,1,2
1043.0,J2,158,33.14,0.54,7.0,52.5,7,30.0,22.5,2,1043.0,232.5,1,2
1043.0,J3,158,33.14,0.54,7.0,15.0,2,22.5,-7.5,2,1043.0,217.5,1,2
1043.0,J1,158,33.14,0.54,7.0,82.5,11,30.0,52.5,2,1043.0,232.5,1,2
1044.0,J2,157,32.14,0.69,8.0,67.5,9,22.5,45.0,2,1044.0,232.5,1,2
1044.0,J3,157,32.14,0.69,8.0,15.0,2,7.5,7.5,2,1044.0,217.5,1,2
1044.0,J1,157,32.14,0.69,8.0,90.0,12,45.0,45.0,2,1044.0,232.5,1,2
1045.0,J2,157,31.03,0.85,9.0,75.0,10,30.0,45.0,2,1045.0,232.5,1,2
1045.0,J3,157,31.03,0.85,9.0,15.0,2,15.0,0.0,2,1045.0,217.5,1,2
1045.0,J1,157,31.03,0.85,9.0,97.5,13,45.0,52.5,2,1045.0,232.5,1,2
1046.0,J2,158,29.91,1.03,10.0,82.5,11,37.5,45.0,2,1046.0,232.5,1,2
1046.0,J3,158,29.91,1.03,10.0,30.0,4,15.0,15.0,2,1046.0,217.5,1,2
1046.0,J1,158,29.91,1.03,10.0,112.5,15,52.5,60.0,2,1046.0,232.5,1,2
1047.0,J2,154,28.37,1.29,11.0,90.0,12,52.5,37.5,2,1047.0,232.5,1,2
1047.0,J3,154,28.37,1.29,11.0,45.0,6,15.0,30.0,2,1047.0,217.5,1,2
1047.0,J1,154,28.37,1.29,11.0,127.5,17,67.5,60.0,2,1047.0,232.5,1,2
1048.0,J2,156,28.02,1.53,12.0,105.0,14,52.5,52.5,2,1048.0,232.5,1,2
1048.0,J3,156,28.02,1.53,12.0,60.0,8,15.0,45.0,2,1048.0,217.5,1,2
1048.0,J1,156,28.02,1.53,12.0,135.0,18,82.5,52.5,2,1048.0,232.5,1,2
1049.0,J2,157,27.58,1.8,13.0,105.0,14,67.5,37.5,2,1049.0,232.5,1,2
1049.0,J3,157,27.58,1.8,13.0,67.5,9,15.0,52.5,2,1049.0,225.0,1,2
1049.0,J1,157,27.58,1.8,13.0,165.0,22,90.0,75.0,2,1049.0,232.5,1,2
1050.0,J2,154,26.73,2.16,14.0,127.5,17,75.0,52.5,2,1050.0,232.5,1,2
1050.0,J3,154,26.73,2.16,14.0,82.5,11,15.0,67.5,2,1050.0,225.0,1,2
1050.0,J1,154,26.73,2.16,14.0,165.0,22,97.5,67.5,2,1050.0,232.5,1,2
1051.0,J2,156,26.26,2.47,15.0,127.5,17,82.5,45.0,2,1051.0,187.5,1,2
1051.0,J3,156,26.26,2.47,15.0,90.0,12,30.0,60.0,2,1051.0,180.0,1,2
1051.0,J1,156,26.26,2.47,15.0,180.0,24,112.5,67.5,2,1051.0,187.5,1,2
1052.0,J2,156,25.53,2.83,16.0,142.5,19,90.0,52.5,2,1052.0,142.5,1,2
1052.0,J3,156,25.53,2.83,16.0,97.5,13,45.0,52.5,2,1052.0,150.0,1,2
1052.0,J1,156,25.53,2.83,16.0,180.0,24,127.5,52.5,2,1052.0,157.5,1,2
1053.0,J2,156,24.75,3.21,17.0,142.5,19,105.0,37.5,2,1053.0,97.5,1,2
1053.0,J3,156,24.75,3.21,17.0,112.5,15,60.0,52.5,2,1053.0,105.0,1,2
1053.0,J1,156,24.75,3.21,17.0,187.5,25,135.0,52.5,2,1053.0,120.0,1,2
1054.0,J2,157,24.27,3.57,18.0,150.0,20,105.0,45.0,2,1054.0,52.5,1,2
1054.0,J3,157,24.27,3.57,18.0,112.5,15,67.5,45.0,2,1054.0,67.5,1,2
1054.0,J1,157,24.27,3.57,18.0,187.5,25,165.0,22.5,2,1054.0,90.0,1,2
1055.0,J2,157,23.35,3.98,19.0,157.5,21,127.5,30.0,2,1055.0,22.5,0,2
1055.0,J3,157,23.35,3.98,19.0,120.0,16,82.5,37.5,2,1055.0,30.0,0,2
1055.0,J1,157,23.35,3.98,19.0,202.5,27,165.0,37.5,2,1055.0,67.5,1,2
1056.0,J2,160,23.18,4.33,20.0,172.5,23,127.5,45.0,2,1056.0,7.5,0,2
1056.0,J3,160,23.18,4.33,20.0,127.5,17,90.0,37.5,2,1056.0,15.0,0,2
1056.0,J1,160,23.18,4.33,20.0,202.5,27,180.0,22.5,2,1056.0,45.0,1,2
1057.0,J2,162,23.31,4.7,21.0,180.0,24,142.5,37.5,2,1057.0,15.0,0,2
1057.0,J3,162,23.31,4.7,21.0,127.5,17,97.5,30.0,2,1057.0,7.5,0,2
1057.0,J1,162,23.31,4.7,21.0,210.0,28,180.0,30.0,2,1057.0,22.5,0,2
1058.0,J2,162,22.89,5.14,22.0,195.0,26,142.5,52.5,2,1058.0,22.5,0,2
1058.0,J3,162,22.89,5.14,22.0,135.0,18,112.5,22.5,2,1058.0,7.5,0,2
1058.0,J1,162,22.89,5.14,22.0,210.0,28,187.5,22.5,2,1058.0,15.0,0,2
1059.0,J2,163,22.92,5.58,23.0,217.5,29,150.0,67.5,2,1059.0,37.5,1,2
1059.0,J3,163,22.92,5.58,23.0,142.5,19,112.5,30.0,2,1059.0,15.0,0,2
1059.0,J1,163,22.92,5.58,23.0,210.0,28,187.5,22.5,2,1059.0,15.0,0,2
1060.0,J2,164,22.71,6.01,24.0,217.5,29,157.5,60.0,2,1060.0,45.0,1,2
1060.0,J3,164,22.71,6.01,24.0,142.5,19,120.0,22.5,2,1060.0,22.5,0,2
1060.0,J1,164,22.71,6.01,24.0,210.0,28,202.5,7.5,2,1060.0,15.0,0,2
1061.0,J2,165,22.63,6.44,25.0,225.0,30,172.5,52.5,2,1061.0,45.0,1,2
1061.0,J3,165,22.63,6.44,25.0,142.5,19,127.5,15.0,2,1061.0,22.5,0,2
1061.0,J1,165,22.63,6.44,25.0,210.0,28,202.5,7.5,2,1061.0,15.0,0,2
1062.0,J2,166,22.41,6.87,26.0,240.0,32,180.0,60.0,2,1062.0,37.5,1,2
1062.0,J3,166,22.41,6.87,26.0,142.5,19,127.5,15.0,2,1062.0,22.5,0,2
1062.0,J1,166,22.41,6.87,26.0,210.0,28,210.0,0.0,2,1062.0,15.0,0,2
1063.0,J2,167,22.53,7.3,27.0,232.5,31,195.0,37.5,2,1063.0,45.0,1,2
1063.0,J3,167,22.53,7.3,27.0,150.0,20,135.0,15.0,2,1063.0,22.5,0,2
1063.0,J1,167,22.53,7.3,27.0,210.0,28,210.0,0.0,2,1063.0,15.0,0,2
1064.0,J2,167,22.27,7.77,28.0,232.5,31,217.5,15.0,2,1064.0,52.5,1,2
1064.0,J3,167,22.27,7.77,28.0,150.0,20,142.5,7.5,2,1064.0,22.5,0,2
1064.0,J1,167,22.27,7.77,28.0,210.0,28,210.0,0.0,2,1064.0,15.0,0,2
1065.0,J2,168,21.92,8.2,29.0,232.5,31,217.5,15.0,2,1065.0,67.5,1,2
1065.0,J3,168,21.92,8.2,29.0,150.0,20,142.5,7.5,2,1065.0,22.5,0,2
1065.0,J1,168,21.92,8.2,29.0,210.0,28,210.0,0.0,2,1065.0,15.0,0,2
1066.0,J2,169,21.65,8.63,30.0,240.0,32,225.0,15.0,2,1066.0,52.5,1,2
1066.0,J3,169,21.65,8.63,30.0,157.5,21,142.5,15.0,2,1066.0,22.5,0,2
1066.0,J1,169,21.65,8.63,30.0,210.0,28,210.0,0.0,2,1066.0,15.0,0,2
1067.0,J2,169,21.22,9.11,31.0,247.5,33,240.0,7.5,2,1067.0,52.5,1,2
1067.0,J3,169,21.22,9.11,31.0,157.5,21,142.5,15.0,2,1067.0,22.5,0,2
1067.0,J1,169,21.22,9.11,31.0,210.0,28,210.0,0.0,2,1067.0,15.0,0,2
1068.0,J2,169,20.92,9.62,32.0,255.0,34,232.5,22.5,2,1068.0,52.5,1,2
1068.0,J3,169,20.92,9.62,32.0,165.0,22,150.0,15.0,2,1068.0,22.5,0,2
1068.0,J1,169,20.92,9.62,32.0,217.5,29,210.0,7.5,2,1068.0,15.0,0,2
1069.0,J2,167,20.18,10.25,33.0,255.0,34,232.5,22.5,2,1069.0,52.5,1,2
1069.0,J3,167,20.18,10.25,33.0,172.5,23,150.0,22.5,2,1069.0,22.5,0,2
1069.0,J1,167,20.18,10.25,33.0,217.5,29,210.0,7.5,2,1069.0,15.0,0,2
1070.0,J2,165,19.54,10.89,34.0,255.0,34,232.5,22.5,2,1070.0,52.5,1,2
1070.0,J3,165,19.54,10.89,34.0,172.5,23,150.0,22.5,2,1070.0,22.5,0,2
1070.0,J1,165,19.54,10.89,34.0,217.5,29,210.0,7.5,2,1070.0,15.0,0,2
1071.0,J2,163,18.94,11.56,35.0,262.5,35,240.0,22.5,2,1071.0,52.5,1,2
1071.0,J3,163,18.94,11.56,35.0,172.5,23,157.5,15.0,2,1071.0,22.5,0,2
1071.0,J1,163,18.94,11.56,35.0,217.5,29,210.0,7.5,2,1071.0,15.0,0,2
1072.0,J2,163,18.78,12.1,36.0,277.5,37,247.5,30.0,2,1072.0,52.5,1,2
1072.0,J3,163,18.78,12.1,36.0,172.5,23,157.5,15.0,2,1072.0,22.5,0,2
1072.0,J1,163,18.78,12.1,36.0,217.5,29,210.0,7.5,2,1072.0,15.0,0,2
1073.0,J2,164,19.06,12.58,37.0,277.5,37,255.0,22.5,2,1073.0,52.5,1,2
1073.0,J3,164,19.06,12.58,37.0,180.0,24,165.0,15.0,2,1073.0,22.5,0,2
1073.0,J1,164,19.06,12.58,37.0,217.5,29,217.5,0.0,2,1073.0,15.0,0,2
1074.0,J2,165,19.08,13.06,38.0,277.5,37,255.0,22.5,2,1074.0,52.5,1,2
1074.0,J3,165,19.08,13.06,38.0,187.5,25,172.5,15.0,2,1074.0,22.5,0,2
1074.0,J1,165,19.08,13.06,38.0,225.0,30,217.5,7.5,2,1074.0,15.0,0,2
1075.0,J2,165,19.01,13.62,39.0,277.5,37,255.0,22.5,2,1075.0,60.0,1,2
1075.0,J3,165,19.01,13.62,39.0,187.5,25,172.5,15.0,2,1075.0,22.5,0,2
1075.0,J1,165,19.01,13.62,39.0,225.0,30,217.5,7.5,2,1075.0,15.0,0,2
1076.0,J2,166,19.28,14.09,40.0,277.5,37,262.5,15.0,2,1076.0,60.0,1,2
1076.0,J3,166,19.28,14.09,40.0,187.5,25,172.5,15.0,2,1076.0,22.5,0,2
1076.0,J1,166,19.28,14.09,40.0,225.0,30,217.5,7.5,2,1076.0,15.0,0,2
1077.0,J2,162,18.47,15.01,41.0,277.5,37,277.5,0.0,2,1077.0,67.5,1,2
1077.0,J3,162,18.47,15.01,41.0,187.5,25,172.5,15.0,2,1077.0,22.5,0,2
1077.0,J1,162,18.47,15.01,41.0,225.0,30,217.5,7.5,2,1077.0,15.0,0,2
1078.0,J2,163,18.59,15.48,42.0,277.5,37,277.5,0.0,3,1078.0,67.5,1,2
1078.0,J3,163,18.59,15.48,42.0,187.5,25,180.0,7.5,3,1078.0,22.5,0,2
1078.0,J1,163,18.59,15.48,42.0,225.0,30,217.5,7.5,3,1078.0,15.0,0,2
1079.0,J2,164,18.36,15.95,43.0,277.5,37,277.5,0.0,3,1079.0,67.5,1,2
1079.0,J3,164,18.36,15.95,43.0,187.5,25,187.5,0.0,3,1079.0,22.5,0,2
1079.0,J1,164,18.36,15.95,43.0,225.0,30,225.0,0.0,3,1079.0,15.0,0,2
1080.0,J2,164,18.28,16.51,44.0,277.5,37,277.5,0.0,3,1080.0,67.5,1,2
1080.0,J3,164,18.28,16.51,44.0,187.5,25,187.5,0.0,3,1080.0,22.5,0,2
1080.0,J1,164,18.28,16.51,44.0,225.0,30,225.0,0.0,3,1080.0,15.0,0,2
1081.0,J2,165,19.12,12.56,43.0,232.5,31,277.5,-45.0,0,1081.0,67.5,1,2
1081.0,J3,165,19.12,12.56,43.0,142.5,19,187.5,-45.0,0,1081.0,22.5,0,2
1081.0,J1,165,19.12,12.56,43.0,180.0,24,225.0,-45.0,0,1081.0,15.0,0,2
1082.0,J2,166,20.23,9.19,41.0,187.5,25,277.5,-90.0,0,1082.0,67.5,1,2
1082.0,J3,166,20.23,9.19,41.0,105.0,14,187.5,-82.5,0,1082.0,22.5,0,2
1082.0,J1,166,20.23,9.19,41.0,135.0,18,225.0,-90.0,0,1082.0,15.0,0,2
1083.0,J2,168,21.97,6.15,40.0,142.5,19,277.5,-135.0,0,1083.0,67.5,1,2
1083.0,J3,168,21.97,6.15,40.0,67.5,9,187.5,-120.0,0,1083.0,22.5,0,2
1083.0,J1,168,21.97,6.15,40.0,90.0,12,225.0,-135.0,0,1083.0,15.0,0,2
1084.0,J2,168,23.4,4.13,38.0,120.0,16,277.5,-157.5,0,1084.0,67.5,1,2
1084.0,J3,168,23.4,4.13,38.0,30.0,4,187.5,-157.5,0,1084.0,22.5,0,2
1084.0,J1,168,23.4,4.13,38.0,52.5,7,225.0,-172.5,0,1084.0,15.0,0,2
1085.0,J2,169,25.29,2.7,37.0,97.5,13,277.5,-180.0,0,1085.0,67.5,1,2
1085.0,J3,169,25.29,2.7,37.0,7.5,1,187.5,-180.0,0,1085.0,22.5,0,2
1085.0,J1,169,25.29,2.7,37.0,30.0,4,225.0,-195.0,0,1085.0,15.0,0,2
1086.0,J2,165,26.3,1.72,32.0,75.0,10,232.5,-157.5,0,1086.0,67.5,1,2
1086.0,J3,165,26.3,1.72,32.0,7.5,1,142.5,-135.0,0,1086.0,22.5,0,2
1086.0,J1,165,26.3,1.72,32.0,7.5,1,180.0,-172.5,0,1086.0,15.0,0,2
1087.0,J2,163,28.06,1.17,30.0,67.5,9,187.5,-120.0,0,1087.0,67.5,1,2
1087.0,J3,163,28.06,1.17,30.0,7.5,1,105.0,-97.5,0,1087.0,22.5,0,2
1087.0,J1,163,28.06,1.17,30.0,7.5,1,135.0,-127.5,0,1087.0,15.0,0,2
1088.0,J2,162,29.85,0.72,30.0,52.5,7,142.5,-90.0,0,1088.0,75.0,1,2
1088.0,J3,162,29.85,0.72,30.0,7.5,1,67.5,-60.0,0,1088.0,22.5,0,2
1088.0,J1,162,29.85,0.72,30.0,15.0,2,90.0,-75.0,0,1088.0,15.0,0,2
1089.0,J2,162,31.26,0.49,29.0,45.0,6,120.0,-75.0,0,1089.0,82.5,1,2
1089.0,J3,162,31.26,0.49,29.0,7.5,1,30.0,-22.5,0,1089.0,22.5,0,2
1089.0,J1,162,31.26,0.49,29.0,15.0,2,52.5,-37.5,0,1089.0,15.0,0,2
1090.0,J2,159,32.32,0.37,25.0,37.5,5,97.5,-60.0,0,1090.0,90.0,1,2
1090.0,J3,159,32.32,0.37,25.0,7.5,1,7.5,0.0,0,1090.0,22.5,0,2
1090.0,J1,159,32.32,0.37,25.0,15.0,2,30.0,-15.0,0,1090.0,15.0,0,2
1091.0,J2,157,33.39,0.27,9.0,37.5,5,75.0,-37.5,0,1091.0,90.0,1,2
1091.0,J3,157,33.39,0.27,9.0,7.5,1,7.5,0.0,0,1091.0,22.5,0,2
1091.0,J1,157,33.39,0.27,9.0,15.0,2,7.5,7.5,0,1091.0,15.0,0,2
1092.0,J2,157,34.14,0.34,10.0,45.0,6,67.5,-22.5,0,1092.0,90.0,1,2
1092.0,J3,157,34.14,0.34,10.0,7.5,1,7.5,0.0,0,1092.0,30.0,0,2
1092.0,J1,157,34.14,0.34,10.0,15.0,2,7.5,7.5,0,1092.0,22.5,0,2
1093.0,J2,155,34.82,0.41,11.0,52.5,7,52.5,0.0,0,1093.0,97.5,1,2
1093.0,J3,155,34.82,0.41,11.0,7.5,1,7.5,0.0,0,1093.0,30.0,0,2
1093.0,J1,155,34.82,0.41,11.0,15.0,2,15.0,0.0,0,1093.0,22.5,0,2
1094.0,J2,153,35.1,0.5,12.0,60.0,8,45.0,15.0,0,1094.0,97.5,1,2
1094.0,J3,153,35.1,0.5,12.0,7.5,1,7.5,0.0,0,1094.0,30.0,0,2
1094.0,J1,153,35.1,0.5,12.0,15.0,2,15.0,0.0,0,1094.0,22.5,0,2
1095.0,J2,156,35.73,0.5,13.0,60.0,8,37.5,22.5,0,1095.0,97.5,1,2
1095.0,J3,156,35.73,0.5,13.0,7.5,1,7.5,0.0,0,1095.0,30.0,0,2
1095.0,J1,156,35.73,0.5,13.0,22.5,3,15.0,7.5,0,1095.0,22.5,0,2
1096.0,J2,157,35.98,0.52,14.0,52.5,7,37.5,15.0,0,1096.0,82.5,1,2
1096.0,J3,157,35.98,0.52,14.0,15.0,2,7.5,7.5,0,1096.0,15.0,0,2
1096.0,J1,157,35.98,0.52,14.0,30.0,4,15.0,15.0,0,1096.0,0.0,0,2
1097.0,J2,157,36.42,0.55,15.0,52.5,7,45.0,7.5,0,1097.0,60.0,1,2
1097.0,J3,157,36.42,0.55,15.0,15.0,2,7.5,7.5,0,1097.0,0.0,0,2
1097.0,J1,157,36.42,0.55,15.0,30.0,4,15.0,15.0,0,1097.0,0.0,0,2
1098.0,J2,157,36.51,0.57,16.0,45.0,6,52.5,-7.5,0,1098.0,52.5,1,2
1098.0,J3,157,36.51,0.57,16.0,15.0,2,7.5,7.5,0,1098.0,0.0,0,2
1098.0,J1,157,36.51,0.57,16.0,30.0,4,15.0,15.0,0,1098.0,7.5,0,2
1099.0,J2,156,36.68,0.6,17.0,45.0,6,60.0,-15.0,0,1099.0,45.0,1,2
1099.0,J3,156,36.68,0.6,17.0,15.0,2,7.5,7.5,0,1099.0,15.0,0,2
1099.0,J1,156,36.68,0.6,17.0,37.5,5,15.0,22.5,0,1099.0,7.5,0,2
1100.0,J2,157,36.79,0.63,18.0,45.0,6,60.0,-15.0,0,1100.0,52.5,1,2
1100.0,J3,157,36.79,0.63,18.0,15.0,2,7.5,7.5,0,1100.0,22.5,0,2
1100.0,J1,157,36.79,0.63,18.0,37.5,5,22.5,15.0,0,1100.0,15.0,0,2
1101.0,J2,157,37.02,0.59,19.0,37.5,5,52.5,-15.0,0,1101.0,82.5,1,2
1101.0,J3,157,37.02,0.59,19.0,15.0,2,15.0,0.0,0,1101.0,22.5,0,2
1101.0,J1,157,37.02,0.59,19.0,37.5,5,30.0,7.5,0,1101.0,30.0,0,2
1102.0,J2,158,37.3,0.63,20.0,30.0,4,52.5,-22.5,0,1102.0,75.0,1,2
1102.0,J3,158,37.3,0.63,20.0,15.0,2,15.0,0.0,0,1102.0,30.0,0,2
1102.0,J1,158,37.3,0.63,20.0,37.5,5,30.0,7.5,0,1102.0,45.0,1,2
1103.0,J2,158,37.39,0.68,21.0,30.0,4,45.0,-15.0,0,1103.0,82.5,1,2
1103.0,J3,158,37.39,0.68,21.0,15.0,2,15.0,0.0,0,1103.0,45.0,1,2
1103.0,J1,158,37.39,0.68,21.0,37.5,5,30.0,7.5,0,1103.0,52.5,1,2
1104.0,J2,156,37.51,0.77,22.0,37.5,5,45.0,-7.5,0,1104.0,105.0,1,2
1104.0,J3,156,37.51,0.77,22.0,15.0,2,15.0,0.0,0,1104.0,60.0,1,2
1104.0,J1,156,37.51,0.77,22.0,37.5,5,37.5,0.0,0,1104.0,52.5,1,2
1105.0,J2,156,37.59,0.85,23.0,45.0,6,45.0,0.0,0,1105.0,112.5,1,2
1105.0,J3,156,37.59,0.85,23.0,15.0,2,15.0,0.0,0,1105.0,67.5,1,2
1105.0,J1,156,37.59,0.85,23.0,37.5,5,37.5,0.0,0,1105.0,67.5,1,2
1106.0,J2,157,37.94,0.93,24.0,45.0,6,37.5,7.5,0,1106.0,127.5,1,2
1106.0,J3,157,37.94,0.93,24.0,15.0,2,15.0,0.0,0,1106.0,75.0,1,2
1106.0,J1,157,37.94,0.93,24.0,37.5,5,37.5,0.0,0,1106.0,75.0,1,2
1107.0,J2,158,38.29,1.01,25.0,45.0,6,30.0,15.0,0,1107.0,142.5,1,2
1107.0,J3,158,38.29,1.01,25.0,15.0,2,15.0,0.0,0,1107.0,82.5,1,2
1107.0,J1,158,38.29,1.01,25.0,37.5,5,37.5,0.0,0,1107.0,82.5,1,2
1108.0,J2,158,38.38,1.09,26.0,45.0,6,30.0,15.0,0,1108.0,157.5,1,2
1108.0,J3,158,38.38,1.09,26.0,15.0,2,15.0,0.0,0,1108.0,90.0,1,2
1108.0,J1,158,38.38,1.09,26.0,37.5,5,37.5,0.0,0,1108.0,97.5,1,2
1109.0,J2,158,38.43,1.17,27.0,45.0,6,37.5,7.5,0,1109.0,165.0,1,2
1109.0,J3,158,38.43,1.17,27.0,15.0,2,15.0,0.0,0,1109.0,97.5,1,2
1109.0,J1,158,38.43,1.17,27.0,37.5,5,37.5,0.0,0,1109.0,105.0,1,2
1110.0,J2,159,38.47,1.25,28.0,45.0,6,45.0,0.0,0,1110.0,172.5,1,2
1110.0,J3,159,38.47,1.25,28.0,15.0,2,15.0,0.0,0,1110.0,97.5,1,2
1110.0,J1,159,38.47,1.25,28.0,37.5,5,37.5,0.0,0,1110.0,120.0,1,2
1111.0,J2,158,38.22,1.34,29.0,52.5,7,45.0,7.5,0,1111.0,172.5,1,2
1111.0,J3,158,38.22,1.34,29.0,15.0,2,15.0,0.0,0,1111.0,105.0,1,2
1111.0,J1,158,38.22,1.34,29.0,37.5,5,37.5,0.0,0,1111.0,127.5,1,2
1112.0,J2,157,37.99,1.44,30.0,52.5,7,45.0,7.5,0,1112.0,172.5,1,2
1112.0,J3,157,37.99,1.44,30.0,15.0,2,15.0,0.0,0,1112.0,127.5,1,2
1112.0,J1,157,37.99,1.44,30.0,37.5,5,37.5,0.0,0,1112.0,135.0,1,2
1113.0,J2,156,37.74,1.54,31.0,52.5,7,45.0,7.5,0,1113.0,172.5,1,2
1113.0,J3,156,37.74,1.54,31.0,22.5,3,15.0,7.5,0,1113.0,127.5,1,2
1113.0,J1,156,37.74,1.54,31.0,37.5,5,37.5,0.0,0,1113.0,135.0,1,2
1114.0,J2,158,37.89,1.62,32.0,52.5,7,45.0,7.5,0,1114.0,172.5,1,2
1114.0,J3,158,37.89,1.62,32.0,22.5,3,15.0,7.5,0,1114.0,127.5,1,2
1114.0,J1,158,37.89,1.62,32.0,37.5,5,37.5,0.0,0,1114.0,135.0,1,2
1115.0,J2,160,38.09,1.7,33.0,60.0,8,45.0,15.0,0,1115.0,172.5,1,2
1115.0,J3,160,38.09,1.7,33.0,22.5,3,15.0,7.5,0,1115.0,127.5,1,2
1115.0,J1,160,38.09,1.7,33.0,37.5,5,37.5,0.0,0,1115.0,135.0,1,2
1116.0,J2,160,38.01,1.8,34.0,60.0,8,52.5,7.5,0,1116.0,172.5,1,2
1116.0,J3,160,38.01,1.8,34.0,22.5,3,15.0,7.5,0,1116.0,127.5,1,2
1116.0,J1,160,38.01,1.8,34.0,37.5,5,37.5,0.0,0,1116.0,142.5,1,2
1117.0,J2,161,38.04,1.89,35.0,60.0,8,52.5,7.5,0,1117.0,172.5,1,2
1117.0,J3,161,38.04,1.89,35.0,22.5,3,15.0,7.5,0,1117.0,127.5,1,2
1117.0,J1,161,38.04,1.89,35.0,37.5,5,37.5,0.0,0,1117.0,142.5,1,2
1118.0,J2,161,37.67,1.99,36.0,60.0,8,52.5,7.5,0,1118.0,172.5,1,2
1118.0,J3,161,37.67,1.99,36.0,22.5,3,22.5,0.0,0,1118.0,127.5,1,2
1118.0,J1,161,37.67,1.99,36.0,37.5,5,37.5,0.0,0,1118.0,142.5,1,2
1119.0,J2,163,37.59,2.06,37.0,60.0,8,52.5,7.5,0,1119.0,172.5,1,2
1119.0,J3,163,37.59,2.06,37.0,22.5,3,22.5,0.0,0,1119.0,127.5,1,2
1119.0,J1,163,37.59,2.06,37.0,37.5,5,37.5,0.0,0,1119.0,142.5,1,2
1120.0,J2,164,37.11,2.15,38.0,60.0,8,60.0,0.0,0,1120.0,172.5,1,2
1120.0,J3,164,37.11,2.15,38.0,22.5,3,22.5,0.0,0,1120.0,127.5,1,2
1120.0,J1,164,37.11,2.15,38.0,37.5,5,37.5,0.0,0,1120.0,142.5,1,2
1121.0,J2,164,36.75,2.25,39.0,60.0,8,60.0,0.0,0,1121.0,172.5,1,2
1121.0,J3,164,36.75,2.25,39.0,22.5,3,22.5,0.0,0,1121.0,127.5,1,2
1121.0,J1,164,36.75,2.25,39.0,45.0,6,37.5,7.5,0,1121.0,142.5,1,2
1122.0,J2,166,36.65,2.34,40.0,75.0,10,60.0,15.0,0,1122.0,180.0,1,2
1122.0,J3,166,36.65,2.34,40.0,22.5,3,22.5,0.0,0,1122.0,127.5,1,2
1122.0,J1,166,36.65,2.34,40.0,45.0,6,37.5,7.5,0,1122.0,150.0,1,2
1123.0,J2,168,36.38,2.43,41.0,75.0,10,60.0,15.0,1,1123.0,180.0,1,2
1123.0,J3,168,36.38,2.43,41.0,30.0,4,22.5,7.5,1,1123.0,135.0,1,2
1123.0,J1,168,36.38,2.43,41.0,52.5,7,37.5,15.0,1,1123.0,150.0,1,2
1124.0,J2,168,35.98,2.56,42.0,75.0,10,60.0,15.0,1,1124.0,187.5,1,2
1124.0,J3,168,35.98,2.56,42.0,30.0,4,22.5,7.5,1,1124.0,135.0,1,2
1124.0,J1,168,35.98,2.56,42.0,52.5,7,37.5,15.0,1,1124.0,150.0,1,2
1125.0,J2,169,35.66,2.68,43.0,90.0,12,60.0,30.0,1,1125.0,187.5,1,2
1125.0,J3,169,35.66,2.68,43.0,30.0,4,22.5,7.5,1,1125.0,135.0,1,2
1125.0,J1,169,35.66,2.68,43.0,52.5,7,37.5,15.0,1,1125.0,157.5,1,2
1126.0,J2,168,35.29,0.8,28.0,60.0,8,60.0,0.0,2,1126.0,187.5,1,2
1126.0,J3,168,35.29,0.8,28.0,7.5,1,22.5,-15.0,2,1126.0,135.0,1,2
1126.0,J1,168,35.29,0.8,28.0,30.0,4,45.0,-15.0,2,1126.0,157.5,1,2
1127.0,J2,167,35.44,0.27,17.0,37.5,5,75.0,-37.5,2,1127.0,187.5,1,2
1127.0,J3,167,35.44,0.27,17.0,0.0,0,22.5,-22.5,2,1127.0,142.5,1,2
1127.0,J1,167,35.44,0.27,17.0,15.0,2,45.0,-30.0,2,1127.0,157.5,1,2
1128.0,J2,167,35.84,0.13,7.0,37.5,5,75.0,-37.5,2,1128.0,187.5,1,2
1128.0,J3,167,35.84,0.13,7.0,0.0,0,30.0,-30.0,2,1128.0,142.5,1,2
1128.0,J1,167,35.84,0.13,7.0,15.0,2,52.5,-37.5,2,1128.0,157.5,1,2
1129.0,J2,168,36.31,0.1,5.0,22.5,3,75.0,-52.5,2,1129.0,187.5,1,2
1129.0,J3,168,36.31,0.1,5.0,0.0,0,30.0,-30.0,2,1129.0,150.0,1,2
1129.0,J1,168,36.31,0.1,5.0,15.0,2,52.5,-37.5,2,1129.0,172.5,1,2
1130.0,J2,167,36.41,0.11,5.0,30.0,4,90.0,-60.0,2,1130.0,195.0,1,2
1130.0,J3,167,36.41,0.11,5.0,0.0,0,30.0,-30.0,2,1130.0,150.0,1,2
1130.0,J1,167,36.41,0.11,5.0,30.0,4,52.5,-22.5,2,1130.0,180.0,1,2
1131.0,J2,167,36.62,0.17,6.0,30.0,4,60.0,-30.0,2,1131.0,202.5,1,2
1131.0,J3,167,36.62,0.17,6.0,0.0,0,7.5,-7.5,2,1131.0,150.0,1,2
1131.0,J1,167,36.62,0.17,6.0,37.5,5,30.0,7.5,2,1131.0,180.0,1,2
1132.0,J2,167,36.48,0.24,7.0,52.5,7,37.5,15.0,2,1132.0,202.5,1,2
1132.0,J3,167,36.48,0.24,7.0,0.0,0,0.0,0.0,2,1132.0,157.5,1,2
1132.0,J1,167,36.48,0.24,7.0,37.5,5,15.0,22.5,2,1132.0,187.5,1,2
1133.0,J2,168,36.56,0.32,8.0,60.0,8,37.5,22.5,2,1133.0,202.5,1,2
1133.0,J3,168,36.56,0.32,8.0,7.5,1,0.0,7.5,2,1133.0,157.5,1,2
1133.0,J1,168,36.56,0.32,8.0,37.5,5,15.0,22.5,2,1133.0,195.0,1,2
1134.0,J2,166,36.55,0.43,9.0,75.0,10,22.5,52.5,2,1134.0,202.5,1,2
1134.0,J3,166,36.55,0.43,9.0,7.5,1,0.0,7.5,2,1134.0,157.5,1,2
1134.0,J1,166,36.55,0.43,9.0,45.0,6,15.0,30.0,2,1134.0,195.0,1,2
1135.0,J2,164,36.02,0.55,10.0,82.5,11,30.0,52.5,2,1135.0,210.0,1,2
1135.0,J3,164,36.02,0.55,10.0,7.5,1,0.0,7.5,2,1135.0,157.5,1,2
1135.0,J1,164,36.02,0.55,10.0,52.5,7,30.0,22.5,2,1135.0,195.0,1,2
1136.0,J2,163,35.65,0.68,11.0,90.0,12,30.0,60.0,2,1136.0,210.0,1,2
1136.0,J3,163,35.65,0.68,11.0,15.0,2,0.0,15.0,2,1136.0,165.0,1,2
1136.0,J1,163,35.65,0.68,11.0,52.5,7,37.5,15.0,2,1136.0,202.5,1,2
1137.0,J2,159,34.71,0.85,12.0,97.5,13,52.5,45.0,2,1137.0,210.0,1,2
1137.0,J3,159,34.71,0.85,12.0,30.0,4,0.0,30.0,2,1137.0,165.0,1,2
1137.0,J1,159,34.71,0.85,12.0,52.5,7,37.5,15.0,2,1137.0,202.5,1,2
1138.0,J2,156,34.21,1.02,13.0,97.5,13,60.0,37.5,2,1138.0,210.0,1,2
1138.0,J3,156,34.21,1.02,13.0,30.0,4,7.5,22.5,2,1138.0,165.0,1,2
1138.0,J1,156,34.21,1.02,13.0,52.5,7,37.5,15.0,2,1138.0,202.5,1,2
1139.0,J2,156,33.44,1.19,14.0,105.0,14,75.0,30.0,2,1139.0,210.0,1,2
1139.0,J3,156,33.44,1.19,14.0,37.5,5,7.5,30.0,2,1139.0,165.0,1,2
1139.0,J1,156,33.44,1.19,14.0,52.5,7,45.0,7.5,2,1139.0,202.5,1,2
1140.0,J2,155,32.37,1.39,15.0,112.5,15,82.5,30.0,2,1140.0,210.0,1,2
1140.0,J3,155,32.37,1.39,15.0,45.0,6,7.5,37.5,2,1140.0,165.0,1,2
1140.0,J1,155,32.37,1.39,15.0,75.0,10,52.5,22.5,2,1140.0,202.5,1,2
1141.0,J2,155,31.36,1.63,16.0,135.0,18,90.0,45.0,2,1141.0,165.0,1,2
1141.0,J3,155,31.36,1.63,16.0,60.0,8,15.0,45.0,2,1141.0,120.0,1,2
1141.0,J1,155,31.36,1.63,16.0,75.0,10,52.5,22.5,2,1141.0,157.5,1,2
1142.0,J2,156,30.19,1.86,17.0,142.5,19,97.5,45.0,2,1142.0,120.0,1,2
1142.0,J3,156,30.19,1.86,17.0,67.5,9,30.0,37.5,2,1142.0,90.0,1,2
1142.0,J1,156,30.19,1.86,17.0,75.0,10,52.5,22.5,2,1142.0,112.5,1,2
1143.0,J2,156,29.35,2.13,18.0,165.0,22,97.5,67.5,2,1143.0,75.0,1,2
1143.0,J3,156,29.35,2.13,18.0,75.0,10,30.0,45.0,2,1143.0,45.0,1,2
1143.0,J1,156,29.35,2.13,18.0,75.0,10,52.5,22.5,2,1143.0,67.5,1,2
1144.0,J2,157,28.54,2.4,19.0,172.5,23,105.0,67.5,2,1144.0,45.0,1,2
1144.0,J3,157,28.54,2.4,19.0,90.0,12,37.5,52.5,2,1144.0,15.0,0,2
1144.0,J1,157,28.54,2.4,19.0,75.0,10,52.5,22.5,2,1144.0,45.0,1,2
1145.0,J2,158,27.84,2.7,20.0,187.5,25,112.5,75.0,2,1145.0,22.5,0,2
1145.0,J3,158,27.84,2.7,20.0,105.0,14,45.0,60.0,2,1145.0,7.5,0,2
1145.0,J1,158,27.84,2.7,20.0,82.5,11,75.0,7.5,2,1145.0,22.5,0,2
1146.0,J2,159,27.35,3.0,21.0,187.5,25,135.0,52.5,2,1146.0,15.0,0,2
1146.0,J3,159,27.35,3.0,21.0,112.5,15,60.0,52.5,2,1146.0,0.0,0,2
1146.0,J1,159,27.35,3.0,21.0,82.5,11,75.0,7.5,2,1146.0,0.0,0,2
1147.0,J2,159,26.99,3.35,22.0,195.0,26,142.5,52.5,2,1147.0,7.5,0,2
1147.0,J3,159,26.99,3.35,22.0,142.5,19,67.5,75.0,2,1147.0,0.0,0,2
1147.0,J1,159,26.99,3.35,22.0,82.5,11,75.0,7.5,2,1147.0,0.0,0,2
1148.0,J2,160,26.5,3.69,23.0,202.5,27,165.0,37.5,2,1148.0,7.5,0,2
1148.0,J3,160,26.5,3.69,23.0,142.5,19,75.0,67.5,2,1148.0,0.0,0,2
1148.0,J1,160,26.5,3.69,23.0,82.5,11,75.0,7.5,2,1148.0,0.0,0,2
1149.0,J2,161,26.26,4.03,24.0,202.5,27,172.5,30.0,2,1149.0,7.5,0,2
1149.0,J3,161,26.26,4.03,24.0,157.5,21,90.0,67.5,2,1149.0,0.0,0,2
1149.0,J1,161,26.26,4.03,24.0,82.5,11,75.0,7.5,2,1149.0,7.5,0,2
1150.0,J2,164,26.3,4.34,25.0,217.5,29,187.5,30.0,2,1150.0,15.0,0,2
1150.0,J3,164,26.3,4.34,25.0,165.0,22,105.0,60.0,2,1150.0,0.0,0,2
1150.0,J1,164,26.3,4.34,25.0,82.5,11,82.5,0.0,2,1150.0,7.5,0,2
1151.0,J2,164,26.11,4.73,26.0,217.5,29,187.5,30.0,2,1151.0,7.5,0,2
1151.0,J3,164,26.11,4.73,26.0,180.0,24,112.5,67.5,2,1151.0,0.0,0,2
1151.0,J1,164,26.11,4.73,26.0,82.5,11,82.5,0.0,2,1151.0,15.0,0,2
1152.0,J2,165,25.84,5.09,27.0,225.0,30,195.0,30.0,2,1152.0,7.5,0,2
1152.0,J3,165,25.84,5.09,27.0,180.0,24,142.5,37.5,2,1152.0,7.5,0,2
1152.0,J1,165,25.84,5.09,27.0,82.5,11,82.5,0.0,2,1152.0,22.5,0,2
1153.0,J2,165,25.02,5.49,28.0,225.0,30,202.5,22.5,2,1153.0,7.5,0,2
1153.0,J3,165,25.02,5.49,28.0,187.5,25,142.5,45.0,2,1153.0,7.5,0,2
1153.0,J1,165,25.02,5.49,28.0,82.5,11,82.5,0.0,2,1153.0,22.5,0,2
1154.0,J2,165,24.25,5.9,29.0,232.5,31,202.5,30.0,2,1154.0,7.5,0,2
1154.0,J3,165,24.25,5.9,29.0,195.0,26,157.5,37.5,2,1154.0,7.5,0,2
1154.0,J1,165,24.25,5.9,29.0,82.5,11,82.5,0.0,2,1154.0,22.5,0,2
1155.0,J2,166,23.62,6.28,30.0,232.5,31,217.5,15.0,2,1155.0,7.5,0,2
1155.0,J3,166,23.62,6.28,30.0,195.0,26,165.0,30.0,2,1155.0,7.5,0,2
1155.0,J1,166,23.62,6.28,30.0,82.5,11,82.5,0.0,2,1155.0,22.5,0,2
1156.0,J2,166,23.06,6.71,31.0,240.0,32,217.5,22.5,2,1156.0,15.0,0,2
1156.0,J3,166,23.06,6.71,31.0,217.5,29,180.0,37.5,2,1156.0,7.5,0,2
1156.0,J1,166,23.06,6.71,31.0,82.5,11,82.5,0.0,2,1156.0,22.5,0,2
1157.0,J2,167,22.5,7.13,32.0,255.0,34,225.0,30.0,2,1157.0,22.5,0,2
1157.0,J3,167,22.5,7.13,32.0,232.5,31,180.0,52.5,2,1157.0,7.5,0,2
1157.0,J1,167,22.5,7.13,32.0,82.5,11,82.5,0.0,2,1157.0,22.5,0,2
1158.0,J2,168,22.27,7.54,33.0,255.0,34,225.0,30.0,2,1158.0,22.5,0,2
1158.0,J3,168,22.27,7.54,33.0,240.0,32,187.5,52.5,2,1158.0,7.5,0,2
1158.0,J1,168,22.27,7.54,33.0,82.5,11,82.5,0.0,2,1158.0,22.5,0,2
1159.0,J2,167,21.68,8.07,34.0,255.0,34,232.5,22.5,2,1159.0,22.5,0,2
1159.0,J3,167,21.68,8.07,34.0,262.5,35,195.0,67.5,2,1159.0,7.5,0,2
1159.0,J1,167,21.68,8.07,34.0,82.5,11,82.5,0.0,2,1159.0,22.5,0,2
1160.0,J2,167,21.19,8.56,35.0,270.0,36,232.5,37.5,2,1160.0,30.0,0,2
1160.0,J3,167,21.19,8.56,35.0,270.0,36,195.0,75.0,2,1160.0,7.5,0,2
1160.0,J1,167,21.19,8.56,35.0,82.5,11,82.5,0.0,2,1160.0,30.0,0,2
1161.0,J2,166,20.97,9.12,36.0,270.0,36,240.0,30.0,2,1161.0,30.0,0,2
1161.0,J3,166,20.97,9.12,36.0,270.0,36,217.5,52.5,2,1161.0,7.5,0,2
1161.0,J1,166,20.97,9.12,36.0,90.0,12,82.5,7.5,2,1161.0,30.0,0,2
1162.0,J2,165,20.52,9.7,37.0,270.0,36,255.0,15.0,2,1162.0,30.0,0,2
1162.0,J3,165,20.52,9.7,37.0,277.5,37,232.5,45.0,2,1162.0,7.5,0,2
1162.0,J1,165,20.52,9.7,37.0,97.5,13,82.5,15.0,2,1162.0,37.5,1,2
1163.0,J2,164,20.12,10.28,38.0,270.0,36,255.0,15.0,2,1163.0,30.0,0,2
1163.0,J3,164,20.12,10.28,38.0,277.5,37,240.0,37.5,2,1163.0,7.5,0,2
1163.0,J1,164,20.12,10.28,38.0,97.5,13,82.5,15.0,2,1163.0,45.0,1,2
1164.0,J2,164,19.84,10.81,39.0,270.0,36,255.0,15.0,2,1164.0,30.0,0,2
1164.0,J3,164,19.84,10.81,39.0,277.5,37,262.5,15.0,2,1164.0,7.5,0,2
1164.0,J1,164,19.84,10.81,39.0,105.0,14,82.5,22.5,2,1164.0,45.0,1,2
1165.0,J2,165,20.12,11.28,40.0,270.0,36,270.0,0.0,2,1165.0,30.0,0,2
1165.0,J3,165,20.12,11.28,40.0,285.0,38,270.0,15.0,2,1165.0,7.5,0,2
1165.0,J1,165,20.12,11.28,40.0,105.0,14,82.5,22.5,2,1165.0,52.5,1,2
1166.0,J2,164,19.87,11.89,41.0,270.0,36,270.0,0.0,2,1166.0,30.0,0,2
1166.0,J3,164,19.87,11.89,41.0,285.0,38,270.0,15.0,2,1166.0,7.5,0,2
1166.0,J1,164,19.87,11.89,41.0,112.5,15,90.0,22.5,2,1166.0,52.5,1,2
1167.0,J2,163,19.57,12.52,42.0,270.0,36,270.0,0.0,2,1167.0,30.0,0,2
1167.0,J3,163,19.57,12.52,42.0,285.0,38,277.5,7.5,2,1167.0,7.5,0,2
1167.0,J1,163,19.57,12.52,42.0,120.0,16,97.5,22.5,2,1167.0,60.0,1,2
1168.0,J2,161,18.7,13.23,43.0,270.0,36,270.0,0.0,3,1168.0,30.0,0,2
1168.0,J3,161,18.7,13.23,43.0,285.0,38,277.5,7.5,3,1168.0,7.5,0,2
1168.0,J1,161,18.7,13.23,43.0,120.0,16,97.5,22.5,3,1168.0,60.0,1,2
1169.0,J2,157,17.74,14.14,44.0,270.0,36,270.0,0.0,3,1169.0,30.0,0,2
1169.0,J3,157,17.74,14.14,44.0,285.0,38,277.5,7.5,3,1169.0,7.5,0,2
1169.0,J1,157,17.74,14.14,44.0,120.0,16,105.0,15.0,3,1169.0,60.0,1,2
1170.0,J2,158,17.86,14.63,45.0,270.0,36,270.0,0.0,3,1170.0,30.0,0,2
1170.0,J3,158,17.86,14.63,45.0,285.0,38,285.0,0.0,3,1170.0,7.5,0,2
1170.0,J1,158,17.86,14.63,45.0,127.5,17,105.0,22.5,3,1170.0,60.0,1,2
1171.0,J2,154,17.92,11.19,42.0,225.0,30,270.0,-45.0,0,1171.0,30.0,0,2
1171.0,J3,154,17.92,11.19,42.0,240.0,32,285.0,-45.0,0,1171.0,7.5,0,2
1171.0,J1,154,17.92,11.19,42.0,97.5,13,112.5,-15.0,0,1171.0,60.0,1,2
1172.0,J2,152,18.62,8.13,40.0,180.0,24,270.0,-90.0,0,1172.0,37.5,1,2
1172.0,J3,152,18.62,8.13,40.0,195.0,26,285.0,-90.0,0,1172.0,7.5,0,2
1172.0,J1,152,18.62,8.13,40.0,52.5,7,120.0,-67.5,0,1172.0,67.5,1,2
1173.0,J2,151,20.02,6.01,33.0,135.0,18,270.0,-135.0,0,1173.0,37.5,1,2
1173.0,J3,151,20.02,6.01,33.0,150.0,20,285.0,-135.0,0,1173.0,7.5,0,2
1173.0,J1,151,20.02,6.01,33.0,15.0,2,120.0,-105.0,0,1173.0,67.5,1,2
1174.0,J2,151,21.72,4.63,33.0,97.5,13,270.0,-172.5,0,1174.0,37.5,1,2
1174.0,J3,151,21.72,4.63,33.0,120.0,16,285.0,-165.0,0,1174.0,7.5,0,2
1174.0,J1,151,21.72,4.63,33.0,7.5,1,120.0,-112.5,0,1174.0,67.5,1,2
1175.0,J2,150,24.03,3.48,33.0,67.5,9,270.0,-202.5,0,1175.0,37.5,1,2
1175.0,J3,150,24.03,3.48,33.0,97.5,13,285.0,-187.5,0,1175.0,7.5,0,2
1175.0,J1,150,24.03,3.48,33.0,7.5,1,127.5,-120.0,0,1175.0,67.5,1,2
1176.0,J2,150,26.09,2.38,31.0,45.0,6,225.0,-180.0,0,1176.0,37.5,1,2
1176.0,J3,150,26.09,2.38,31.0,82.5,11,240.0,-157.5,0,1176.0,7.5,0,2
1176.0,J1,150,26.09,2.38,31.0,7.5,1,97.5,-90.0,0,1176.0,67.5,1,2
1177.0,J2,150,28.22,1.4,28.0,22.5,3,180.0,-157.5,0,1177.0,37.5,1,2
1177.0,J3,150,28.22,1.4,28.0,60.0,8,195.0,-135.0,0,1177.0,7.5,0,2
1177.0,J1,150,28.22,1.4,28.0,7.5,1,52.5,-45.0,0,1177.0,67.5,1,2
1178.0,J2,150,30.22,0.83,25.0,7.5,1,135.0,-127.5,0,1178.0,37.5,1,2
1178.0,J3,150,30.22,0.83,25.0,45.0,6,150.0,-105.0,0,1178.0,7.5,0,2
1178.0,J1,150,30.22,0.83,25.0,7.5,1,15.0,-7.5,0,1178.0,67.5,1,2
1179.0,J2,150,32.24,0.56,23.0,15.0,2,97.5,-82.5,0,1179.0,37.5,1,2
1179.0,J3,150,32.24,0.56,23.0,30.0,4,120.0,-90.0,0,1179.0,7.5,0,2
1179.0,J1,150,32.24,0.56,23.0,7.5,1,7.5,0.0,0,1179.0,67.5,1,2
1180.0,J2,148,33.54,0.61,24.0,15.0,2,67.5,-52.5,0,1180.0,37.5,1,2
1180.0,J3,148,33.54,0.61,24.0,30.0,4,97.5,-67.5,0,1180.0,7.5,0,2
1180.0,J1,148,33.54,0.61,24.0,7.5,1,7.5,0.0,0,1180.0,67.5,1,2
1181.0,J2,147,34.89,0.5,24.0,15.0,2,45.0,-30.0,0,1181.0,45.0,1,2
1181.0,J3,147,34.89,0.5,24.0,22.5,3,82.5,-60.0,0,1181.0,7.5,0,2
1181.0,J1,147,34.89,0.5,24.0,7.5,1,7.5,0.0,0,1181.0,67.5,1,2
1182.0,J2,147,36.13,0.37,24.0,15.0,2,22.5,-7.5,0,1182.0,52.5,1,2
1182.0,J3,147,36.13,0.37,24.0,15.0,2,60.0,-45.0,0,1182.0,7.5,0,2
1182.0,J1,147,36.13,0.37,24.0,7.5,1,7.5,0.0,0,1182.0,67.5,1,2
1183.0,J2,149,37.35,0.24,13.0,15.0,2,7.5,7.5,0,1183.0,52.5,1,2
1183.0,J3,149,37.35,0.24,13.0,7.5,1,45.0,-37.5,0,1183.0,7.5,0,2
1183.0,J1,149,37.35,0.24,13.0,7.5,1,7.5,0.0,0,1183.0,75.0,1,2
1184.0,J2,149,38.33,0.28,14.0,15.0,2,15.0,0.0,0,1184.0,52.5,1,2
1184.0,J3,149,38.33,0.28,14.0,7.5,1,30.0,-22.5,0,1184.0,7.5,0,2
1184.0,J1,149,38.33,0.28,14.0,7.5,1,7.5,0.0,0,1184.0,75.0,1,2
1185.0,J2,148,39.05,0.31,15.0,15.0,2,15.0,0.0,0,1185.0,52.5,1,2
1185.0,J3,148,39.05,0.31,15.0,7.5,1,30.0,-22.5,0,1185.0,7.5,0,2
1185.0,J1,148,39.05,0.31,15.0,7.5,1,7.5,0.0,0,1185.0,75.0,1,2
1186.0,J2,149,39.57,0.34,16.0,15.0,2,15.0,0.0,0,1186.0,22.5,0,2
1186.0,J3,149,39.57,0.34,16.0,7.5,1,22.5,-15.0,0,1186.0,0.0,0,2
1186.0,J1,149,39.57,0.34,16.0,7.5,1,7.5,0.0,0,1186.0,45.0,1,2
1187.0,J2,151,40.05,0.37,17.0,15.0,2,15.0,0.0,0,1187.0,7.5,0,2
1187.0,J3,151,40.05,0.37,17.0,7.5,1,15.0,-7.5,0,1187.0,7.5,0,2
1187.0,J1,151,40.05,0.37,17.0,7.5,1,7.5,0.0,0,1187.0,22.5,0,2
1188.0,J2,153,40.46,0.4,18.0,15.0,2,15.0,0.0,0,1188.0,7.5,0,2
1188.0,J3,153,40.46,0.4,18.0,7.5,1,7.5,0.0,0,1188.0,7.5,0,2
1188.0,J1,153,40.46,0.4,18.0,7.5,1,7.5,0.0,0,1188.0,22.5,0,2
1189.0,J2,155,40.32,0.43,19.0,15.0,2,15.0,0.0,0,1189.0,22.5,0,2
1189.0,J3,155,40.32,0.43,19.0,7.5,1,7.5,0.0,0,1189.0,15.0,0,2
1189.0,J1,155,40.32,0.43,19.0,7.5,1,7.5,0.0,0,1189.0,30.0,0,2
1190.0,J2,157,40.53,0.46,20.0,15.0,2,15.0,0.0,0,1190.0,22.5,0,2
1190.0,J3,157,40.53,0.46,20.0,7.5,1,7.5,0.0,0,1190.0,15.0,0,2
1190.0,J1,157,40.53,0.46,20.0,15.0,2,7.5,7.5,0,1190.0,30.0,0,2
1191.0,J2,157,40.55,0.5,21.0,15.0,2,15.0,0.0,0,1191.0,37.5,1,2
1191.0,J3,157,40.55,0.5,21.0,7.5,1,7.5,0.0,0,1191.0,30.0,0,2
1191.0,J1,157,40.55,0.5,21.0,15.0,2,7.5,7.5,0,1191.0,30.0,0,2
1192.0,J2,157,40.33,0.48,22.0,22.5,3,15.0,7.5,0,1192.0,37.5,1,2
1192.0,J3,157,40.33,0.48,22.0,7.5,1,7.5,0.0,0,1192.0,37.5,1,2
1192.0,J1,157,40.33,0.48,22.0,22.5,3,7.5,15.0,0,1192.0,30.0,0,2
1193.0,J2,156,40.24,0.53,23.0,22.5,3,15.0,7.5,0,1193.0,52.5,1,2
1193.0,J3,156,40.24,0.53,23.0,7.5,1,7.5,0.0,0,1193.0,52.5,1,2
1193.0,J1,156,40.24,0.53,23.0,22.5,3,7.5,15.0,0,1193.0,37.5,1,2
1194.0,J2,155,40.01,0.57,24.0,22.5,3,15.0,7.5,0,1194.0,52.5,1,2
1194.0,J3,155,40.01,0.57,24.0,7.5,1,7.5,0.0,0,1194.0,67.5,1,2
1194.0,J1,155,40.01,0.57,24.0,22.5,3,7.5,15.0,0,1194.0,45.0,1,2
1195.0,J2,156,40.06,0.62,25.0,22.5,3,15.0,7.5,0,1195.0,60.0,1,2
1195.0,J3,156,40.06,0.62,25.0,7.5,1,7.5,0.0,0,1195.0,67.5,1,2
1195.0,J1,156,40.06,0.62,25.0,22.5,3,15.0,7.5,0,1195.0,60.0,1,2
1196.0,J2,157,40.41,0.66,26.0,22.5,3,15.0,7.5,0,1196.0,60.0,1,2
1196.0,J3,157,40.41,0.66,26.0,7.5,1,7.5,0.0,0,1196.0,75.0,1,2
1196.0,J1,157,40.41,0.66,26.0,22.5,3,15.0,7.5,0,1196.0,60.0,1,2
1197.0,J2,156,40.11,0.72,27.0,22.5,3,22.5,0.0,0,1197.0,60.0,1,2
1197.0,J3,156,40.11,0.72,27.0,15.0,2,7.5,7.5,0,1197.0,90.0,1,2
1197.0,J1,156,40.11,0.72,27.0,30.0,4,22.5,7.5,0,1197.0,75.0,1,2
1198.0,J2,155,39.98,0.78,28.0,22.5,3,22.5,0.0,0,1198.0,75.0,1,2
1198.0,J3,155,39.98,0.78,28.0,15.0,2,7.5,7.5,0,1198.0,97.5,1,2
1198.0,J1,155,39.98,0.78,28.0,30.0,4,22.5,7.5,0,1198.0,82.5,1,2
1199.0,J2,154,40.27,0.84,29.0,22.5,3,22.5,0.0,0,1199.0,82.5,1,2
1199.0,J3,154,40.27,0.84,29.0,15.0,2,7.5,7.5,0,1199.0,97.5,1,2
1199.0,J1,154,40.27,0.84,29.0,30.0,4,22.5,7.5,0,1199.0,112.5,1,2
1200.0,J2,155,40.24,0.9,30.0,22.5,3,22.5,0.0,0,1200.0,82.5,1,2
1200.0,J3,155,40.24,0.9,30.0,15.0,2,7.5,7.5,0,1200.0,105.0,1,2
1200.0,J1,155,40.24,0.9,30.0,30.0,4,22.5,7.5,0,1200.0,127.5,1,2
1201.0,J2,155,39.96,0.95,31.0,22.5,3,22.5,0.0,0,1201.0,105.0,1,2
1201.0,J3,155,39.96,0.95,31.0,15.0,2,7.5,7.5,0,1201.0,105.0,1,2
1201.0,J1,155,39.96,0.95,31.0,30.0,4,22.5,7.5,0,1201.0,142.5,1,2
1202.0,J2,154,39.93,1.02,32.0,22.5,3,22.5,0.0,0,1202.0,105.0,1,2
1202.0,J3,154,39.93,1.02,32.0,15.0,2,15.0,0.0,0,1202.0,105.0,1,2
1202.0,J1,154,39.93,1.02,32.0,30.0,4,30.0,0.0,0,1202.0,142.5,1,2
1203.0,J2,154,39.87,1.08,33.0,22.5,3,22.5,0.0,0,1203.0,105.0,1,2
1203.0,J3,154,39.87,1.08,33.0,15.0,2,15.0,0.0,0,1203.0,112.5,1,2
1203.0,J1,154,39.87,1.08,33.0,37.5,5,30.0,7.5,0,1203.0,142.5,1,2
1204.0,J2,156,39.87,1.13,34.0,22.5,3,22.5,0.0,0,1204.0,105.0,1,2
1204.0,J3,156,39.87,1.13,34.0,15.0,2,15.0,0.0,0,1204.0,112.5,1,2
1204.0,J1,156,39.87,1.13,34.0,37.5,5,30.0,7.5,0,1204.0,142.5,1,2
1205.0,J2,156,39.71,1.2,35.0,22.5,3,22.5,0.0,0,1205.0,112.5,1,2
1205.0,J3,156,39.71,1.2,35.0,15.0,2,15.0,0.0,0,1205.0,112.5,1,2
1205.0,J1,156,39.71,1.2,35.0,37.5,5,30.0,7.5,0,1205.0,142.5,1,2
1206.0,J2,156,39.87,1.27,36.0,22.5,3,22.5,0.0,0,1206.0,120.0,1,2
1206.0,J3,156,39.87,1.27,36.0,15.0,2,15.0,0.0,0,1206.0,127.5,1,2
1206.0,J1,156,39.87,1.27,36.0,45.0,6,30.0,15.0,0,1206.0,142.5,1,2
1207.0,J2,155,39.88,1.35,37.0,22.5,3,22.5,0.0,0,1207.0,135.0,1,2
1207.0,J3,155,39.88,1.35,37.0,22.5,3,15.0,7.5,0,1207.0,127.5,1,2
1207.0,J1,155,39.88,1.35,37.0,45.0,6,30.0,15.0,0,1207.0,142.5,1,2
1208.0,J2,155,39.85,1.43,38.0,22.5,3,22.5,0.0,0,1208.0,142.5,1,2
1208.0,J3,155,39.85,1.43,38.0,22.5,3,15.0,7.5,0,1208.0,127.5,1,2
1208.0,J1,155,39.85,1.43,38.0,45.0,6,37.5,7.5,0,1208.0,142.5,1,2
1209.0,J2,156,39.86,1.5,39.0,22.5,3,22.5,0.0,0,1209.0,142.5,1,2
1209.0,J3,156,39.86,1.5,39.0,22.5,3,15.0,7.5,0,1209.0,127.5,1,2
1209.0,J1,156,39.86,1.5,39.0,45.0,6,37.5,7.5,0,1209.0,150.0,1,2
1210.0,J2,157,39.95,1.57,40.0,22.5,3,22.5,0.0,0,1210.0,142.5,1,2
1210.0,J3,157,39.95,1.57,40.0,22.5,3,15.0,7.5,0,1210.0,127.5,1,2
1210.0,J1,157,39.95,1.57,40.0,45.0,6,37.5,7.5,0,1210.0,150.0,1,2
1211.0,J2,158,39.94,1.63,41.0,22.5,3,22.5,0.0,0,1211.0,142.5,1,2
1211.0,J3,158,39.94,1.63,41.0,22.5,3,15.0,7.5,0,1211.0,127.5,1,2
1211.0,J1,158,39.94,1.63,41.0,45.0,6,45.0,0.0,0,1211.0,157.5,1,2
1212.0,J2,158,39.73,1.71,42.0,22.5,3,22.5,0.0,0,1212.0,142.5,1,2
1212.0,J3,158,39.73,1.71,42.0,22.5,3,22.5,0.0,0,1212.0,127.5,1,2
1212.0,J1,158,39.73,1.71,42.0,45.0,6,45.0,0.0,0,1212.0,165.0,1,2
1213.0,J2,158,39.23,1.78,43.0,22.5,3,22.5,0.0,1,1213.0,142.5,1,2
1213.0,J3,158,39.23,1.78,43.0,22.5,3,22.5,0.0,1,1213.0,135.0,1,2
1213.0,J1,158,39.23,1.78,43.0,45.0,6,45.0,0.0,1,1213.0,165.0,1,2
1214.0,J2,158,38.17,1.86,44.0,22.5,3,22.5,0.0,1,1214.0,142.5,1,2
1214.0,J3,158,38.17,1.86,44.0,22.5,3,22.5,0.0,1,1214.0,135.0,1,2
1214.0,J1,158,38.17,1.86,44.0,45.0,6,45.0,0.0,1,1214.0,165.0,1,2
1215.0,J2,156,36.88,1.97,45.0,22.5,3,22.5,0.0,1,1215.0,150.0,1,2
1215.0,J3,156,36.88,1.97,45.0,30.0,4,22.5,7.5,1,1215.0,135.0,1,2
1215.0,J1,156,36.88,1.97,45.0,52.5,7,45.0,7.5,1,1215.0,165.0,1,2
1216.0,J2,157,36.17,0.18,14.0,0.0,0,22.5,-22.5,2,1216.0,150.0,1,2
1216.0,J3,157,36.17,0.18,14.0,7.5,1,22.5,-15.0,2,1216.0,142.5,1,2
1216.0,J1,157,36.17,0.18,14.0,22.5,3,45.0,-22.5,2,1216.0,165.0,1,2
1217.0,J2,156,34.94,0.06,3.0,15.0,2,22.5,-7.5,2,1217.0,150.0,1,2
1217.0,J3,156,34.94,0.06,3.0,7.5,1,22.5,-15.0,2,1217.0,142.5,1,2
1217.0,J1,156,34.94,0.06,3.0,22.5,3,45.0,-22.5,2,1217.0,165.0,1,2
1218.0,J2,158,34.35,0.1,4.0,37.5,5,22.5,15.0,2,1218.0,150.0,1,2
1218.0,J3,158,34.35,0.1,4.0,7.5,1,22.5,-15.0,2,1218.0,142.5,1,2
1218.0,J1,158,34.35,0.1,4.0,30.0,4,45.0,-15.0,2,1218.0,165.0,1,2
1219.0,J2,156,33.76,0.19,5.0,37.5,5,22.5,15.0,2,1219.0,157.5,1,2
1219.0,J3,156,33.76,0.19,5.0,30.0,4,22.5,7.5,2,1219.0,142.5,1,2
1219.0,J1,156,33.76,0.19,5.0,30.0,4,45.0,-15.0,2,1219.0,165.0,1,2
1220.0,J2,155,33.17,0.29,6.0,45.0,6,22.5,22.5,2,1220.0,157.5,1,2
1220.0,J3,155,33.17,0.29,6.0,30.0,4,30.0,0.0,2,1220.0,157.5,1,2
1220.0,J1,155,33.17,0.29,6.0,45.0,6,52.5,-7.5,2,1220.0,172.5,1,2
1221.0,J2,154,32.6,0.42,7.0,52.5,7,0.0,52.5,2,1221.0,165.0,1,2
1221.0,J3,154,32.6,0.42,7.0,37.5,5,7.5,30.0,2,1221.0,165.0,1,2
1221.0,J1,154,32.6,0.42,7.0,52.5,7,22.5,30.0,2,1221.0,180.0,1,2
1222.0,J2,154,32.06,0.56,8.0,75.0,10,15.0,60.0,2,1222.0,165.0,1,2
1222.0,J3,154,32.06,0.56,8.0,37.5,5,7.5,30.0,2,1222.0,172.5,1,2
1222.0,J1,154,32.06,0.56,8.0,52.5,7,22.5,30.0,2,1222.0,180.0,1,2
1223.0,J2,154,30.98,0.73,9.0,90.0,12,37.5,52.5,2,1223.0,165.0,1,2
1223.0,J3,154,30.98,0.73,9.0,37.5,5,7.5,30.0,2,1223.0,180.0,1,2
1223.0,J1,154,30.98,0.73,9.0,67.5,9,30.0,37.5,2,1223.0,187.5,1,2
1224.0,J2,152,30.18,0.93,10.0,97.5,13,37.5,60.0,2,1224.0,165.0,1,2
1224.0,J3,152,30.18,0.93,10.0,52.5,7,30.0,22.5,2,1224.0,180.0,1,2
1224.0,J1,152,30.18,0.93,10.0,75.0,10,30.0,45.0,2,1224.0,187.5,1,2
1225.0,J2,152,29.25,1.16,11.0,127.5,17,45.0,82.5,2,1225.0,172.5,1,2
1225.0,J3,152,29.25,1.16,11.0,60.0,8,30.0,30.0,2,1225.0,180.0,1,2
1225.0,J1,152,29.25,1.16,11.0,75.0,10,45.0,30.0,2,1225.0,187.5,1,2
1226.0,J2,150,28.53,1.45,12.0,135.0,18,52.5,82.5,2,1226.0,187.5,1,2
1226.0,J3,150,28.53,1.45,12.0,75.0,10,37.5,37.5,2,1226.0,180.0,1,2
1226.0,J1,150,28.53,1.45,12.0,90.0,12,52.5,37.5,2,1226.0,187.5,1,2
1227.0,J2,152,28.45,1.72,13.0,150.0,20,75.0,75.0,2,1227.0,187.5,1,2
1227.0,J3,152,28.45,1.72,13.0,82.5,11,37.5,45.0,2,1227.0,180.0,1,2
1227.0,J1,152,28.45,1.72,13.0,105.0,14,52.5,52.5,2,1227.0,187.5,1,2
1228.0,J2,151,28.03,2.05,14.0,157.5,21,90.0,67.5,2,1228.0,187.5,1,2
1228.0,J3,151,28.03,2.05,14.0,90.0,12,37.5,52.5,2,1228.0,180.0,1,2
1228.0,J1,151,28.03,2.05,14.0,112.5,15,67.5,45.0,2,1228.0,195.0,1,2
1229.0,J2,150,27.68,2.4,15.0,165.0,22,97.5,67.5,2,1229.0,187.5,1,2
1229.0,J3,150,27.68,2.4,15.0,90.0,12,52.5,37.5,2,1229.0,180.0,1,2
1229.0,J1,150,27.68,2.4,15.0,120.0,16,75.0,45.0,2,1229.0,195.0,1,2
1230.0,J2,148,26.53,2.77,16.0,165.0,22,127.5,37.5,2,1230.0,187.5,1,2
1230.0,J3,148,26.53,2.77,16.0,90.0,12,60.0,30.0,2,1230.0,180.0,1,2
1230.0,J1,148,26.53,2.77,16.0,120.0,16,75.0,45.0,2,1230.0,195.0,1,2
1231.0,J2,149,25.6,3.1,17.0,165.0,22,135.0,30.0,2,1231.0,142.5,1,2
1231.0,J3,149,25.6,3.1,17.0,90.0,12,75.0,15.0,2,1231.0,135.0,1,2
1231.0,J1,149,25.6,3.1,17.0,135.0,18,90.0,45.0,2,1231.0,157.5,1,2
1232.0,J2,148,24.33,3.49,18.0,172.5,23,150.0,22.5,2,1232.0,97.5,1,2
1232.0,J3,148,24.33,3.49,18.0,90.0,12,82.5,7.5,2,1232.0,90.0,1,2
1232.0,J1,148,24.33,3.49,18.0,142.5,19,105.0,37.5,2,1232.0,112.5,1,2
1233.0,J2,148,23.88,3.88,19.0,187.5,25,157.5,30.0,2,1233.0,52.5,1,2
1233.0,J3,148,23.88,3.88,19.0,97.5,13,90.0,7.5,2,1233.0,45.0,1,2
1233.0,J1,148,23.88,3.88,19.0,150.0,20,112.5,37.5,2,1233.0,75.0,1,2
1234.0,J2,148,23.51,4.3,20.0,195.0,26,165.0,30.0,2,1234.0,30.0,0,2
1234.0,J3,148,23.51,4.3,20.0,97.5,13,90.0,7.5,2,1234.0,15.0,0,2
1234.0,J1,148,23.51,4.3,20.0,172.5,23,120.0,52.5,2,1234.0,45.0,1,2
1235.0,J2,150,23.4,4.67,21.0,217.5,29,165.0,52.5,2,1235.0,22.5,0,2
1235.0,J3,150,23.4,4.67,21.0,97.5,13,90.0,7.5,2,1235.0,0.0,0,2
1235.0,J1,150,23.4,4.67,21.0,172.5,23,120.0,52.5,2,1235.0,37.5,1,2
1236.0,J2,149,22.75,5.15,22.0,217.5,29,165.0,52.5,2,1236.0,22.5,0,2
1236.0,J3,149,22.75,5.15,22.0,97.5,13,90.0,7.5,2,1236.0,0.0,0,2
1236.0,J1,149,22.75,5.15,22.0,180.0,24,135.0,45.0,2,1236.0,30.0,0,2
1237.0,J2,149,22.59,5.6,23.0,232.5,31,172.5,60.0,2,1237.0,22.5,0,2
1237.0,J3,149,22.59,5.6,23.0,97.5,13,90.0,7.5,2,1237.0,0.0,0,2
1237.0,J1,149,22.59,5.6,23.0,180.0,24,142.5,37.5,2,1237.0,30.0,0,2
1238.0,J2,148,22.35,6.11,24.0,240.0,32,187.5,52.5,2,1238.0,30.0,0,2
1238.0,J3,148,22.35,6.11,24.0,105.0,14,97.5,7.5,2,1238.0,0.0,0,2
1238.0,J1,148,22.35,6.11,24.0,180.0,24,150.0,30.0,2,1238.0,30.0,0,2
1239.0,J2,149,22.23,6.54,25.0,240.0,32,195.0,45.0,2,1239.0,30.0,0,2
1239.0,J3,149,22.23,6.54,25.0,105.0,14,97.5,7.5,2,1239.0,0.0,0,2
1239.0,J1,149,22.23,6.54,25.0,180.0,24,172.5,7.5,2,1239.0,30.0,0,2
1240.0,J2,149,22.03,6.99,26.0,232.5,31,217.5,15.0,2,1240.0,37.5,1,2
1240.0,J3,149,22.03,6.99,26.0,105.0,14,97.5,7.5,2,1240.0,0.0,0,2
1240.0,J1,149,22.03,6.99,26.0,180.0,24,172.5,7.5,2,1240.0,30.0,0,2
1241.0,J2,148,21.49,7.51,27.0,232.5,31,217.5,15.0,2,1241.0,37.5,1,2
1241.0,J3,148,21.49,7.51,27.0,112.5,15,97.5,15.0,2,1241.0,7.5,0,2
1241.0,J1,148,21.49,7.51,27.0,180.0,24,180.0,0.0,2,1241.0,30.0,0,2
1242.0,J2,149,21.51,7.93,28.0,232.5,31,232.5,0.0,2,1242.0,37.5,1,2
1242.0,J3,149,21.51,7.93,28.0,120.0,16,97.5,22.5,2,1242.0,15.0,0,2
1242.0,J1,149,21.51,7.93,28.0,180.0,24,180.0,0.0,2,1242.0,30.0,0,2
1243.0,J2,147,21.11,8.54,29.0,247.5,33,240.0,7.5,2,1243.0,37.5,1,2
1243.0,J3,147,21.11,8.54,29.0,127.5,17,105.0,22.5,2,1243.0,15.0,0,2
1243.0,J1,147,21.11,8.54,29.0,180.0,24,180.0,0.0,2,1243.0,30.0,0,2
1244.0,J2,147,20.97,9.06,30.0,262.5,35,240.0,22.5,2,1244.0,37.5,1,2
1244.0,J3,147,20.97,9.06,30.0,127.5,17,105.0,22.5,2,1244.0,15.0,0,2
1244.0,J1,147,20.97,9.06,30.0,180.0,24,180.0,0.0,2,1244.0,30.0,0,2
1245.0,J2,148,20.85,9.51,31.0,262.5,35,232.5,30.0,2,1245.0,37.5,1,2
1245.0,J3,148,20.85,9.51,31.0,127.5,17,105.0,22.5,2,1245.0,15.0,0,2
1245.0,J1,148,20.85,9.51,31.0,180.0,24,180.0,0.0,2,1245.0,30.0,0,2
1246.0,J2,150,20.82,9.89,32.0,262.5,35,232.5,30.0,2,1246.0,37.5,1,2
1246.0,J3,150,20.82,9.89,32.0,127.5,17,112.5,15.0,2,1246.0,15.0,0,2
1246.0,J1,150,20.82,9.89,32.0,180.0,24,180.0,0.0,2,1246.0,30.0,0,2
1247.0,J2,152,20.62,10.26,33.0,262.5,35,232.5,30.0,2,1247.0,37.5,1,2
1247.0,J3,152,20.62,10.26,33.0,127.5,17,120.0,7.5,2,1247.0,15.0,0,2
1247.0,J1,152,20.62,10.26,33.0,180.0,24,180.0,0.0,2,1247.0,30.0,0,2
1248.0,J2,152,20.38,10.77,34.0,270.0,36,247.5,22.5,2,1248.0,37.5,1,2
1248.0,J3,152,20.38,10.77,34.0,127.5,17,127.5,0.0,2,1248.0,15.0,0,2
1248.0,J1,152,20.38,10.77,34.0,180.0,24,180.0,0.0,2,1248.0,30.0,0,2
1249.0,J2,154,20.16,11.14,35.0,270.0,36,262.5,7.5,2,1249.0,37.5,1,2
1249.0,J3,154,20.16,11.14,35.0,127.5,17,127.5,0.0,2,1249.0,15.0,0,2
1249.0,J1,154,20.16,11.14,35.0,187.5,25,180.0,7.5,2,1249.0,30.0,0,2
1250.0,J2,155,19.92,11.58,36.0,277.5,37,262.5,15.0,2,1250.0,37.5,1,2
1250.0,J3,155,19.92,11.58,36.0,135.0,18,127.5,7.5,2,1250.0,15.0,0,2
1250.0,J1,155,19.92,11.58,36.0,187.5,25,180.0,7.5,2,1250.0,30.0,0,2
1251.0,J2,154,19.35,12.19,37.0,277.5,37,262.5,15.0,2,1251.0,37.5,1,2
1251.0,J3,154,19.35,12.19,37.0,135.0,18,127.5,7.5,2,1251.0,15.0,0,2
1251.0,J1,154,19.35,12.19,37.0,202.5,27,180.0,22.5,2,1251.0,30.0,0,2
1252.0,J2,156,19.35,12.57,38.0,285.0,38,262.5,22.5,2,1252.0,37.5,1,2
1252.0,J3,156,19.35,12.57,38.0,135.0,18,127.5,7.5,2,1252.0,15.0,0,2
1252.0,J1,156,19.35,12.57,38.0,210.0,28,180.0,30.0,2,1252.0,30.0,0,2
1253.0,J2,156,19.32,13.11,39.0,285.0,38,270.0,15.0,2,1253.0,37.5,1,2
1253.0,J3,156,19.32,13.11,39.0,135.0,18,127.5,7.5,2,1253.0,15.0,0,2
1253.0,J1,156,19.32,13.11,39.0,210.0,28,180.0,30.0,2,1253.0,30.0,0,2
1254.0,J2,158,19.52,13.49,40.0,285.0,38,270.0,15.0,2,1254.0,37.5,1,2
1254.0,J3,158,19.52,13.49,40.0,142.5,19,127.5,15.0,2,1254.0,15.0,0,2
1254.0,J1,158,19.52,13.49,40.0,217.5,29,187.5,30.0,2,1254.0,30.0,0,2
1255.0,J2,158,19.45,14.04,41.0,285.0,38,277.5,7.5,2,1255.0,37.5,1,2
1255.0,J3,158,19.45,14.04,41.0,150.0,20,135.0,15.0,2,1255.0,15.0,0,2
1255.0,J1,158,19.45,14.04,41.0,217.5,29,187.5,30.0,2,1255.0,30.0,0,2
1256.0,J2,157,19.01,14.69,42.0,285.0,38,277.5,7.5,2,1256.0,37.5,1,2
1256.0,J3,157,19.01,14.69,42.0,157.5,21,135.0,22.5,2,1256.0,15.0,0,2
1256.0,J1,157,19.01,14.69,42.0,217.5,29,202.5,15.0,2,1256.0,30.0,0,2
1257.0,J2,155,18.47,15.45,43.0,285.0,38,285.0,0.0,2,1257.0,37.5,1,2
1257.0,J3,155,18.47,15.45,43.0,157.5,21,135.0,22.5,2,1257.0,15.0,0,2
1257.0,J1,155,18.47,15.45,43.0,225.0,30,210.0,15.0,2,1257.0,30.0,0,2
1258.0,J2,153,17.94,16.24,44.0,285.0,38,285.0,0.0,3,1258.0,37.5,1,2
1258.0,J3,153,17.94,16.24,44.0,157.5,21,135.0,22.5,3,1258.0,15.0,0,2
1258.0,J1,153,17.94,16.24,44.0,225.0,30,210.0,15.0,3,1258.0,30.0,0,2
1259.0,J2,153,17.82,16.82,45.0,285.0,38,285.0,0.0,3,1259.0,37.5,1,2
1259.0,J3,153,17.82,16.82,45.0,157.5,21,142.5,15.0,3,1259.0,15.0,0,2
1259.0,J1,153,17.82,16.82,45.0,225.0,30,217.5,7.5,3,1259.0,30.0,0,2
1260.0,J2,153,17.48,17.41,46.0,285.0,38,285.0,0.0,3,1260.0,37.5,1,2
1260.0,J3,153,17.48,17.41,46.0,165.0,22,150.0,15.0,3,1260.0,15.0,0,2
1260.0,J1,153,17.48,17.41,46.0,225.0,30,217.5,7.5,3,1260.0,30.0,0,2
1261.0,J2,152,17.83,13.45,43.0,240.0,32,285.0,-45.0,0,1261.0,37.5,1,2
1261.0,J3,152,17.83,13.45,43.0,120.0,16,157.5,-37.5,0,1261.0,15.0,0,2
1261.0,J1,152,17.83,13.45,43.0,180.0,24,217.5,-37.5,0,1261.0,30.0,0,2
1262.0,J2,152,18.87,10.08,40.0,195.0,26,285.0,-90.0,0,1262.0,37.5,1,2
1262.0,J3,152,18.87,10.08,40.0,75.0,10,157.5,-82.5,0,1262.0,15.0,0,2
1262.0,J1,152,18.87,10.08,40.0,142.5,19,225.0,-82.5,0,1262.0,30.0,0,2
1263.0,J2,149,20.1,7.36,40.0,157.5,21,285.0,-127.5,0,1263.0,37.5,1,2
1263.0,J3,149,20.1,7.36,40.0,30.0,4,157.5,-127.5,0,1263.0,15.0,0,2
1263.0,J1,149,20.1,7.36,40.0,112.5,15,225.0,-112.5,0,1263.0,30.0,0,2
1264.0,J2,148,22.3,5.14,38.0,112.5,15,285.0,-172.5,0,1264.0,37.5,1,2
1264.0,J3,148,22.3,5.14,38.0,7.5,1,157.5,-150.0,0,1264.0,15.0,0,2
1264.0,J1,148,22.3,5.14,38.0,90.0,12,225.0,-135.0,0,1264.0,30.0,0,2
1265.0,J2,147,24.83,3.18,37.0,67.5,9,285.0,-217.5,0,1265.0,37.5,1,2
1265.0,J3,147,24.83,3.18,37.0,0.0,0,165.0,-165.0,0,1265.0,15.0,0,2
1265.0,J1,147,24.83,3.18,37.0,67.5,9,225.0,-157.5,0,1265.0,30.0,0,2
1266.0,J2,148,27.86,1.79,34.0,37.5,5,240.0,-202.5,0,1266.0,37.5,1,2
1266.0,J3,148,27.86,1.79,34.0,0.0,0,120.0,-120.0,0,1266.0,15.0,0,2
1266.0,J1,148,27.86,1.79,34.0,45.0,6,180.0,-135.0,0,1266.0,30.0,0,2
1267.0,J2,147,30.43,0.61,32.0,15.0,2,195.0,-180.0,0,1267.0,37.5,1,2
1267.0,J3,147,30.43,0.61,32.0,0.0,0,75.0,-75.0,0,1267.0,15.0,0,2
1267.0,J1,147,30.43,0.61,32.0,22.5,3,142.5,-120.0,0,1267.0,30.0,0,2
1268.0,J2,147,33.17,0.16,18.0,7.5,1,157.5,-150.0,0,1268.0,37.5,1,2
1268.0,J3,147,33.17,0.16,18.0,0.0,0,30.0,-30.0,0,1268.0,15.0,0,2
1268.0,J1,147,33.17,0.16,18.0,7.5,1,112.5,-105.0,0,1268.0,30.0,0,2
1269.0,J2,147,34.7,0.18,19.0,7.5,1,112.5,-105.0,0,1269.0,37.5,1,2
1269.0,J3,147,34.7,0.18,19.0,0.0,0,7.5,-7.5,0,1269.0,15.0,0,2
1269.0,J1,147,34.7,0.18,19.0,7.5,1,90.0,-82.5,0,1269.0,30.0,0,2
1270.0,J2,149,36.66,0.05,8.0,7.5,1,67.5,-60.0,0,1270.0,37.5,1,2
1270.0,J3,149,36.66,0.05,8.0,0.0,0,0.0,0.0,0,1270.0,15.0,0,2
1270.0,J1,149,36.66,0.05,8.0,0.0,0,67.5,-67.5,0,1270.0,30.0,0,2
1271.0,J2,148,37.72,0.07,9.0,15.0,2,37.5,-22.5,0,1271.0,37.5,1,2
1271.0,J3,148,37.72,0.07,9.0,0.0,0,0.0,0.0,0,1271.0,15.0,0,2
1271.0,J1,148,37.72,0.07,9.0,0.0,0,45.0,-45.0,0,1271.0,30.0,0,2
1272.0,J2,148,38.74,0.08,10.0,15.0,2,15.0,0.0,0,1272.0,37.5,1,2
1272.0,J3,148,38.74,0.08,10.0,0.0,0,0.0,0.0,0,1272.0,15.0,0,2
1272.0,J1,148,38.74,0.08,10.0,0.0,0,22.5,-22.5,0,1272.0,30.0,0,2
1273.0,J2,149,39.78,0.09,11.0,15.0,2,7.5,7.5,0,1273.0,37.5,1,2
1273.0,J3,149,39.78,0.09,11.0,0.0,0,0.0,0.0,0,1273.0,15.0,0,2
1273.0,J1,149,39.78,0.09,11.0,0.0,0,7.5,-7.5,0,1273.0,30.0,0,2
1274.0,J2,152,40.74,0.11,12.0,15.0,2,7.5,7.5,0,1274.0,37.5,1,2
1274.0,J3,152,40.74,0.11,12.0,0.0,0,0.0,0.0,0,1274.0,15.0,0,2
1274.0,J1,152,40.74,0.11,12.0,0.0,0,7.5,-7.5,0,1274.0,30.0,0,2
1275.0,J2,153,41.14,0.12,13.0,15.0,2,7.5,7.5,0,1275.0,37.5,1,2
1275.0,J3,153,41.14,0.12,13.0,0.0,0,0.0,0.0,0,1275.0,15.0,0,2
1275.0,J1,153,41.14,0.12,13.0,0.0,0,0.0,0.0,0,1275.0,30.0,0,2
1276.0,J2,154,41.13,0.13,14.0,15.0,2,15.0,0.0,0,1276.0,15.0,0,2
1276.0,J3,154,41.13,0.13,14.0,0.0,0,0.0,0.0,0,1276.0,0.0,0,2
1276.0,J1,154,41.13,0.13,14.0,0.0,0,0.0,0.0,0,1276.0,7.5,0,2
1277.0,J2,155,41.5,0.14,15.0,15.0,2,15.0,0.0,0,1277.0,7.5,0,2
1277.0,J3,155,41.5,0.14,15.0,0.0,0,0.0,0.0,0,1277.0,7.5,0,2
1277.0,J1,155,41.5,0.14,15.0,0.0,0,0.0,0.0,0,1277.0,0.0,0,2
1278.0,J2,156,41.81,0.16,16.0,15.0,2,15.0,0.0,0,1278.0,15.0,0,2
1278.0,J3,156,41.81,0.16,16.0,7.5,1,0.0,7.5,0,1278.0,7.5,0,2
1278.0,J1,156,41.81,0.16,16.0,0.0,0,0.0,0.0,0,1278.0,7.5,0,2
1279.0,J2,156,42.06,0.18,17.0,15.0,2,15.0,0.0,0,1279.0,30.0,0,2
1279.0,J3,156,42.06,0.18,17.0,7.5,1,0.0,7.5,0,1279.0,15.0,0,2
1279.0,J1,156,42.06,0.18,17.0,0.0,0,0.0,0.0,0,1279.0,7.5,0,2
1280.0,J2,157,42.14,0.2,18.0,15.0,2,15.0,0.0,0,1280.0,45.0,1,2
1280.0,J3,157,42.14,0.2,18.0,7.5,1,0.0,7.5,0,1280.0,30.0,0,2
1280.0,J1,157,42.14,0.2,18.0,0.0,0,0.0,0.0,0,1280.0,15.0,0,2
1281.0,J2,158,41.95,0.22,19.0,15.0,2,15.0,0.0,0,1281.0,75.0,1,2
1281.0,J3,158,41.95,0.22,19.0,7.5,1,0.0,7.5,0,1281.0,37.5,1,2
1281.0,J1,158,41.95,0.22,19.0,7.5,1,0.0,7.5,0,1281.0,15.0,0,2
1282.0,J2,159,41.77,0.25,20.0,15.0,2,15.0,0.0,0,1282.0,90.0,1,2
1282.0,J3,159,41.77,0.25,20.0,7.5,1,0.0,7.5,0,1282.0,37.5,1,2
1282.0,J1,159,41.77,0.25,20.0,7.5,1,0.0,7.5,0,1282.0,22.5,0,2
1283.0,J2,159,41.31,0.27,21.0,15.0,2,15.0,0.0,0,1283.0,105.0,1,2
1283.0,J3,159,41.31,0.27,21.0,7.5,1,7.5,0.0,0,1283.0,45.0,1,2
1283.0,J1,159,41.31,0.27,21.0,7.5,1,0.0,7.5,0,1283.0,30.0,0,2
1284.0,J2,156,41.35,0.31,22.0,22.5,3,15.0,7.5,0,1284.0,120.0,1,2
1284.0,J3,156,41.35,0.31,22.0,7.5,1,7.5,0.0,0,1284.0,52.5,1,2
1284.0,J1,156,41.35,0.31,22.0,7.5,1,0.0,7.5,0,1284.0,30.0,0,2
1285.0,J2,157,41.25,0.34,23.0,22.5,3,15.0,7.5,0,1285.0,127.5,1,2
1285.0,J3,157,41.25,0.34,23.0,15.0,2,7.5,7.5,0,1285.0,52.5,1,2
1285.0,J1,157,41.25,0.34,23.0,7.5,1,0.0,7.5,0,1285.0,30.0,0,2
1286.0,J2,156,40.82,0.39,24.0,30.0,4,15.0,15.0,0,1286.0,127.5,1,2
1286.0,J3,156,40.82,0.39,24.0,15.0,2,7.5,7.5,0,1286.0,52.5,1,2
1286.0,J1,156,40.82,0.39,24.0,7.5,1,7.5,0.0,0,1286.0,30.0,0,2
1287.0,J2,157,40.18,0.43,25.0,30.0,4,15.0,15.0,0,1287.0,135.0,1,2
1287.0,J3,157,40.18,0.43,25.0,15.0,2,7.5,7.5,0,1287.0,52.5,1,2
1287.0,J1,157,40.18,0.43,25.0,7.5,1,7.5,0.0,0,1287.0,37.5,1,2
1288.0,J2,158,39.74,0.48,26.0,37.5,5,15.0,22.5,0,1288.0,135.0,1,2
1288.0,J3,158,39.74,0.48,26.0,15.0,2,7.5,7.5,0,1288.0,60.0,1,2
1288.0,J1,158,39.74,0.48,26.0,7.5,1,7.5,0.0,0,1288.0,37.5,1,2
1289.0,J2,159,39.54,0.53,27.0,45.0,6,22.5,22.5,0,1289.0,135.0,1,2
1289.0,J3,159,39.54,0.53,27.0,15.0,2,7.5,7.5,0,1289.0,60.0,1,2
1289.0,J1,159,39.54,0.53,27.0,7.5,1,7.5,0.0,0,1289.0,60.0,1,2
1290.0,J2,159,39.34,0.6,28.0,52.5,7,22.5,30.0,0,1290.0,135.0,1,2
1290.0,J3,159,39.34,0.6,28.0,22.5,3,15.0,7.5,0,1290.0,60.0,1,2
1290.0,J1,159,39.34,0.6,28.0,7.5,1,7.5,0.0,0,1290.0,60.0,1,2
1291.0,J2,160,39.44,0.69,29.0,67.5,9,30.0,37.5,0,1291.0,135.0,1,2
1291.0,J3,160,39.44,0.69,29.0,30.0,4,15.0,15.0,0,1291.0,67.5,1,2
1291.0,J1,160,39.44,0.69,29.0,7.5,1,7.5,0.0,0,1291.0,60.0,1,2
1292.0,J2,161,39.6,0.78,30.0,75.0,10,30.0,45.0,0,1292.0,135.0,1,2
1292.0,J3,161,39.6,0.78,30.0,30.0,4,15.0,15.0,0,1292.0,67.5,1,2
1292.0,J1,161,39.6,0.78,30.0,7.5,1,7.5,0.0,0,1292.0,75.0,1,2
1293.0,J2,163,39.5,0.86,31.0,75.0,10,37.5,37.5,0,1293.0,135.0,1,2
1293.0,J3,163,39.5,0.86,31.0,30.0,4,15.0,15.0,0,1293.0,67.5,1,2
1293.0,J1,163,39.5,0.86,31.0,7.5,1,7.5,0.0,0,1293.0,75.0,1,2
1294.0,J2,165,39.5,0.94,32.0,75.0,10,45.0,30.0,0,1294.0,135.0,1,2
1294.0,J3,165,39.5,0.94,32.0,30.0,4,15.0,15.0,0,1294.0,67.5,1,2
1294.0,J1,165,39.5,0.94,32.0,7.5,1,7.5,0.0,0,1294.0,75.0,1,2
1295.0,J2,166,39.27,1.02,33.0,75.0,10,52.5,22.5,0,1295.0,135.0,1,2
1295.0,J3,166,39.27,1.02,33.0,30.0,4,22.5,7.5,0,1295.0,67.5,1,2
1295.0,J1,166,39.27,1.02,33.0,7.5,1,7.5,0.0,0,1295.0,75.0,1,2
1296.0,J2,166,39.35,1.11,34.0,75.0,10,67.5,7.5,0,1296.0,135.0,1,2
1296.0,J3,166,39.35,1.11,34.0,30.0,4,30.0,0.0,0,1296.0,67.5,1,2
1296.0,J1,166,39.35,1.11,34.0,7.5,1,7.5,0.0,0,1296.0,82.5,1,2
1297.0,J2,165,39.36,1.22,35.0,75.0,10,75.0,0.0,0,1297.0,135.0,1,2
1297.0,J3,165,39.36,1.22,35.0,30.0,4,30.0,0.0,0,1297.0,67.5,1,2
1297.0,J1,165,39.36,1.22,35.0,15.0,2,7.5,7.5,0,1297.0,90.0,1,2
1298.0,J2,171,39.62,1.27,36.0,75.0,10,75.0,0.0,0,1298.0,135.0,1,2
1298.0,J3,171,39.62,1.27,36.0,30.0,4,30.0,0.0,0,1298.0,67.5,1,2
1298.0,J1,171,39.62,1.27,36.0,15.0,2,7.5,7.5,0,1298.0,90.0,1,2
1299.0,J2,171,39.14,1.36,37.0,75.0,10,75.0,0.0,0,1299.0,135.0,1,2
1299.0,J3,171,39.14,1.36,37.0,30.0,4,30.0,0.0,0,1299.0,67.5,1,2
1299.0,J1,171,39.14,1.36,37.0,15.0,2,7.5,7.5,0,1299.0,90.0,1,2
1300.0,J2,171,39.33,1.46,38.0,75.0,10,75.0,0.0,0,1300.0,135.0,1,2
1300.0,J3,171,39.33,1.46,38.0,30.0,4,30.0,0.0,0,1300.0,67.5,1,2
1300.0,J1,171,39.33,1.46,38.0,15.0,2,7.5,7.5,0,1300.0,90.0,1,2
1301.0,J2,170,39.23,1.56,39.0,75.0,10,75.0,0.0,0,1301.0,135.0,1,2
1301.0,J3,170,39.23,1.56,39.0,30.0,4,30.0,0.0,0,1301.0,67.5,1,2
1301.0,J1,170,39.23,1.56,39.0,15.0,2,7.5,7.5,0,1301.0,90.0,1,2
1302.0,J2,169,39.14,1.66,40.0,75.0,10,75.0,0.0,0,1302.0,135.0,1,2
1302.0,J3,169,39.14,1.66,40.0,30.0,4,30.0,0.0,0,1302.0,67.5,1,2
1302.0,J1,169,39.14,1.66,40.0,15.0,2,15.0,0.0,0,1302.0,90.0,1,2
1303.0,J2,169,38.61,1.76,41.0,82.5,11,75.0,7.5,1,1303.0,135.0,1,2
1303.0,J3,169,38.61,1.76,41.0,30.0,4,30.0,0.0,1,1303.0,67.5,1,2
1303.0,J1,169,38.61,1.76,41.0,15.0,2,15.0,0.0,1,1303.0,90.0,1,2
1304.0,J2,167,37.87,1.89,42.0,82.5,11,75.0,7.5,1,1304.0,135.0,1,2
1304.0,J3,167,37.87,1.89,42.0,30.0,4,30.0,0.0,1,1304.0,67.5,1,2
1304.0,J1,167,37.87,1.89,42.0,15.0,2,15.0,0.0,1,1304.0,90.0,1,2
1305.0,J2,165,36.9,2.02,43.0,82.5,11,75.0,7.5,1,1305.0,135.0,1,2
1305.0,J3,165,36.9,2.02,43.0,30.0,4,30.0,0.0,1,1305.0,67.5,1,2
1305.0,J1,165,36.9,2.02,43.0,22.5,3,15.0,7.5,1,1305.0,90.0,1,2
1306.0,J2,165,36.25,0.75,19.0,67.5,9,75.0,-7.5,2,1306.0,135.0,1,2
1306.0,J3,165,36.25,0.75,19.0,7.5,1,30.0,-22.5,2,1306.0,67.5,1,2
1306.0,J1,165,36.25,0.75,19.0,0.0,0,15.0,-15.0,2,1306.0,90.0,1,2
1307.0,J2,165,35.47,0.37,18.0,52.5,7,75.0,-22.5,2,1307.0,135.0,1,2
1307.0,J3,165,35.47,0.37,18.0,0.0,0,30.0,-30.0,2,1307.0,67.5,1,2
1307.0,J1,165,35.47,0.37,18.0,0.0,0,15.0,-15.0,2,1307.0,90.0,1,2
1308.0,J2,164,35.0,0.21,17.0,45.0,6,82.5,-37.5,2,1308.0,135.0,1,2
1308.0,J3,164,35.0,0.21,17.0,0.0,0,30.0,-30.0,2,1308.0,67.5,1,2
1308.0,J1,164,35.0,0.21,17.0,22.5,3,15.0,7.5,2,1308.0,90.0,1,2
1309.0,J2,164,34.76,0.15,4.0,37.5,5,82.5,-45.0,2,1309.0,135.0,1,2
1309.0,J3,164,34.76,0.15,4.0,22.5,3,30.0,-7.5,2,1309.0,67.5,1,2
1309.0,J1,164,34.76,0.15,4.0,30.0,4,15.0,15.0,2,1309.0,90.0,1,2
1310.0,J2,166,34.34,0.23,5.0,45.0,6,82.5,-37.5,2,1310.0,135.0,1,2
1310.0,J3,166,34.34,0.23,5.0,22.5,3,30.0,-7.5,2,1310.0,67.5,1,2
1310.0,J1,166,34.34,0.23,5.0,37.5,5,22.5,15.0,2,1310.0,105.0,1,2
1311.0,J2,166,33.86,0.34,6.0,60.0,8,67.5,-7.5,2,1311.0,135.0,1,2
1311.0,J3,166,33.86,0.34,6.0,30.0,4,7.5,22.5,2,1311.0,75.0,1,2
1311.0,J1,166,33.86,0.34,6.0,45.0,6,0.0,45.0,2,1311.0,105.0,1,2
1312.0,J2,166,33.5,0.47,7.0,75.0,10,52.5,22.5,2,1312.0,135.0,1,2
1312.0,J3,166,33.5,0.47,7.0,30.0,4,0.0,30.0,2,1312.0,82.5,1,2
1312.0,J1,166,33.5,0.47,7.0,60.0,8,0.0,60.0,2,1312.0,120.0,1,2
1313.0,J2,165,32.65,0.62,8.0,75.0,10,45.0,30.0,2,1313.0,135.0,1,2
1313.0,J3,165,32.65,0.62,8.0,45.0,6,0.0,45.0,2,1313.0,90.0,1,2
1313.0,J1,165,32.65,0.62,8.0,67.5,9,22.5,45.0,2,1313.0,120.0,1,2
1314.0,J2,165,31.61,0.79,9.0,82.5,11,37.5,45.0,2,1314.0,135.0,1,2
1314.0,J3,165,31.61,0.79,9.0,45.0,6,22.5,22.5,2,1314.0,90.0,1,2
1314.0,J1,165,31.61,0.79,9.0,75.0,10,30.0,45.0,2,1314.0,120.0,1,2
1315.0,J2,165,30.81,0.98,10.0,90.0,12,45.0,45.0,2,1315.0,135.0,1,2
1315.0,J3,165,30.81,0.98,10.0,67.5,9,22.5,45.0,2,1315.0,90.0,1,2
1315.0,J1,165,30.81,0.98,10.0,82.5,11,37.5,45.0,2,1315.0,120.0,1,2
1316.0,J2,166,29.83,1.2,11.0,105.0,14,60.0,45.0,2,1316.0,135.0,1,2
1316.0,J3,166,29.83,1.2,11.0,82.5,11,30.0,52.5,2,1316.0,90.0,1,2
1316.0,J1,166,29.83,1.2,11.0,97.5,13,45.0,52.5,2,1316.0,120.0,1,2
1317.0,J2,165,29.03,1.46,12.0,120.0,16,75.0,45.0,2,1317.0,135.0,1,2
1317.0,J3,165,29.03,1.46,12.0,82.5,11,30.0,52.5,2,1317.0,90.0,1,2
1317.0,J1,165,29.03,1.46,12.0,105.0,14,60.0,45.0,2,1317.0,120.0,1,2
1318.0,J2,164,28.21,1.77,13.0,127.5,17,75.0,52.5,2,1318.0,135.0,1,2
1318.0,J3,164,28.21,1.77,13.0,105.0,14,45.0,60.0,2,1318.0,90.0,1,2
1318.0,J1,164,28.21,1.77,13.0,135.0,18,67.5,67.5,2,1318.0,120.0,1,2
1319.0,J2,163,27.29,2.09,14.0,135.0,18,82.5,52.5,2,1319.0,135.0,1,2
1319.0,J3,163,27.29,2.09,14.0,105.0,14,45.0,60.0,2,1319.0,90.0,1,2
1319.0,J1,163,27.29,2.09,14.0,135.0,18,75.0,60.0,2,1319.0,120.0,1,2
1320.0,J2,162,26.57,2.43,15.0,135.0,18,90.0,45.0,2,1320.0,135.0,1,2
1320.0,J3,162,26.57,2.43,15.0,127.5,17,67.5,60.0,2,1320.0,90.0,1,2
1320.0,J1,162,26.57,2.43,15.0,142.5,19,82.5,60.0,2,1320.0,120.0,1,2
1321.0,J2,162,25.86,2.78,16.0,150.0,20,105.0,45.0,2,1321.0,90.0,1,2
1321.0,J3,162,25.86,2.78,16.0,135.0,18,82.5,52.5,2,1321.0,67.5,1,2
1321.0,J1,162,25.86,2.78,16.0,142.5,19,97.5,45.0,2,1321.0,97.5,1,2
1322.0,J2,163,25.49,3.15,17.0,172.5,23,120.0,52.5,2,1322.0,45.0,1,2
1322.0,J3,163,25.49,3.15,17.0,150.0,20,82.5,67.5,2,1322.0,52.5,1,2
1322.0,J1,163,25.49,3.15,17.0,150.0,20,105.0,45.0,2,1322.0,75.0,1,2
1323.0,J2,162,24.87,3.59,18.0,172.5,23,127.5,45.0,2,1323.0,7.5,0,2
1323.0,J3,162,24.87,3.59,18.0,165.0,22,105.0,60.0,2,1323.0,30.0,0,2
1323.0,J1,162,24.87,3.59,18.0,165.0,22,135.0,30.0,2,1323.0,52.5,1,2
1324.0,J2,162,24.6,4.01,19.0,180.0,24,135.0,45.0,2,1324.0,0.0,0,2
1324.0,J3,162,24.6,4.01,19.0,165.0,22,105.0,60.0,2,1324.0,7.5,0,2
1324.0,J1,162,24.6,4.01,19.0,165.0,22,135.0,30.0,2,1324.0,30.0,0,2
1325.0,J2,162,24.15,4.44,20.0,180.0,24,135.0,45.0,2,1325.0,0.0,0,2
1325.0,J3,162,24.15,4.44,20.0,165.0,22,127.5,37.5,2,1325.0,0.0,0,2
1325.0,J1,162,24.15,4.44,20.0,180.0,24,142.5,37.5,2,1325.0,7.5,0,2
1326.0,J2,163,24.1,4.84,21.0,180.0,24,150.0,30.0,2,1326.0,0.0,0,2
1326.0,J3,163,24.1,4.84,21.0,165.0,22,135.0,30.0,2,1326.0,0.0,0,2
1326.0,J1,163,24.1,4.84,21.0,180.0,24,142.5,37.5,2,1326.0,0.0,0,2
1327.0,J2,163,23.72,5.29,22.0,187.5,25,172.5,15.0,2,1327.0,0.0,0,2
1327.0,J3,163,23.72,5.29,22.0,180.0,24,150.0,30.0,2,1327.0,0.0,0,2
1327.0,J1,163,23.72,5.29,22.0,180.0,24,150.0,30.0,2,1327.0,0.0,0,2
1328.0,J2,165,23.95,5.67,23.0,195.0,26,172.5,22.5,2,1328.0,0.0,0,2
1328.0,J3,165,23.95,5.67,23.0,180.0,24,165.0,15.0,2,1328.0,0.0,0,2
1328.0,J1,165,23.95,5.67,23.0,180.0,24,165.0,15.0,2,1328.0,0.0,0,2
1329.0,J2,164,23.6,6.16,24.0,202.5,27,180.0,22.5,2,1329.0,0.0,0,2
1329.0,J3,164,23.6,6.16,24.0,180.0,24,165.0,15.0,2,1329.0,0.0,0,2
1329.0,J1,164,23.6,6.16,24.0,180.0,24,165.0,15.0,2,1329.0,0.0,0,2
1330.0,J2,164,23.32,6.57,25.0,202.5,27,180.0,22.5,2,1330.0,0.0,0,2
1330.0,J3,164,23.32,6.57,25.0,172.5,23,165.0,7.5,2,1330.0,0.0,0,2
1330.0,J1,164,23.32,6.57,25.0,180.0,24,180.0,0.0,2,1330.0,0.0,0,2
1331.0,J2,164,23.08,7.03,26.0,210.0,28,180.0,30.0,2,1331.0,0.0,0,2
1331.0,J3,164,23.08,7.03,26.0,172.5,23,165.0,7.5,2,1331.0,0.0,0,2
1331.0,J1,164,23.08,7.03,26.0,180.0,24,180.0,0.0,2,1331.0,0.0,0,2
1332.0,J2,164,22.92,7.49,27.0,210.0,28,187.5,22.5,2,1332.0,0.0,0,2
1332.0,J3,164,22.92,7.49,27.0,172.5,23,180.0,-7.5,2,1332.0,0.0,0,2
1332.0,J1,164,22.92,7.49,27.0,180.0,24,180.0,0.0,2,1332.0,0.0,0,2
1333.0,J2,164,22.71,7.97,28.0,225.0,30,195.0,30.0,2,1333.0,0.0,0,2
1333.0,J3,164,22.71,7.97,28.0,187.5,25,180.0,7.5,2,1333.0,0.0,0,2
1333.0,J1,164,22.71,7.97,28.0,180.0,24,180.0,0.0,2,1333.0,0.0,0,2
1334.0,J2,164,22.15,8.45,29.0,225.0,30,202.5,22.5,2,1334.0,0.0,0,2
1334.0,J3,164,22.15,8.45,29.0,187.5,25,180.0,7.5,2,1334.0,0.0,0,2
1334.0,J1,164,22.15,8.45,29.0,180.0,24,180.0,0.0,2,1334.0,0.0,0,2
1335.0,J2,164,21.65,8.94,30.0,225.0,30,202.5,22.5,2,1335.0,0.0,0,2
1335.0,J3,164,21.65,8.94,30.0,195.0,26,172.5,22.5,2,1335.0,0.0,0,2
1335.0,J1,164,21.65,8.94,30.0,180.0,24,180.0,0.0,2,1335.0,0.0,0,2
1336.0,J2,164,21.31,9.43,31.0,225.0,30,210.0,15.0,2,1336.0,0.0,0,2
1336.0,J3,164,21.31,9.43,31.0,195.0,26,172.5,22.5,2,1336.0,0.0,0,2
1336.0,J1,164,21.31,9.43,31.0,187.5,25,180.0,7.5,2,1336.0,0.0,0,2
1337.0,J2,165,21.06,9.87,32.0,225.0,30,210.0,15.0,2,1337.0,0.0,0,2
1337.0,J3,165,21.06,9.87,32.0,195.0,26,172.5,22.5,2,1337.0,0.0,0,2
1337.0,J1,165,21.06,9.87,32.0,195.0,26,180.0,15.0,2,1337.0,0.0,0,2
1338.0,J2,165,20.85,10.38,33.0,225.0,30,225.0,0.0,2,1338.0,0.0,0,2
1338.0,J3,165,20.85,10.38,33.0,195.0,26,187.5,7.5,2,1338.0,0.0,0,2
1338.0,J1,165,20.85,10.38,33.0,210.0,28,180.0,30.0,2,1338.0,0.0,0,2
1339.0,J2,165,20.5,10.89,34.0,225.0,30,225.0,0.0,2,1339.0,0.0,0,2
1339.0,J3,165,20.5,10.89,34.0,195.0,26,187.5,7.5,2,1339.0,0.0,0,2
1339.0,J1,165,20.5,10.89,34.0,210.0,28,180.0,30.0,2,1339.0,0.0,0,2
1340.0,J2,164,20.0,11.48,35.0,225.0,30,225.0,0.0,2,1340.0,0.0,0,2
1340.0,J3,164,20.0,11.48,35.0,210.0,28,195.0,15.0,2,1340.0,0.0,0,2
1340.0,J1,164,20.0,11.48,35.0,210.0,28,180.0,30.0,2,1340.0,0.0,0,2
1341.0,J2,164,19.86,12.01,36.0,225.0,30,225.0,0.0,2,1341.0,0.0,0,2
1341.0,J3,164,19.86,12.01,36.0,210.0,28,195.0,15.0,2,1341.0,0.0,0,2
1341.0,J1,164,19.86,12.01,36.0,210.0,28,187.5,22.5,2,1341.0,0.0,0,2
1342.0,J2,163,19.45,12.63,37.0,225.0,30,225.0,0.0,2,1342.0,0.0,0,2
1342.0,J3,163,19.45,12.63,37.0,217.5,29,195.0,22.5,2,1342.0,0.0,0,2
1342.0,J1,163,19.45,12.63,37.0,225.0,30,195.0,30.0,2,1342.0,0.0,0,2
1343.0,J2,163,19.56,13.18,38.0,232.5,31,225.0,7.5,2,1343.0,0.0,0,2
1343.0,J3,163,19.56,13.18,38.0,217.5,29,195.0,22.5,2,1343.0,0.0,0,2
1343.0,J1,163,19.56,13.18,38.0,232.5,31,210.0,22.5,2,1343.0,0.0,0,2
1344.0,J2,163,19.25,13.74,39.0,232.5,31,225.0,7.5,2,1344.0,0.0,0,2
1344.0,J3,163,19.25,13.74,39.0,217.5,29,195.0,22.5,2,1344.0,0.0,0,2
1344.0,J1,163,19.25,13.74,39.0,232.5,31,210.0,22.5,2,1344.0,0.0,0,2
1345.0,J2,163,19.36,14.3,40.0,232.5,31,225.0,7.5,2,1345.0,0.0,0,2
1345.0,J3,163,19.36,14.3,40.0,217.5,29,210.0,7.5,2,1345.0,0.0,0,2
1345.0,J1,163,19.36,14.3,40.0,232.5,31,210.0,22.5,2,1345.0,0.0,0,2
1346.0,J2,162,19.22,14.95,41.0,232.5,31,225.0,7.5,2,1346.0,0.0,0,2
1346.0,J3,162,19.22,14.95,41.0,217.5,29,210.0,7.5,2,1346.0,0.0,0,2
1346.0,J1,162,19.22,14.95,41.0,232.5,31,210.0,22.5,2,1346.0,0.0,0,2
1347.0,J2,161,18.9,15.61,42.0,232.5,31,225.0,7.5,2,1347.0,0.0,0,2
1347.0,J3,161,18.9,15.61,42.0,217.5,29,217.5,0.0,2,1347.0,0.0,0,2
1347.0,J1,161,18.9,15.61,42.0,232.5,31,225.0,7.5,2,1347.0,0.0,0,2
1348.0,J2,161,18.71,16.17,43.0,232.5,31,232.5,0.0,3,1348.0,0.0,0,2
1348.0,J3,161,18.71,16.17,43.0,217.5,29,217.5,0.0,3,1348.0,0.0,0,2
1348.0,J1,161,18.71,16.17,43.0,232.5,31,232.5,0.0,3,1348.0,0.0,0,2
1349.0,J2,157,17.76,17.17,44.0,232.5,31,232.5,0.0,3,1349.0,0.0,0,2
1349.0,J3,157,17.76,17.17,44.0,225.0,30,217.5,7.5,3,1349.0,0.0,0,2
1349.0,J1,157,17.76,17.17,44.0,232.5,31,232.5,0.0,3,1349.0,0.0,0,2
1350.0,J2,158,17.59,17.65,45.0,232.5,31,232.5,0.0,3,1350.0,0.0,0,2
1350.0,J3,158,17.59,17.65,45.0,225.0,30,217.5,7.5,3,1350.0,0.0,0,2
1350.0,J1,158,17.59,17.65,45.0,232.5,31,232.5,0.0,3,1350.0,0.0,0,2
1351.0,J2,156,17.57,13.72,43.0,187.5,25,232.5,-45.0,0,1351.0,0.0,0,2
1351.0,J3,156,17.57,13.72,43.0,180.0,24,217.5,-37.5,0,1351.0,0.0,0,2
1351.0,J1,156,17.57,13.72,43.0,187.5,25,232.5,-45.0,0,1351.0,0.0,0,2
1352.0,J2,156,18.67,9.98,42.0,142.5,19,232.5,-90.0,0,1352.0,0.0,0,2
1352.0,J3,156,18.67,9.98,42.0,150.0,20,217.5,-67.5,0,1352.0,0.0,0,2
1352.0,J1,156,18.67,9.98,42.0,157.5,21,232.5,-75.0,0,1352.0,0.0,0,2
1353.0,J2,157,20.56,6.67,41.0,97.5,13,232.5,-135.0,0,1353.0,0.0,0,2
1353.0,J3,157,20.56,6.67,41.0,105.0,14,217.5,-112.5,0,1353.0,0.0,0,2
1353.0,J1,157,20.56,6.67,41.0,120.0,16,232.5,-112.5,0,1353.0,0.0,0,2
1354.0,J2,155,22.19,4.0,40.0,52.5,7,232.5,-180.0,0,1354.0,0.0,0,2
1354.0,J3,155,22.19,4.0,40.0,67.5,9,225.0,-157.5,0,1354.0,0.0,0,2
1354.0,J1,155,22.19,4.0,40.0,90.0,12,232.5,-142.5,0,1354.0,0.0,0,2
1355.0,J2,153,24.26,2.08,38.0,22.5,3,232.5,-210.0,0,1355.0,0.0,0,2
1355.0,J3,153,24.26,2.08,38.0,30.0,4,225.0,-195.0,0,1355.0,0.0,0,2
1355.0,J1,153,24.26,2.08,38.0,67.5,9,232.5,-165.0,0,1355.0,0.0,0,2
1356.0,J2,153,26.86,0.76,35.0,7.5,1,187.5,-180.0,0,1356.0,0.0,0,2
1356.0,J3,153,26.86,0.76,35.0,15.0,2,180.0,-165.0,0,1356.0,0.0,0,2
1356.0,J1,153,26.86,0.76,35.0,45.0,6,187.5,-142.5,0,1356.0,0.0,0,2
1357.0,J2,155,29.44,0.26,16.0,15.0,2,142.5,-127.5,0,1357.0,0.0,0,2
1357.0,J3,155,29.44,0.26,16.0,7.5,1,150.0,-142.5,0,1357.0,0.0,0,2
1357.0,J1,155,29.44,0.26,16.0,22.5,3,157.5,-135.0,0,1357.0,0.0,0,2
1358.0,J2,154,31.04,0.2,7.0,22.5,3,97.5,-75.0,0,1358.0,0.0,0,2
1358.0,J3,154,31.04,0.2,7.0,7.5,1,105.0,-97.5,0,1358.0,0.0,0,2
1358.0,J1,154,31.04,0.2,7.0,15.0,2,120.0,-105.0,0,1358.0,0.0,0,2
1359.0,J2,154,32.96,0.27,8.0,37.5,5,52.5,-15.0,0,1359.0,0.0,0,2
1359.0,J3,154,32.96,0.27,8.0,15.0,2,67.5,-52.5,0,1359.0,0.0,0,2
1359.0,J1,154,32.96,0.27,8.0,15.0,2,90.0,-75.0,0,1359.0,0.0,0,2
1360.0,J2,156,34.76,0.34,9.0,45.0,6,22.5,22.5,0,1360.0,0.0,0,2
1360.0,J3,156,34.76,0.34,9.0,22.5,3,30.0,-7.5,0,1360.0,0.0,0,2
1360.0,J1,156,34.76,0.34,9.0,15.0,2,67.5,-52.5,0,1360.0,0.0,0,2
1361.0,J2,156,35.83,0.42,10.0,45.0,6,7.5,37.5,0,1361.0,0.0,0,2
1361.0,J3,156,35.83,0.42,10.0,22.5,3,15.0,7.5,0,1361.0,0.0,0,2
1361.0,J1,156,35.83,0.42,10.0,15.0,2,45.0,-30.0,0,1361.0,0.0,0,2
1362.0,J2,155,36.77,0.45,11.0,37.5,5,15.0,22.5,0,1362.0,0.0,0,2
1362.0,J3,155,36.77,0.45,11.0,22.5,3,7.5,15.0,0,1362.0,0.0,0,2
1362.0,J1,155,36.77,0.45,11.0,15.0,2,22.5,-7.5,0,1362.0,0.0,0,2
1363.0,J2,155,37.55,0.53,12.0,45.0,6,22.5,22.5,0,1363.0,0.0,0,2
1363.0,J3,155,37.55,0.53,12.0,22.5,3,7.5,15.0,0,1363.0,0.0,0,2
1363.0,J1,155,37.55,0.53,12.0,15.0,2,15.0,0.0,0,1363.0,0.0,0,2
1364.0,J2,155,37.86,0.61,13.0,52.5,7,37.5,15.0,0,1364.0,0.0,0,2
1364.0,J3,155,37.86,0.61,13.0,22.5,3,15.0,7.5,0,1364.0,0.0,0,2
1364.0,J1,155,37.86,0.61,13.0,15.0,2,15.0,0.0,0,1364.0,0.0,0,2
1365.0,J2,155,37.9,0.71,14.0,67.5,9,45.0,22.5,0,1365.0,0.0,0,2
1365.0,J3,155,37.9,0.71,14.0,22.5,3,22.5,0.0,0,1365.0,0.0,0,2
1365.0,J1,155,37.9,0.71,14.0,15.0,2,15.0,0.0,0,1365.0,0.0,0,2
1366.0,J2,156,38.6,0.72,15.0,52.5,7,45.0,7.5,0,1366.0,0.0,0,2
1366.0,J3,156,38.6,0.72,15.0,22.5,3,22.5,0.0,0,1366.0,7.5,0,2
1366.0,J1,156,38.6,0.72,15.0,15.0,2,15.0,0.0,0,1366.0,0.0,0,2
1367.0,J2,155,38.81,0.73,16.0,52.5,7,37.5,15.0,0,1367.0,0.0,0,2
1367.0,J3,155,38.81,0.73,16.0,22.5,3,22.5,0.0,0,1367.0,7.5,0,2
1367.0,J1,155,38.81,0.73,16.0,15.0,2,15.0,0.0,0,1367.0,0.0,0,2
1368.0,J2,155,38.85,0.81,17.0,52.5,7,45.0,7.5,0,1368.0,0.0,0,2
1368.0,J3,155,38.85,0.81,17.0,22.5,3,22.5,0.0,0,1368.0,7.5,0,2
1368.0,J1,155,38.85,0.81,17.0,15.0,2,15.0,0.0,0,1368.0,0.0,0,2
1369.0,J2,153,39.25,0.9,18.0,52.5,7,52.5,0.0,0,1369.0,0.0,0,2
1369.0,J3,153,39.25,0.9,18.0,22.5,3,22.5,0.0,0,1369.0,15.0,0,2
1369.0,J1,153,39.25,0.9,18.0,15.0,2,15.0,0.0,0,1369.0,15.0,0,2
1370.0,J2,154,39.5,0.97,19.0,52.5,7,67.5,-15.0,0,1370.0,0.0,0,2
1370.0,J3,154,39.5,0.97,19.0,22.5,3,22.5,0.0,0,1370.0,37.5,1,2
1370.0,J1,154,39.5,0.97,19.0,15.0,2,15.0,0.0,0,1370.0,30.0,0,2
1371.0,J2,155,39.58,1.04,20.0,52.5,7,52.5,0.0,0,1371.0,0.0,0,2
1371.0,J3,155,39.58,1.04,20.0,22.5,3,22.5,0.0,0,1371.0,45.0,1,2
1371.0,J1,155,39.58,1.04,20.0,15.0,2,15.0,0.0,0,1371.0,30.0,0,2
1372.0,J2,155,39.58,1.12,21.0,52.5,7,52.5,0.0,0,1372.0,0.0,0,2
1372.0,J3,155,39.58,1.12,21.0,22.5,3,22.5,0.0,0,1372.0,45.0,1,2
1372.0,J1,155,39.58,1.12,21.0,15.0,2,15.0,0.0,0,1372.0,30.0,0,2
1373.0,J2,156,39.76,1.19,22.0,52.5,7,52.5,0.0,0,1373.0,0.0,0,2
1373.0,J3,156,39.76,1.19,22.0,22.5,3,22.5,0.0,0,1373.0,52.5,1,2
1373.0,J1,156,39.76,1.19,22.0,15.0,2,15.0,0.0,0,1373.0,30.0,0,2
1374.0,J2,157,39.57,1.25,23.0,52.5,7,52.5,0.0,0,1374.0,0.0,0,2
1374.0,J3,157,39.57,1.25,23.0,22.5,3,22.5,0.0,0,1374.0,52.5,1,2
1374.0,J1,157,39.57,1.25,23.0,15.0,2,15.0,0.0,0,1374.0,30.0,0,2
1375.0,J2,155,39.6,1.35,24.0,60.0,8,52.5,7.5,0,1375.0,0.0,0,2
1375.0,J3,155,39.6,1.35,24.0,22.5,3,22.5,0.0,0,1375.0,52.5,1,2
1375.0,J1,155,39.6,1.35,24.0,15.0,2,15.0,0.0,0,1375.0,37.5,1,2
1376.0,J2,156,39.46,1.43,25.0,60.0,8,52.5,7.5,0,1376.0,0.0,0,2
1376.0,J3,156,39.46,1.43,25.0,22.5,3,22.5,0.0,0,1376.0,52.5,1,2
1376.0,J1,156,39.46,1.43,25.0,15.0,2,15.0,0.0,0,1376.0,37.5,1,2
1377.0,J2,154,39.66,1.54,26.0,67.5,9,52.5,15.0,0,1377.0,0.0,0,2
1377.0,J3,154,39.66,1.54,26.0,22.5,3,22.5,0.0,0,1377.0,52.5,1,2
1377.0,J1,154,39.66,1.54,26.0,15.0,2,15.0,0.0,0,1377.0,37.5,1,2
1378.0,J2,154,39.37,1.63,27.0,67.5,9,52.5,15.0,0,1378.0,0.0,0,2
1378.0,J3,154,39.37,1.63,27.0,22.5,3,22.5,0.0,0,1378.0,52.5,1,2
1378.0,J1,154,39.37,1.63,27.0,15.0,2,15.0,0.0,0,1378.0,37.5,1,2
1379.0,J2,154,39.44,1.72,28.0,67.5,9,52.5,15.0,0,1379.0,0.0,0,2
1379.0,J3,154,39.44,1.72,28.0,22.5,3,22.5,0.0,0,1379.0,52.5,1,2
1379.0,J1,154,39.44,1.72,28.0,15.0,2,15.0,0.0,0,1379.0,37.5,1,2
1380.0,J2,153,39.64,1.82,29.0,67.5,9,60.0,7.5,0,1380.0,0.0,0,2
1380.0,J3,153,39.64,1.82,29.0,22.5,3,22.5,0.0,0,1380.0,52.5,1,2
1380.0,J1,153,39.64,1.82,29.0,15.0,2,15.0,0.0,0,1380.0,37.5,1,2
1381.0,J2,150,39.28,1.95,30.0,67.5,9,60.0,7.5,0,1381.0,0.0,0,2
1381.0,J3,150,39.28,1.95,30.0,22.5,3,22.5,0.0,0,1381.0,52.5,1,2
1381.0,J1,150,39.28,1.95,30.0,15.0,2,15.0,0.0,0,1381.0,37.5,1,2
1382.0,J2,150,39.4,2.05,31.0,67.5,9,67.5,0.0,0,1382.0,0.0,0,2
1382.0,J3,150,39.4,2.05,31.0,22.5,3,22.5,0.0,0,1382.0,52.5,1,2
1382.0,J1,150,39.4,2.05,31.0,15.0,2,15.0,0.0,0,1382.0,37.5,1,2
1383.0,J2,152,39.39,2.11,32.0,67.5,9,67.5,0.0,0,1383.0,0.0,0,2
1383.0,J3,152,39.39,2.11,32.0,22.5,3,22.5,0.0,0,1383.0,52.5,1,2
1383.0,J1,152,39.39,2.11,32.0,15.0,2,15.0,0.0,0,1383.0,37.5,1,2
1384.0,J2,152,39.3,2.2,33.0,67.5,9,67.5,0.0,0,1384.0,0.0,0,2
1384.0,J3,152,39.3,2.2,33.0,22.5,3,22.5,0.0,0,1384.0,52.5,1,2
1384.0,J1,152,39.3,2.2,33.0,15.0,2,15.0,0.0,0,1384.0,37.5,1,2
1385.0,J2,152,39.36,2.3,34.0,67.5,9,67.5,0.0,0,1385.0,0.0,0,2
1385.0,J3,152,39.36,2.3,34.0,22.5,3,22.5,0.0,0,1385.0,52.5,1,2
1385.0,J1,152,39.36,2.3,34.0,15.0,2,15.0,0.0,0,1385.0,37.5,1,2
1386.0,J2,152,39.21,2.39,35.0,67.5,9,67.5,0.0,0,1386.0,0.0,0,2
1386.0,J3,152,39.21,2.39,35.0,22.5,3,22.5,0.0,0,1386.0,52.5,1,2
1386.0,J1,152,39.21,2.39,35.0,15.0,2,15.0,0.0,0,1386.0,37.5,1,2
1387.0,J2,153,38.61,2.46,36.0,67.5,9,67.5,0.0,0,1387.0,0.0,0,2
1387.0,J3,153,38.61,2.46,36.0,22.5,3,22.5,0.0,0,1387.0,52.5,1,2
1387.0,J1,153,38.61,2.46,36.0,15.0,2,15.0,0.0,0,1387.0,37.5,1,2
1388.0,J2,154,38.42,2.55,37.0,75.0,10,67.5,7.5,0,1388.0,0.0,0,2
1388.0,J3,154,38.42,2.55,37.0,22.5,3,22.5,0.0,0,1388.0,52.5,1,2
1388.0,J1,154,38.42,2.55,37.0,15.0,2,15.0,0.0,0,1388.0,37.5,1,2
1389.0,J2,154,37.98,2.65,38.0,82.5,11,67.5,15.0,0,1389.0,0.0,0,2
1389.0,J3,154,37.98,2.65,38.0,22.5,3,22.5,0.0,0,1389.0,52.5,1,2
1389.0,J1,154,37.98,2.65,38.0,15.0,2,15.0,0.0,0,1389.0,37.5,1,2
1390.0,J2,155,37.63,2.74,39.0,90.0,12,67.5,22.5,0,1390.0,0.0,0,2
1390.0,J3,155,37.63,2.74,39.0,22.5,3,22.5,0.0,0,1390.0,52.5,1,2
1390.0,J1,155,37.63,2.74,39.0,15.0,2,15.0,0.0,0,1390.0,37.5,1,2
1391.0,J2,156,37.47,2.83,40.0,90.0,12,67.5,22.5,0,1391.0,0.0,0,2
1391.0,J3,156,37.47,2.83,40.0,22.5,3,22.5,0.0,0,1391.0,52.5,1,2
1391.0,J1,156,37.47,2.83,40.0,15.0,2,15.0,0.0,0,1391.0,37.5,1,2
1392.0,J2,155,37.37,2.97,41.0,90.0,12,67.5,22.5,0,1392.0,0.0,0,2
1392.0,J3,155,37.37,2.97,41.0,30.0,4,22.5,7.5,0,1392.0,52.5,1,2
1392.0,J1,155,37.37,2.97,41.0,22.5,3,15.0,7.5,0,1392.0,37.5,1,2
1393.0,J2,154,37.11,3.12,42.0,97.5,13,75.0,22.5,1,1393.0,0.0,0,2
1393.0,J3,154,37.11,3.12,42.0,30.0,4,22.5,7.5,1,1393.0,52.5,1,2
1393.0,J1,154,37.11,3.12,42.0,22.5,3,15.0,7.5,1,1393.0,37.5,1,2
1394.0,J2,153,36.3,3.27,43.0,97.5,13,82.5,15.0,1,1394.0,0.0,0,2
1394.0,J3,153,36.3,3.27,43.0,30.0,4,22.5,7.5,1,1394.0,52.5,1,2
1394.0,J1,153,36.3,3.27,43.0,22.5,3,15.0,7.5,1,1394.0,37.5,1,2
1395.0,J2,154,35.7,3.38,44.0,97.5,13,90.0,7.5,1,1395.0,0.0,0,2
1395.0,J3,154,35.7,3.38,44.0,30.0,4,22.5,7.5,1,1395.0,52.5,1,2
1395.0,J1,154,35.7,3.38,44.0,22.5,3,15.0,7.5,1,1395.0,37.5,1,2
1396.0,J2,152,34.64,1.53,38.0,82.5,11,90.0,-7.5,2,1396.0,0.0,0,2
1396.0,J3,152,34.64,1.53,38.0,15.0,2,22.5,-7.5,2,1396.0,52.5,1,2
1396.0,J1,152,34.64,1.53,38.0,0.0,0,15.0,-15.0,2,1396.0,37.5,1,2
1397.0,J2,149,33.65,0.79,35.0,60.0,8,90.0,-30.0,2,1397.0,0.0,0,2
1397.0,J3,149,33.65,0.79,35.0,0.0,0,30.0,-30.0,2,1397.0,52.5,1,2
1397.0,J1,149,33.65,0.79,35.0,0.0,0,22.5,-22.5,2,1397.0,37.5,1,2
1398.0,J2,147,32.23,0.39,24.0,52.5,7,97.5,-45.0,2,1398.0,0.0,0,2
1398.0,J3,147,32.23,0.39,24.0,0.0,0,30.0,-30.0,2,1398.0,52.5,1,2
1398.0,J1,147,32.23,0.39,24.0,7.5,1,22.5,-15.0,2,1398.0,37.5,1,2
1399.0,J2,146,31.16,0.23,10.0,45.0,6,97.5,-52.5,2,1399.0,0.0,0,2
1399.0,J3,146,31.16,0.23,10.0,15.0,2,30.0,-15.0,2,1399.0,52.5,1,2
1399.0,J1,146,31.16,0.23,10.0,7.5,1,22.5,-15.0,2,1399.0,37.5,1,2
1400.0,J2,144,30.4,0.19,5.0,52.5,7,97.5,-45.0,2,1400.0,0.0,0,2
1400.0,J3,144,30.4,0.19,5.0,22.5,3,30.0,-7.5,2,1400.0,52.5,1,2
1400.0,J1,144,30.4,0.19,5.0,15.0,2,22.5,-7.5,2,1400.0,37.5,1,2
1401.0,J2,144,29.68,0.28,6.0,82.5,11,82.5,0.0,2,1401.0,0.0,0,2
1401.0,J3,144,29.68,0.28,6.0,22.5,3,15.0,7.5,2,1401.0,52.5,1,2
1401.0,J1,144,29.68,0.28,6.0,30.0,4,0.0,30.0,2,1401.0,37.5,1,2
1402.0,J2,144,28.99,0.4,7.0,75.0,10,60.0,15.0,2,1402.0,0.0,0,2
1402.0,J3,144,28.99,0.4,7.0,30.0,4,0.0,30.0,2,1402.0,52.5,1,2
1402.0,J1,144,28.99,0.4,7.0,45.0,6,0.0,45.0,2,1402.0,37.5,1,2
1403.0,J2,143,28.24,0.57,8.0,82.5,11,52.5,30.0,2,1403.0,0.0,0,2
1403.0,J3,143,28.24,0.57,8.0,45.0,6,0.0,45.0,2,1403.0,52.5,1,2
1403.0,J1,143,28.24,0.57,8.0,52.5,7,7.5,45.0,2,1403.0,37.5,1,2
1404.0,J2,143,27.43,0.77,9.0,105.0,14,45.0,60.0,2,1404.0,0.0,0,2
1404.0,J3,143,27.43,0.77,9.0,60.0,8,15.0,45.0,2,1404.0,52.5,1,2
1404.0,J1,143,27.43,0.77,9.0,52.5,7,7.5,45.0,2,1404.0,37.5,1,2
1405.0,J2,141,27.03,1.01,10.0,112.5,15,52.5,60.0,2,1405.0,0.0,0,2
1405.0,J3,141,27.03,1.01,10.0,67.5,9,22.5,45.0,2,1405.0,52.5,1,2
1405.0,J1,141,27.03,1.01,10.0,67.5,9,15.0,52.5,2,1405.0,37.5,1,2
1406.0,J2,140,26.35,1.29,11.0,127.5,17,82.5,45.0,2,1406.0,0.0,0,2
1406.0,J3,140,26.35,1.29,11.0,75.0,10,22.5,52.5,2,1406.0,52.5,1,2
1406.0,J1,140,26.35,1.29,11.0,75.0,10,30.0,45.0,2,1406.0,37.5,1,2
1407.0,J2,137,25.23,1.61,12.0,142.5,19,75.0,67.5,2,1407.0,0.0,0,2
1407.0,J3,137,25.23,1.61,12.0,82.5,11,30.0,52.5,2,1407.0,52.5,1,2
1407.0,J1,137,25.23,1.61,12.0,82.5,11,45.0,37.5,2,1407.0,37.5,1,2
1408.0,J2,136,25.07,1.96,13.0,157.5,21,82.5,75.0,2,1408.0,0.0,0,2
1408.0,J3,136,25.07,1.96,13.0,90.0,12,45.0,45.0,2,1408.0,52.5,1,2
1408.0,J1,136,25.07,1.96,13.0,97.5,13,52.5,45.0,2,1408.0,37.5,1,2
1409.0,J2,136,24.84,2.32,14.0,165.0,22,105.0,60.0,2,1409.0,0.0,0,2
1409.0,J3,136,24.84,2.32,14.0,97.5,13,60.0,37.5,2,1409.0,52.5,1,2
1409.0,J1,136,24.84,2.32,14.0,105.0,14,52.5,52.5,2,1409.0,37.5,1,2
1410.0,J2,136,24.76,2.71,15.0,172.5,23,112.5,60.0,2,1410.0,0.0,0,2
1410.0,J3,136,24.76,2.71,15.0,97.5,13,67.5,30.0,2,1410.0,52.5,1,2
1410.0,J1,136,24.76,2.71,15.0,120.0,16,67.5,52.5,2,1410.0,37.5,1,2
1411.0,J2,135,24.33,3.13,16.0,172.5,23,127.5,45.0,2,1411.0,0.0,0,2
1411.0,J3,135,24.33,3.13,16.0,105.0,14,75.0,30.0,2,1411.0,30.0,0,2
1411.0,J1,135,24.33,3.13,16.0,127.5,17,75.0,52.5,2,1411.0,15.0,0,2
1412.0,J2,136,24.26,3.53,17.0,172.5,23,142.5,30.0,2,1412.0,0.0,0,2
1412.0,J3,136,24.26,3.53,17.0,127.5,17,82.5,45.0,2,1412.0,7.5,0,2
1412.0,J1,136,24.26,3.53,17.0,135.0,18,82.5,52.5,2,1412.0,0.0,0,2
1413.0,J2,137,24.43,3.93,18.0,172.5,23,157.5,15.0,2,1413.0,0.0,0,2
1413.0,J3,137,24.43,3.93,18.0,127.5,17,90.0,37.5,2,1413.0,0.0,0,2
1413.0,J1,137,24.43,3.93,18.0,135.0,18,97.5,37.5,2,1413.0,0.0,0,2
1414.0,J2,135,24.17,4.41,19.0,172.5,23,165.0,7.5,2,1414.0,0.0,0,2
1414.0,J3,135,24.17,4.41,19.0,127.5,17,97.5,30.0,2,1414.0,0.0,0,2
1414.0,J1,135,24.17,4.41,19.0,135.0,18,105.0,30.0,2,1414.0,0.0,0,2
1415.0,J2,134,24.05,4.88,20.0,172.5,23,172.5,0.0,2,1415.0,0.0,0,2
1415.0,J3,134,24.05,4.88,20.0,127.5,17,97.5,30.0,2,1415.0,0.0,0,2
1415.0,J1,134,24.05,4.88,20.0,135.0,18,120.0,15.0,2,1415.0,0.0,0,2
1416.0,J2,135,24.09,5.28,21.0,172.5,23,172.5,0.0,2,1416.0,0.0,0,2
1416.0,J3,135,24.09,5.28,21.0,127.5,17,105.0,22.5,2,1416.0,0.0,0,2
1416.0,J1,135,24.09,5.28,21.0,142.5,19,127.5,15.0,2,1416.0,0.0,0,2
1417.0,J2,135,23.84,5.72,22.0,172.5,23,172.5,0.0,2,1417.0,0.0,0,2
1417.0,J3,135,23.84,5.72,22.0,127.5,17,127.5,0.0,2,1417.0,0.0,0,2
1417.0,J1,135,23.84,5.72,22.0,142.5,19,135.0,7.5,2,1417.0,0.0,0,2
1418.0,J2,135,23.67,6.16,23.0,172.5,23,172.5,0.0,2,1418.0,0.0,0,2
1418.0,J3,135,23.67,6.16,23.0,127.5,17,127.5,0.0,2,1418.0,0.0,0,2
1418.0,J1,135,23.67,6.16,23.0,142.5,19,135.0,7.5,2,1418.0,0.0,0,2
1419.0,J2,135,23.52,6.59,24.0,172.5,23,172.5,0.0,2,1419.0,0.0,0,2
1419.0,J3,135,23.52,6.59,24.0,127.5,17,127.5,0.0,2,1419.0,0.0,0,2
1419.0,J1,135,23.52,6.59,24.0,142.5,19,135.0,7.5,2,1419.0,0.0,0,2
1420.0,J2,137,23.75,6.93,25.0,172.5,23,172.5,0.0,2,1420.0,0.0,0,2
1420.0,J3,137,23.75,6.93,25.0,127.5,17,127.5,0.0,2,1420.0,0.0,0,2
1420.0,J1,137,23.75,6.93,25.0,142.5,19,135.0,7.5,2,1420.0,0.0,0,2
1421.0,J2,138,23.43,7.3,26.0,172.5,23,172.5,0.0,2,1421.0,0.0,0,2
1421.0,J3,138,23.43,7.3,26.0,127.5,17,127.5,0.0,2,1421.0,0.0,0,2
1421.0,J1,138,23.43,7.3,26.0,142.5,19,142.5,0.0,2,1421.0,0.0,0,2
1422.0,J2,139,23.16,7.69,27.0,180.0,24,172.5,7.5,2,1422.0,0.0,0,2
1422.0,J3,139,23.16,7.69,27.0,127.5,17,127.5,0.0,2,1422.0,0.0,0,2
1422.0,J1,139,23.16,7.69,27.0,150.0,20,142.5,7.5,2,1422.0,0.0,0,2
1423.0,J2,140,23.48,8.08,28.0,180.0,24,172.5,7.5,2,1423.0,0.0,0,2
1423.0,J3,140,23.48,8.08,28.0,135.0,18,127.5,7.5,2,1423.0,0.0,0,2
1423.0,J1,140,23.48,8.08,28.0,150.0,20,142.5,7.5,2,1423.0,0.0,0,2
1424.0,J2,141,23.52,8.47,29.0,187.5,25,172.5,15.0,2,1424.0,0.0,0,2
1424.0,J3,141,23.52,8.47,29.0,135.0,18,127.5,7.5,2,1424.0,0.0,0,2
1424.0,J1,141,23.52,8.47,29.0,150.0,20,142.5,7.5,2,1424.0,0.0,0,2
1425.0,J2,141,23.25,8.92,30.0,187.5,25,172.5,15.0,2,1425.0,0.0,0,2
1425.0,J3,141,23.25,8.92,30.0,135.0,18,127.5,7.5,2,1425.0,0.0,0,2
1425.0,J1,141,23.25,8.92,30.0,157.5,21,142.5,15.0,2,1425.0,0.0,0,2
1426.0,J2,142,22.68,9.31,31.0,187.5,25,172.5,15.0,2,1426.0,0.0,0,2
1426.0,J3,142,22.68,9.31,31.0,135.0,18,127.5,7.5,2,1426.0,0.0,0,2
1426.0,J1,142,22.68,9.31,31.0,157.5,21,142.5,15.0,2,1426.0,0.0,0,2
1427.0,J2,144,22.09,9.63,32.0,187.5,25,180.0,7.5,2,1427.0,0.0,0,2
1427.0,J3,144,22.09,9.63,32.0,142.5,19,127.5,15.0,2,1427.0,0.0,0,2
1427.0,J1,144,22.09,9.63,32.0,157.5,21,150.0,7.5,2,1427.0,0.0,0,2
1428.0,J2,145,21.56,10.01,33.0,187.5,25,180.0,7.5,2,1428.0,0.0,0,2
1428.0,J3,145,21.56,10.01,33.0,142.5,19,135.0,7.5,2,1428.0,0.0,0,2
1428.0,J1,145,21.56,10.01,33.0,157.5,21,150.0,7.5,2,1428.0,0.0,0,2
1429.0,J2,146,21.44,10.41,34.0,187.5,25,187.5,0.0,2,1429.0,0.0,0,2
1429.0,J3,146,21.44,10.41,34.0,150.0,20,135.0,15.0,2,1429.0,0.0,0,2
1429.0,J1,146,21.44,10.41,34.0,172.5,23,150.0,22.5,2,1429.0,0.0,0,2
1430.0,J2,142,20.31,11.2,35.0,195.0,26,187.5,7.5,2,1430.0,0.0,0,2
1430.0,J3,142,20.31,11.2,35.0,150.0,20,135.0,15.0,2,1430.0,0.0,0,2
1430.0,J1,142,20.31,11.2,35.0,180.0,24,157.5,22.5,2,1430.0,0.0,0,2
1431.0,J2,142,20.27,11.7,36.0,202.5,27,187.5,15.0,2,1431.0,0.0,0,2
1431.0,J3,142,20.27,11.7,36.0,150.0,20,135.0,15.0,2,1431.0,0.0,0,2
1431.0,J1,142,20.27,11.7,36.0,180.0,24,157.5,22.5,2,1431.0,0.0,0,2
1432.0,J2,144,20.41,12.04,37.0,202.5,27,187.5,15.0,2,1432.0,0.0,0,2
1432.0,J3,144,20.41,12.04,37.0,157.5,21,142.5,15.0,2,1432.0,0.0,0,2
1432.0,J1,144,20.41,12.04,37.0,187.5,25,157.5,30.0,2,1432.0,0.0,0,2
1433.0,J2,144,20.15,12.56,38.0,202.5,27,187.5,15.0,2,1433.0,0.0,0,2
1433.0,J3,144,20.15,12.56,38.0,157.5,21,142.5,15.0,2,1433.0,0.0,0,2
1433.0,J1,144,20.15,12.56,38.0,195.0,26,157.5,37.5,2,1433.0,0.0,0,2
1434.0,J2,144,20.09,13.07,39.0,202.5,27,187.5,15.0,2,1434.0,0.0,0,2
1434.0,J3,144,20.09,13.07,39.0,157.5,21,150.0,7.5,2,1434.0,0.0,0,2
1434.0,J1,144,20.09,13.07,39.0,195.0,26,172.5,22.5,2,1434.0,0.0,0,2
1435.0,J2,143,19.78,13.69,40.0,210.0,28,195.0,15.0,2,1435.0,0.0,0,2
1435.0,J3,143,19.78,13.69,40.0,157.5,21,150.0,7.5,2,1435.0,0.0,0,2
1435.0,J1,143,19.78,13.69,40.0,195.0,26,180.0,15.0,2,1435.0,0.0,0,2
1436.0,J2,141,19.06,14.43,41.0,210.0,28,202.5,7.5,2,1436.0,0.0,0,2
1436.0,J3,141,19.06,14.43,41.0,165.0,22,150.0,15.0,2,1436.0,0.0,0,2
1436.0,J1,141,19.06,14.43,41.0,202.5,27,180.0,22.5,2,1436.0,0.0,0,2
1437.0,J2,141,18.83,14.97,42.0,210.0,28,202.5,7.5,2,1437.0,0.0,0,2
1437.0,J3,141,18.83,14.97,42.0,165.0,22,157.5,7.5,2,1437.0,0.0,0,2
1437.0,J1,141,18.83,14.97,42.0,202.5,27,187.5,15.0,2,1437.0,0.0,0,2
1438.0,J2,142,18.98,15.41,43.0,210.0,28,202.5,7.5,3,1438.0,0.0,0,2
1438.0,J3,142,18.98,15.41,43.0,165.0,22,157.5,7.5,3,1438.0,0.0,0,2
1438.0,J1,142,18.98,15.41,43.0,202.5,27,195.0,7.5,3,1438.0,0.0,0,2
1439.0,J2,143,19.02,15.84,44.0,210.0,28,202.5,7.5,3,1439.0,0.0,0,2
1439.0,J3,143,19.02,15.84,44.0,165.0,22,157.5,7.5,3,1439.0,0.0,0,2
1439.0,J1,143,19.02,15.84,44.0,202.5,27,195.0,7.5,3,1439.0,0.0,0,2
1440.0,J2,141,18.29,16.61,45.0,210.0,28,210.0,0.0,3,1440.0,0.0,0,2
1440.0,J3,141,18.29,16.61,45.0,165.0,22,157.5,7.5,3,1440.0,0.0,0,2
1440.0,J1,141,18.29,16.61,45.0,202.5,27,195.0,7.5,3,1440.0,0.0,0,2
1441.0,J2,140,18.72,12.12,43.0,165.0,22,210.0,-45.0,0,1441.0,0.0,0,2
1441.0,J3,140,18.72,12.12,43.0,120.0,16,165.0,-45.0,0,1441.0,0.0,0,2
1441.0,J1,140,18.72,12.12,43.0,157.5,21,202.5,-45.0,0,1441.0,0.0,0,2
1442.0,J2,139,19.88,7.99,41.0,120.0,16,210.0,-90.0,0,1442.0,0.0,0,2
1442.0,J3,139,19.88,7.99,41.0,90.0,12,165.0,-75.0,0,1442.0,0.0,0,2
1442.0,J1,139,19.88,7.99,41.0,112.5,15,202.5,-90.0,0,1442.0,0.0,0,2
1443.0,J2,141,22.42,4.51,41.0,75.0,10,210.0,-135.0,0,1443.0,0.0,0,2
1443.0,J3,141,22.42,4.51,41.0,45.0,6,165.0,-120.0,0,1443.0,0.0,0,2
1443.0,J1,141,22.42,4.51,41.0,67.5,9,202.5,-135.0,0,1443.0,0.0,0,2
1444.0,J2,142,25.09,2.08,36.0,45.0,6,210.0,-165.0,0,1444.0,0.0,0,2
1444.0,J3,142,25.09,2.08,36.0,15.0,2,165.0,-150.0,0,1444.0,0.0,0,2
1444.0,J1,142,25.09,2.08,36.0,45.0,6,202.5,-157.5,0,1444.0,0.0,0,2
1445.0,J2,142,27.55,0.73,24.0,22.5,3,210.0,-187.5,0,1445.0,0.0,0,2
1445.0,J3,142,27.55,0.73,24.0,7.5,1,165.0,-157.5,0,1445.0,0.0,0,2
1445.0,J1,142,27.55,0.73,24.0,22.5,3,202.5,-180.0,0,1445.0,0.0,0,2
1446.0,J2,143,30.61,0.14,17.0,15.0,2,165.0,-150.0,0,1446.0,0.0,0,2
1446.0,J3,143,30.61,0.14,17.0,0.0,0,120.0,-120.0,0,1446.0,0.0,0,2
1446.0,J1,143,30.61,0.14,17.0,0.0,0,157.5,-157.5,0,1446.0,0.0,0,2
1447.0,J2,142,32.89,0.04,4.0,7.5,1,120.0,-112.5,0,1447.0,0.0,0,2
1447.0,J3,142,32.89,0.04,4.0,0.0,0,90.0,-90.0,0,1447.0,0.0,0,2
1447.0,J1,142,32.89,0.04,4.0,0.0,0,112.5,-112.5,0,1447.0,0.0,0,2
1448.0,J2,140,34.96,0.05,5.0,7.5,1,75.0,-67.5,0,1448.0,0.0,0,2
1448.0,J3,140,34.96,0.05,5.0,0.0,0,45.0,-45.0,0,1448.0,0.0,0,2
1448.0,J1,140,34.96,0.05,5.0,0.0,0,67.5,-67.5,0,1448.0,0.0,0,2
1449.0,J2,140,36.44,0.07,6.0,7.5,1,45.0,-37.5,0,1449.0,0.0,0,2
1449.0,J3,140,36.44,0.07,6.0,0.0,0,15.0,-15.0,0,1449.0,0.0,0,2
1449.0,J1,140,36.44,0.07,6.0,7.5,1,45.0,-37.5,0,1449.0,0.0,0,2
1450.0,J2,139,37.48,0.1,7.0,15.0,2,22.5,-7.5,0,1450.0,0.0,0,2
1450.0,J3,139,37.48,0.1,7.0,0.0,0,7.5,-7.5,0,1450.0,0.0,0,2
1450.0,J1,139,37.48,0.1,7.0,7.5,1,22.5,-15.0,0,1450.0,0.0,0,2
1451.0,J2,138,38.3,0.12,8.0,7.5,1,15.0,-7.5,0,1451.0,0.0,0,2
1451.0,J3,138,38.3,0.12,8.0,0.0,0,0.0,0.0,0,1451.0,0.0,0,2
1451.0,J1,138,38.3,0.12,8.0,15.0,2,0.0,15.0,0,1451.0,0.0,0,2
1452.0,J2,137,39.27,0.17,9.0,7.5,1,7.5,0.0,0,1452.0,0.0,0,2
1452.0,J3,137,39.27,0.17,9.0,7.5,1,0.0,7.5,0,1452.0,0.0,0,2
1452.0,J1,137,39.27,0.17,9.0,22.5,3,0.0,22.5,0,1452.0,0.0,0,2
1453.0,J2,137,39.99,0.21,10.0,7.5,1,7.5,0.0,0,1453.0,0.0,0,2
1453.0,J3,137,39.99,0.21,10.0,7.5,1,0.0,7.5,0,1453.0,0.0,0,2
1453.0,J1,137,39.99,0.21,10.0,22.5,3,0.0,22.5,0,1453.0,0.0,0,2
1454.0,J2,138,40.19,0.25,11.0,7.5,1,7.5,0.0,0,1454.0,0.0,0,2
1454.0,J3,138,40.19,0.25,11.0,7.5,1,0.0,7.5,0,1454.0,0.0,0,2
1454.0,J1,138,40.19,0.25,11.0,22.5,3,7.5,15.0,0,1454.0,0.0,0,2
1455.0,J2,138,40.12,0.3,12.0,7.5,1,15.0,-7.5,0,1455.0,0.0,0,2
1455.0,J3,138,40.12,0.3,12.0,7.5,1,0.0,7.5,0,1455.0,0.0,0,2
1455.0,J1,138,40.12,0.3,12.0,22.5,3,7.5,15.0,0,1455.0,0.0,0,2
1456.0,J2,138,40.36,0.35,13.0,15.0,2,7.5,7.5,0,1456.0,0.0,0,2
1456.0,J3,138,40.36,0.35,13.0,7.5,1,0.0,7.5,0,1456.0,0.0,0,2
1456.0,J1,138,40.36,0.35,13.0,22.5,3,15.0,7.5,0,1456.0,0.0,0,2
1457.0,J2,139,40.28,0.4,14.0,22.5,3,7.5,15.0,0,1457.0,0.0,0,2
1457.0,J3,139,40.28,0.4,14.0,7.5,1,7.5,0.0,0,1457.0,0.0,0,2
1457.0,J1,139,40.28,0.4,14.0,22.5,3,22.5,0.0,0,1457.0,0.0,0,2
1458.0,J2,139,40.16,0.37,15.0,22.5,3,7.5,15.0,0,1458.0,0.0,0,2
1458.0,J3,139,40.16,0.37,15.0,7.5,1,7.5,0.0,0,1458.0,0.0,0,2
1458.0,J1,139,40.16,0.37,15.0,22.5,3,22.5,0.0,0,1458.0,0.0,0,2
1459.0,J2,138,39.8,0.43,16.0,22.5,3,7.5,15.0,0,1459.0,0.0,0,2
1459.0,J3,138,39.8,0.43,16.0,7.5,1,7.5,0.0,0,1459.0,0.0,0,2
1459.0,J1,138,39.8,0.43,16.0,22.5,3,22.5,0.0,0,1459.0,0.0,0,2
1460.0,J2,138,39.77,0.49,17.0,30.0,4,7.5,22.5,0,1460.0,0.0,0,2
1460.0,J3,138,39.77,0.49,17.0,7.5,1,7.5,0.0,0,1460.0,0.0,0,2
1460.0,J1,138,39.77,0.49,17.0,30.0,4,22.5,7.5,0,1460.0,0.0,0,2
1461.0,J2,139,39.81,0.55,18.0,30.0,4,15.0,15.0,0,1461.0,0.0,0,2
1461.0,J3,139,39.81,0.55,18.0,7.5,1,7.5,0.0,0,1461.0,0.0,0,2
1461.0,J1,139,39.81,0.55,18.0,30.0,4,22.5,7.5,0,1461.0,0.0,0,2
1462.0,J2,139,39.84,0.63,19.0,30.0,4,22.5,7.5,0,1462.0,0.0,0,2
1462.0,J3,139,39.84,0.63,19.0,7.5,1,7.5,0.0,0,1462.0,0.0,0,2
1462.0,J1,139,39.84,0.63,19.0,37.5,5,22.5,15.0,0,1462.0,0.0,0,2
1463.0,J2,141,39.72,0.7,20.0,30.0,4,22.5,7.5,0,1463.0,0.0,0,2
1463.0,J3,141,39.72,0.7,20.0,7.5,1,7.5,0.0,0,1463.0,0.0,0,2
1463.0,J1,141,39.72,0.7,20.0,45.0,6,22.5,22.5,0,1463.0,0.0,0,2
1464.0,J2,141,39.28,0.77,21.0,30.0,4,22.5,7.5,0,1464.0,0.0,0,2
1464.0,J3,141,39.28,0.77,21.0,7.5,1,7.5,0.0,0,1464.0,0.0,0,2
1464.0,J1,141,39.28,0.77,21.0,45.0,6,22.5,22.5,0,1464.0,0.0,0,2
1465.0,J2,141,39.51,0.86,22.0,30.0,4,30.0,0.0,0,1465.0,0.0,0,2
1465.0,J3,141,39.51,0.86,22.0,7.5,1,7.5,0.0,0,1465.0,0.0,0,2
1465.0,J1,141,39.51,0.86,22.0,52.5,7,30.0,22.5,0,1465.0,0.0,0,2
